fixture,team,goals,assists,shots_total_x,shots_on_x,passes_total,accurate_passes,fouls_committed,yellow_cards,red_cards,minutes,tackles,interceptions,shots_accuracy_for,pass_accuracy_team,expected_goals,goals_prevented,possession,corners,shots_total_y,shots_on_y,shots_on,shots_total,dominance_index,goal_conversion_rate,shot_on_target_ratio,control_index,cards_total,fouls_per_90_team,cards_per_90_team,cards_per_foul_team,fouls_per_duel_team,aggression_index_raw,aggression_index_norm,avg_goals_last_5,avg_cards_last_5,form_index_team
Alaves vs Atletico Madrid,Alaves,1.0,0.0,4.0,2.0,377,301.0,10.0,2,0,1006,13.0,5.0,0.5,0.7984084880636605,0.0,0.0,0.0,0.0,0.0,0.0,0,0,0.0,0,0,0.5453282750395821,2,10.0,2,0.2,0.5555555555555556,5.71111111111111,0.26064634673584086,1.0,2.0,-0.09999999999999998
Alaves vs Elche,Alaves,3.0,2.0,13.0,5.0,395,328.0,13.0,3,0,998,20.0,12.0,0.38461538461538464,0.830379746835443,0.0,0.0,0.0,0.0,0.0,0.0,0,0,0.0,0,0,0.56829064861152,3,13.0,3,0.23076923076923078,0.40625,7.48125,0.40700997081712065,2.0,2.5,0.25
Alaves vs Levante,Alaves,2.0,1.0,11.0,4.0,471,382.0,15.0,0,0,1018,15.0,10.0,0.36363636363636365,0.8110403397027601,0.0,0.0,0.0,0.0,0.0,0.0,0,0,0.0,0,0,0.5880783093862638,0,15.0,0,0.0,0.6,7.62,0.41848249027237355,2.0,1.6666666666666667,0.5
Alaves vs Sevilla,Alaves,1.0,0.0,7.0,5.0,394,307.0,20.0,1,0,990,21.0,7.0,0.7142857142857143,0.7791878172588832,0.0,0.0,0.0,0.0,0.0,0.0,0,0,0.0,0,0,0.5423070869240152,1,20.0,1,0.05,0.7142857142857143,10.442857142857143,0.6518899388549194,1.75,1.5,0.42500000000000004
Athletic Club vs Alaves,Alaves,0.0,0.0,3.0,2.0,350,252.0,21.0,3,0,989,20.0,11.0,0.6666666666666666,0.72,0.0,0.0,0.0,0.0,0.0,0.0,0,0,0.0,0,0,0.4956589147286822,3,21.0,3,0.14285714285714285,0.6774193548387096,11.535483870967742,0.7422335885527802,1.4,1.8,0.15999999999999992
Getafe vs Alaves,Alaves,1.0,1.0,7.0,4.0,352,259.0,20.0,3,0,996,15.0,9.0,0.5714285714285714,0.7357954545454546,0.0,0.0,0.0,0.0,0.0,0.0,0,0,0.0,0,0,0.5043318357998591,3,20.0,3,0.15,0.8333333333333334,11.066666666666666,0.7034695201037614,1.4,2.0,0.09999999999999998
Mallorca vs Alaves,Alaves,0.0,0.0,9.0,3.0,518,445.0,18.0,3,0,990,26.0,4.0,0.3333333333333333,0.859073359073359,0.0,0.0,0.0,0.0,0.0,0.0,0,0,0.0,0,0,0.6303118733351292,3,18.0,3,0.16666666666666666,0.6,10.02,0.6169260700389105,0.8,2.0,-0.19999999999999996
Real Betis vs Alaves,Alaves,0.0,0.0,10.0,5.0,485,400.0,17.0,3,0,995,23.0,7.0,0.5,0.8247422680412371,0.0,0.0,0.0,0.0,0.0,0.0,0,0,0.0,0,0,0.6003556301446495,3,17.0,3,0.17647058823529413,0.5666666666666667,9.513333333333334,0.5750324254215305,0.4,2.6,-0.5800000000000001
Athletic Club vs Alaves,Athletic Club,0.0,0.0,7.0,3.0,461,372.0,17.0,4,0,990,20.0,10.0,0.42857142857142855,0.806941431670282,0.0,0.0,0.0,0.0,0.0,0.0,0,0,0.0,0,0,0.5821528863777766,4,17.0,4,0.23529411764705882,0.5666666666666667,9.813333333333333,0.5998378728923476,0.0,4.0,-1.2
Athletic Club vs Girona,Athletic Club,1.0,0.0,12.0,5.0,600,524.0,19.0,0,0,990,18.0,10.0,0.4166666666666667,0.8733333333333333,0.0,0.0,0.0,0.0,0.0,0.0,0,0,0.0,0,0,0.6692248062015503,0,19.0,0,0.0,0.6785714285714286,9.635714285714286,0.5851514730405781,0.5,2.0,-0.35
Athletic Club vs Mallorca,Athletic Club,2.0,1.0,11.0,5.0,442,380.0,16.0,4,0,990,8.0,4.0,0.45454545454545453,0.8597285067873304,0.0,0.0,0.0,0.0,0.0,0.0,0,0,0.0,0,0,0.6011820828510295,4,16.0,4,0.25,1.3333333333333333,9.466666666666667,0.5711738002594035,1.0,2.6666666666666665,-0.29999999999999993
Athletic Club vs Rayo Vallecano,Athletic Club,1.0,0.0,7.0,4.0,334,253.0,13.0,0,0,1002,14.0,5.0,0.5714285714285714,0.7574850299401198,0.0,0.0,0.0,0.0,0.0,0.0,0,0,0.0,0,0,0.5081998793111452,0,13.0,0,0.0,0.6842105263157895,6.636842105263158,0.3371902518943273,1.0,2.0,-0.09999999999999998
Athletic Club vs Sevilla,Athletic Club,3.0,1.0,6.0,3.0,387,302.0,8.0,0,0,995,11.0,6.0,0.5,0.7803617571059431,0.0,0.0,0.0,0.0,0.0,0.0,0,0,0.0,0,0,0.5401808785529716,0,8.0,0,0.0,0.47058823529411764,4.094117647058823,0.1269455252918288,1.4,1.6,0.21999999999999997
Elche vs Athletic Club,Athletic Club,0.0,0.0,3.0,1.0,271,199.0,20.0,3,0,1056,13.0,6.0,0.3333333333333333,0.7343173431734318,0.0,0.0,0.0,0.0,0.0,0.0,0,0,0.0,0,0,0.4721974312766384,3,20.0,3,0.15,1.0526315789473684,11.110526315789475,0.7070960475117757,1.4,1.4,0.27999999999999997
Real Betis vs Athletic Club,Athletic Club,1.0,0.0,11.0,6.0,440,376.0,16.0,4,0,1012,15.0,11.0,0.5454545454545454,0.8545454545454545,0.0,0.0,0.0,0.0,0.0,0.0,0,0,0.0,0,0,0.597815362931642,4,16.0,4,0.25,0.6153846153846154,9.323076923076922,0.5593011074528583,1.4,2.2,0.039999999999999925
Valencia vs Athletic Club,Athletic Club,0.0,0.0,7.0,5.0,486,404.0,6.0,1,1,961,14.0,8.0,0.7142857142857143,0.831275720164609,0.0,0.0,0.0,0.0,0.0,0.0,0,0,0.0,0,0,0.6040099531055603,2,6.0,2,0.3333333333333333,0.2727272727272727,3.6545454545454548,0.09059957552175454,1.0,1.8,-0.040000000000000036
Villarreal vs Athletic Club,Athletic Club,0.0,0.0,9.0,4.0,506,435.0,11.0,0,0,990,12.0,6.0,0.4444444444444444,0.8596837944664032,0.0,0.0,0.0,0.0,0.0,0.0,0,0,0.0,0,0,0.6259659282409535,0,11.0,0,0.0,0.6111111111111112,5.622222222222222,0.25329658452226544,0.8,1.8,-0.14
Alaves vs Atletico Madrid,Atletico Madrid,1.0,0.0,12.0,6.0,548,464.0,17.0,3,0,1022,19.0,7.0,0.5,0.8467153284671532,0.0,0.0,0.0,0.0,0.0,0.0,0,0,0.0,0,0,0.6357607650087704,3,17.0,3,0.17647058823529413,0.6538461538461539,9.53076923076923,0.5764741095480396,1.0,3.0,-0.3999999999999999
Atletico Madrid vs Elche,Atletico Madrid,1.0,1.0,10.0,6.0,545,465.0,14.0,0,0,994,20.0,9.0,0.6,0.8532110091743119,0.0,0.0,0.0,0.0,0.0,0.0,0,0,0.0,0,0,0.6378458146646753,0,14.0,0,0.0,0.4827586206896552,7.096551724137931,0.37520126123708575,1.0,1.5,0.050000000000000044
Atletico Madrid vs Osasuna,Atletico Madrid,1.0,1.0,18.0,9.0,529,465.0,10.0,1,0,990,16.0,10.0,0.5,0.8790170132325141,0.0,0.0,0.0,0.0,0.0,0.0,0,0,0.0,0,0,0.6445472663061795,1,10.0,1,0.1,0.38461538461538464,5.3769230769230765,0.23301406764441782,1.0,1.3333333333333333,0.10000000000000003
Atletico Madrid vs Rayo Vallecano,Atletico Madrid,3.0,2.0,16.0,8.0,579,506.0,6.0,3,0,990,12.0,12.0,0.5,0.8739205526770294,0.0,0.0,0.0,0.0,0.0,0.0,0,0,0.0,0,0,0.6613788809896775,3,6.0,3,0.5,0.25,3.9499999999999997,0.11502918287937743,1.5,1.75,0.22499999999999998
Atletico Madrid vs Real Madrid,Atletico Madrid,5.0,2.0,11.0,7.0,305,240.0,17.0,5,0,1002,14.0,7.0,0.6363636363636364,0.7868852459016393,0.0,0.0,0.0,0.0,0.0,0.0,0,0,0.0,0,0,0.5116596772143855,5,17.0,5,0.29411764705882354,0.8095238095238095,10.161904761904761,0.6286594404298684,2.2,2.4,0.3800000000000001
Atletico Madrid vs Villarreal,Atletico Madrid,2.0,2.0,6.0,3.0,626,560.0,12.0,2,0,996,12.0,5.0,0.5,0.8945686900958466,0.0,0.0,0.0,0.0,0.0,0.0,0,0,0.0,0,0,0.689920003962652,2,12.0,2,0.16666666666666666,0.7058823529411765,6.741176470588235,0.34581712062256814,2.4,2.2,0.5399999999999999
Celta Vigo vs Atletico Madrid,Atletico Madrid,0.0,0.0,5.0,1.0,501,436.0,10.0,3,1,940,14.0,11.0,0.2,0.8702594810379242,0.0,0.0,0.0,0.0,0.0,0.0,0,0,0.0,0,0,0.62931578703059,4,10.0,4,0.4,0.4,6.28,0.3076848249027238,2.2,3.0,0.20000000000000018
Espanyol vs Atletico Madrid,Atletico Madrid,1.0,0.0,11.0,4.0,618,551.0,11.0,3,0,993,11.0,5.0,0.36363636363636365,0.8915857605177994,0.0,0.0,0.0,0.0,0.0,0.0,0,0,0.0,0,0,0.6853277639798299,3,11.0,3,0.2727272727272727,0.6875,6.5375000000000005,0.32897616731517515,2.2,3.4,0.08000000000000007
Mallorca vs Atletico Madrid,Atletico Madrid,1.0,0.0,11.0,7.0,550,485.0,6.0,0,1,972,10.0,8.0,0.6363636363636364,0.8818181818181818,0.0,0.0,0.0,0.0,0.0,0.0,0,0,0.0,0,0,0.6540873854827343,1,6.0,1,0.16666666666666666,0.3333333333333333,3.3666666666666667,0.06679636835278861,1.8,3.0,1.1102230246251565e-16
Barcelona vs Getafe,Barcelona,3.0,2.0,14.0,7.0,738,664.0,9.0,2,0,995,12.0,7.0,0.5,0.8997289972899729,0.0,0.0,0.0,0.0,0.0,0.0,0,0,0.0,0,0,0.7359110102728934,2,9.0,2,0.2222222222222222,0.47368421052631576,5.194736842105263,0.21795003071882038,3.0,2.0,0.9
Barcelona vs Girona,Barcelona,2.0,2.0,21.0,9.0,670,615.0,10.0,1,0,990,20.0,5.0,0.42857142857142855,0.917910447761194,0.0,0.0,0.0,0.0,0.0,0.0,0,0,0.0,0,0,0.7186451463612171,1,10.0,1,0.1,0.4,5.38,0.23326848249027238,2.5,1.5,0.8
Barcelona vs Real Sociedad,Barcelona,2.0,2.0,17.0,12.0,745,685.0,6.0,1,0,989,12.0,2.0,0.7058823529411765,0.9194630872483222,0.0,0.0,0.0,0.0,0.0,0.0,0,0,0.0,0,0,0.7484912335466416,1,6.0,1,0.16666666666666666,0.42857142857142855,3.3857142857142857,0.06837131739855477,2.3333333333333335,1.3333333333333333,0.7666666666666668
Barcelona vs Valencia,Barcelona,6.0,5.0,20.0,10.0,677,615.0,9.0,0,0,990,18.0,8.0,0.5,0.9084194977843427,0.0,0.0,0.0,0.0,0.0,0.0,0,0,0.0,0,0,0.7166128496673652,0,9.0,0,0.0,0.34615384615384615,4.569230769230769,0.1662301706076025,3.25,1.0,1.325
Levante vs Barcelona,Barcelona,2.0,2.0,18.0,10.0,761,699.0,8.0,1,0,1000,11.0,5.0,0.5555555555555556,0.9185282522996058,0.0,0.0,0.0,0.0,0.0,0.0,0,0,0.0,0,0,0.7542253664598804,1,8.0,1,0.125,0.5,4.3999999999999995,0.1522373540856031,3.0,1.0,1.2
Mallorca vs Barcelona,Barcelona,3.0,2.0,17.0,8.0,570,506.0,17.0,1,0,994,15.0,6.0,0.47058823529411764,0.887719298245614,0.0,0.0,0.0,0.0,0.0,0.0,0,0,0.0,0,0,0.6647898816809465,1,17.0,1,0.058823529411764705,0.8095238095238095,8.961904761904762,0.5294376505466,3.0,0.8,1.26
Oviedo vs Barcelona,Barcelona,3.0,2.0,14.0,10.0,774,707.0,6.0,0,0,988,18.0,6.0,0.7142857142857143,0.91343669250646,0.0,0.0,0.0,0.0,0.0,0.0,0,0,0.0,0,0,0.75671834625323,0,6.0,0,0.0,0.25,3.05,0.04061284046692607,3.2,0.6,1.4200000000000002
Rayo Vallecano vs Barcelona,Barcelona,1.0,0.0,9.0,3.0,444,364.0,8.0,1,0,990,18.0,8.0,0.3333333333333333,0.8198198198198198,0.0,0.0,0.0,0.0,0.0,0.0,0,0,0.0,0,0,0.5820029331657238,1,8.0,1,0.125,0.3076923076923077,4.361538461538461,0.14905716851242143,3.0,0.6,1.32
Sevilla vs Barcelona,Barcelona,1.0,1.0,12.0,8.0,427,363.0,9.0,5,0,1001,19.0,4.0,0.6666666666666666,0.8501170960187353,0.0,0.0,0.0,0.0,0.0,0.0,0,0,0.0,0,0,0.5905624239783599,5,9.0,5,0.5555555555555556,0.391304347826087,6.078260869565217,0.291004060226696,2.0,1.6,0.52
Celta Vigo vs Atletico Madrid,Celta Vigo,1.0,0.0,15.0,4.0,726,659.0,7.0,1,0,1004,18.0,7.0,0.26666666666666666,0.9077134986225895,0.0,0.0,0.0,0.0,0.0,0.0,0,0,0.0,0,0,0.735252098148504,1,7.0,1,0.14285714285714285,0.28,3.856,0.10725680933852141,1.0,1.0,0.2
Celta Vigo vs Getafe,Celta Vigo,0.0,0.0,6.0,3.0,571,501.0,15.0,3,0,995,23.0,2.0,0.5,0.8774080560420315,0.0,0.0,0.0,0.0,0.0,0.0,0,0,0.0,0,0,0.66002185747838,3,15.0,3,0.2,0.6,8.52,0.4928988326848249,0.5,2.0,-0.35
Celta Vigo vs Girona,Celta Vigo,1.0,0.0,16.0,7.0,630,556.0,7.0,0,0,990,15.0,8.0,0.4375,0.8825396825396825,0.0,0.0,0.0,0.0,0.0,0.0,0,0,0.0,0,0,0.6854558877814692,0,7.0,0,0.0,0.30434782608695654,3.5608695652173914,0.0828540010150567,0.6666666666666666,1.3333333333333333,-0.06666666666666665
Celta Vigo vs Real Betis,Celta Vigo,1.0,0.0,11.0,5.0,496,442.0,13.0,1,0,997,17.0,7.0,0.45454545454545453,0.8911290322580645,0.0,0.0,0.0,0.0,0.0,0.0,0,0,0.0,0,0,0.6378125781445361,1,13.0,1,0.07692307692307693,0.5416666666666666,6.908333333333333,0.35963845654993515,0.75,1.25,0.0
Celta Vigo vs Real Sociedad,Celta Vigo,1.0,1.0,4.0,1.0,380,291.0,10.0,4,1,952,14.0,8.0,0.25,0.7657894736842106,0.0,0.0,0.0,0.0,0.0,0.0,0,0,0.0,0,0,0.5301815585475316,5,10.0,5,0.5,0.45454545454545453,6.590909090909091,0.333392288645207,0.8,2.0,-0.19999999999999996
Celta Vigo vs Villarreal,Celta Vigo,1.0,1.0,6.0,2.0,738,653.0,11.0,1,0,990,19.0,7.0,0.3333333333333333,0.8848238482384824,0.0,0.0,0.0,0.0,0.0,0.0,0,0,0.0,0,0,0.7284584357471482,1,11.0,1,0.09090909090909091,0.4230769230769231,5.884615384615384,0.274992517210416,0.8,2.0,-0.19999999999999996
Elche vs Celta Vigo,Celta Vigo,1.0,1.0,5.0,2.0,358,298.0,20.0,3,0,990,23.0,1.0,0.4,0.8324022346368715,0.0,0.0,0.0,0.0,0.0,0.0,0,0,0.0,0,0,0.5549608072409163,3,20.0,3,0.15,0.8333333333333334,11.066666666666666,0.7034695201037614,1.0,2.0,-0.09999999999999998
Mallorca vs Celta Vigo,Celta Vigo,1.0,1.0,6.0,2.0,444,385.0,12.0,3,0,993,10.0,7.0,0.3333333333333333,0.8671171171171171,0.0,0.0,0.0,0.0,0.0,0.0,0,0,0.0,0,0,0.6056515818143725,3,12.0,3,0.25,0.7058823529411765,7.041176470588236,0.3706225680933853,1.0,2.6,-0.28
Rayo Vallecano vs Celta Vigo,Celta Vigo,1.0,1.0,6.0,5.0,370,295.0,10.0,1,0,990,13.0,9.0,0.8333333333333334,0.7972972972972973,0.0,0.0,0.0,0.0,0.0,0.0,0,0,0.0,0,0,0.5420595013618269,1,10.0,1,0.1,0.45454545454545453,5.390909090909091,0.23417049876193846,1.0,2.6,-0.28
Alaves vs Elche,Elche,1.0,1.0,4.0,3.0,461,399.0,9.0,1,1,995,18.0,8.0,0.75,0.8655097613882863,0.0,0.0,0.0,0.0,0.0,0.0,0,0,0.0,0,0,0.6114370512367788,2,9.0,2,0.2222222222222222,0.34615384615384615,5.169230769230769,0.21584106554923674,1.0,2.0,-0.09999999999999998
Atletico Madrid vs Elche,Elche,1.0,1.0,5.0,2.0,413,335.0,7.0,3,0,1001,19.0,12.0,0.4,0.8111380145278451,0.0,0.0,0.0,0.0,0.0,0.0,0,0,0.0,0,0,0.5656465266437675,3,7.0,3,0.42857142857142855,0.22580645161290322,4.445161290322581,0.1559715074683068,1.0,2.5,-0.25
Elche vs Athletic Club,Elche,0.0,0.0,9.0,5.0,596,519.0,14.0,2,0,1056,12.0,8.0,0.5555555555555556,0.8708053691275168,0.0,0.0,0.0,0.0,0.0,0.0,0,0,0.0,0,0,0.6664104365017429,2,14.0,2,0.14285714285714285,0.7,7.739999999999999,0.42840466926070037,0.6666666666666666,2.3333333333333335,-0.36666666666666675
Elche vs Celta Vigo,Elche,2.0,1.0,12.0,8.0,574,523.0,12.0,3,0,990,16.0,6.0,0.6666666666666666,0.9111498257839721,0.0,0.0,0.0,0.0,0.0,0.0,0,0,0.0,0,0,0.6780555330470248,3,12.0,3,0.25,0.5454545454545454,7.00909090909091,0.3679695790590733,1.0,2.5,-0.25
Elche vs Levante,Elche,2.0,2.0,12.0,5.0,568,503.0,14.0,1,0,1004,11.0,11.0,0.4166666666666667,0.8855633802816901,0.0,0.0,0.0,0.0,0.0,0.0,0,0,0.0,0,0,0.662936728900535,1,14.0,1,0.07142857142857142,0.6363636363636364,7.427272727272727,0.4025468694729395,1.2,2.2,-0.06000000000000005
Elche vs Oviedo,Elche,1.0,0.0,9.0,5.0,601,538.0,9.0,2,0,1006,18.0,11.0,0.5555555555555556,0.8951747088186356,0.0,0.0,0.0,0.0,0.0,0.0,0,0,0.0,0,0,0.6805330908434263,2,9.0,2,0.2222222222222222,0.3103448275862069,5.162068965517241,0.215248893063196,1.2,2.2,-0.06000000000000005
Elche vs Real Betis,Elche,1.0,1.0,5.0,2.0,683,615.0,14.0,0,0,995,13.0,6.0,0.4,0.9004392386530015,0.0,0.0,0.0,0.0,0.0,0.0,0,0,0.0,0,0,0.7149483014970434,0,14.0,0,0.0,0.7368421052631579,7.147368421052631,0.37940303092361255,1.2,1.6,0.12
Osasuna vs Elche,Elche,1.0,0.0,6.0,4.0,589,502.0,13.0,2,0,997,14.0,7.0,0.6666666666666666,0.8522920203735145,0.0,0.0,0.0,0.0,0.0,0.0,0,0,0.0,0,0,0.6544405838301681,2,13.0,2,0.15384615384615385,0.6190476190476191,7.223809523809523,0.38572355012043724,1.4,1.6,0.21999999999999997
Sevilla vs Elche,Elche,2.0,1.0,5.0,2.0,362,296.0,19.0,3,0,1004,25.0,9.0,0.4,0.8176795580110497,0.0,0.0,0.0,0.0,0.0,0.0,0,0,0.0,0,0,0.5491498565249047,3,19.0,3,0.15789473684210525,0.5588235294117647,10.511764705882353,0.6575875486381323,1.4,1.6,0.21999999999999997
Espanyol vs Atletico Madrid,Espanyol,2.0,2.0,9.0,5.0,394,323.0,14.0,3,0,999,10.0,5.0,0.5555555555555556,0.8197969543147208,0.0,0.0,0.0,0.0,0.0,0.0,0,0,0.0,0,0,0.562611655451934,3,14.0,3,0.21428571428571427,0.9333333333333333,8.086666666666668,0.4570687418936447,2.0,3.0,0.10000000000000009
Espanyol vs Mallorca,Espanyol,3.0,2.0,8.0,3.0,302,241.0,9.0,2,1,960,12.0,4.0,0.375,0.7980132450331126,0.0,0.0,0.0,0.0,0.0,0.0,0,0,0.0,0,0,0.5160608860824477,3,9.0,3,0.3333333333333333,0.5625,5.5125,0.24422422178988332,2.5,3.0,0.3500000000000001
Espanyol vs Osasuna,Espanyol,1.0,0.0,9.0,4.0,408,320.0,13.0,2,0,998,16.0,2.0,0.4444444444444444,0.7843137254901961,0.0,0.0,0.0,0.0,0.0,0.0,0,0,0.0,0,0,0.550296397628819,2,13.0,2,0.15384615384615385,0.7222222222222222,7.2444444444444445,0.3874297449200173,2.0,2.6666666666666665,0.20000000000000007
Espanyol vs Real Betis,Espanyol,1.0,1.0,13.0,5.0,448,372.0,16.0,2,0,1016,15.0,6.0,0.38461538461538464,0.8303571428571429,0.0,0.0,0.0,0.0,0.0,0.0,0,0,0.0,0,0,0.5888219822812846,2,16.0,2,0.125,0.7619047619047619,8.752380952380951,0.5121132110431721,1.75,2.5,0.125
Espanyol vs Valencia,Espanyol,2.0,2.0,17.0,10.0,441,357.0,9.0,1,0,990,8.0,8.0,0.5882352941176471,0.8095238095238095,0.0,0.0,0.0,0.0,0.0,0.0,0,0,0.0,0,0,0.5756921373200443,1,9.0,1,0.1111111111111111,0.5625,4.9125,0.19461332684824903,1.8,2.2,0.24
Girona vs Espanyol,Espanyol,0.0,0.0,15.0,5.0,338,279.0,11.0,1,0,994,20.0,11.0,0.3333333333333333,0.8254437869822485,0.0,0.0,0.0,0.0,0.0,0.0,0,0,0.0,0,0,0.5437296454291087,1,11.0,1,0.09090909090909091,0.3548387096774194,5.870967741935484,0.2738640642650935,1.4,1.8,0.15999999999999992
Oviedo vs Espanyol,Espanyol,2.0,1.0,15.0,10.0,321,263.0,8.0,1,0,997,11.0,7.0,0.6666666666666666,0.8193146417445483,0.0,0.0,0.0,0.0,0.0,0.0,0,0,0.0,0,0,0.534075925523437,1,8.0,1,0.125,0.4444444444444444,4.388888888888888,0.15131863380890617,1.2,1.4,0.18
Real Madrid vs Espanyol,Espanyol,0.0,0.0,3.0,1.0,274,229.0,20.0,0,0,995,21.0,9.0,0.3333333333333333,0.8357664233576643,0.0,0.0,0.0,0.0,0.0,0.0,0,0,0.0,0,0,0.5240847620664291,0,20.0,0,0.0,0.6666666666666666,10.133333333333333,0.6262970168612192,1.0,1.0,0.2
Real Sociedad vs Espanyol,Espanyol,2.0,1.0,10.0,3.0,306,216.0,18.0,2,0,999,21.0,6.0,0.3,0.7058823529411765,0.0,0.0,0.0,0.0,0.0,0.0,0,0,0.0,0,0,0.47154582763337893,2,18.0,2,0.1111111111111111,0.6666666666666666,9.733333333333333,0.5932230869001297,1.2,1.0,0.3
Barcelona vs Getafe,Getafe,0.0,0.0,3.0,2.0,300,205.0,16.0,4,0,990,22.0,13.0,0.6666666666666666,0.6833333333333333,0.0,0.0,0.0,0.0,0.0,0.0,0,0,0.0,0,0,0.4579457364341085,4,16.0,4,0.25,0.45714285714285713,9.29142857142857,0.5566842690383546,0.0,4.0,-1.2
Celta Vigo vs Getafe,Getafe,2.0,2.0,6.0,3.0,257,187.0,17.0,2,0,991,21.0,10.0,0.5,0.7276264591439688,0.0,0.0,0.0,0.0,0.0,0.0,0,0,0.0,0,0,0.4634256326727596,2,17.0,2,0.11764705882352941,0.5483870967741935,9.209677419354838,0.5499246893435421,1.0,3.0,-0.3999999999999999
Getafe vs Alaves,Getafe,1.0,1.0,2.0,1.0,304,217.0,14.0,2,0,996,25.0,10.0,0.5,0.7138157894736842,0.0,0.0,0.0,0.0,0.0,0.0,0,0,0.0,0,0,0.4747373521011832,2,14.0,2,0.14285714285714285,0.4,7.68,0.42344357976653696,1.0,2.6666666666666665,-0.29999999999999993
Getafe vs Levante,Getafe,1.0,1.0,10.0,4.0,328,211.0,15.0,4,0,990,19.0,5.0,0.4,0.6432926829268293,0.0,0.0,0.0,0.0,0.0,0.0,0,0,0.0,0,0,0.4487781244091511,4,15.0,4,0.26666666666666666,0.625,8.825,0.5181177042801556,1.0,3.0,-0.3999999999999999
Getafe vs Oviedo,Getafe,2.0,2.0,7.0,3.0,340,267.0,12.0,2,0,997,16.0,8.0,0.42857142857142855,0.7852941176470588,0.0,0.0,0.0,0.0,0.0,0.0,0,0,0.0,0,0,0.5244300045599635,2,12.0,2,0.16666666666666666,0.5,6.699999999999999,0.34241245136186765,1.2,2.8,-0.24
Getafe vs Real Madrid,Getafe,0.0,0.0,6.0,1.0,194,105.0,26.0,4,1,985,19.0,15.0,0.16666666666666666,0.5412371134020618,0.0,0.0,0.0,0.0,0.0,0.0,0,0,0.0,0,0,0.34581235515064335,5,26.0,5,0.19230769230769232,0.7647058823529411,14.652941176470588,1.0,1.2,3.0,-0.29999999999999993
Osasuna vs Getafe,Getafe,1.0,1.0,5.0,2.0,318,225.0,14.0,4,0,990,15.0,11.0,0.4,0.7075471698113207,0.0,0.0,0.0,0.0,0.0,0.0,0,0,0.0,0,0,0.47702939885914875,4,14.0,4,0.2857142857142857,0.5384615384615384,8.307692307692307,0.47534420832086194,1.0,3.4,-0.52
Sevilla vs Getafe,Getafe,2.0,2.0,7.0,6.0,221,132.0,24.0,2,0,989,16.0,2.0,0.8571428571428571,0.5972850678733032,0.0,0.0,0.0,0.0,0.0,0.0,0,0,0.0,0,0,0.3843014486653338,2,24.0,2,0.08333333333333333,1.3333333333333333,12.866666666666667,0.8523022049286642,1.2,3.4,-0.42000000000000004
Valencia vs Getafe,Getafe,0.0,0.0,7.0,1.0,296,238.0,7.0,0,0,990,16.0,6.0,0.14285714285714285,0.8040540540540541,0.0,0.0,0.0,0.0,0.0,0.0,0,0,0.0,0,0,0.5167557091975696,0,7.0,0,0.0,0.3181818181818182,3.5636363636363635,0.08308277325787054,1.0,2.6,-0.28
Athletic Club vs Girona,Girona,1.0,1.0,5.0,3.0,305,225.0,15.0,2,0,998,10.0,11.0,0.6,0.7377049180327869,0.0,0.0,0.0,0.0,0.0,0.0,0,0,0.0,0,0,0.48706951327995934,2,15.0,2,0.13333333333333333,0.7142857142857143,8.242857142857142,0.4699833240689271,1.0,2.0,-0.09999999999999998
Barcelona vs Girona,Girona,1.0,1.0,8.0,4.0,309,261.0,7.0,2,0,990,11.0,7.0,0.5,0.8446601941747572,0.0,0.0,0.0,0.0,0.0,0.0,0,0,0.0,0,0,0.5420975389478437,2,7.0,2,0.2857142857142857,0.3888888888888889,4.177777777777777,0.13386294855166447,1.0,2.0,-0.09999999999999998
Celta Vigo vs Girona,Girona,1.0,1.0,10.0,8.0,439,362.0,9.0,3,0,990,16.0,17.0,0.8,0.8246013667425968,0.0,0.0,0.0,0.0,0.0,0.0,0,0,0.0,0,0,0.5824557221309883,3,9.0,3,0.3333333333333333,0.2727272727272727,5.454545454545455,0.2394322603466573,1.0,2.3333333333333335,-0.20000000000000007
Girona vs Espanyol,Girona,0.0,0.0,7.0,3.0,522,455.0,9.0,0,0,994,6.0,8.0,0.42857142857142855,0.8716475095785441,0.0,0.0,0.0,0.0,0.0,0.0,0,0,0.0,0,0,0.6381493361846209,0,9.0,0,0.0,0.6428571428571429,4.628571428571429,0.17113674263479717,0.75,1.75,-0.15000000000000002
Girona vs Levante,Girona,0.0,0.0,4.0,1.0,295,248.0,11.0,4,2,886,16.0,8.0,0.25,0.8406779661016949,0.0,0.0,0.0,0.0,0.0,0.0,0,0,0.0,0,0,0.5346800683221653,6,11.0,6,0.5454545454545454,0.4583333333333333,7.391666666666667,0.39960278858625164,0.6,2.6,-0.48000000000000004
Girona vs Rayo Vallecano,Girona,1.0,1.0,4.0,2.0,382,296.0,8.0,0,1,947,13.0,3.0,0.5,0.774869109947644,0.0,0.0,0.0,0.0,0.0,0.0,0,0,0.0,0,0,0.5354965704776979,1,8.0,1,0.125,0.5,4.3999999999999995,0.1522373540856031,0.6,2.4,-0.42
Girona vs Sevilla,Girona,0.0,0.0,11.0,5.0,427,358.0,5.0,0,0,990,15.0,2.0,0.45454545454545453,0.8384074941451991,0.0,0.0,0.0,0.0,0.0,0.0,0,0,0.0,0,0,0.5847076230415917,0,5.0,0,0.0,0.29411764705882354,2.5588235294117645,0.0,0.4,2.0,-0.39999999999999997
Girona vs Valencia,Girona,2.0,0.0,4.0,4.0,386,314.0,13.0,5,2,1002,10.0,10.0,1.0,0.8134715025906736,0.0,0.0,0.0,0.0,0.0,0.0,0,0,0.0,0,0,0.556348154396112,7,13.0,7,0.5384615384615384,0.65,8.73,0.510262645914397,0.6,2.8,-0.54
Villarreal vs Girona,Girona,0.0,0.0,3.0,2.0,470,426.0,9.0,2,0,993,18.0,6.0,0.6666666666666666,0.9063829787234042,0.0,0.0,0.0,0.0,0.0,0.0,0,0,0.0,0,0,0.6353620319973611,2,9.0,2,0.2222222222222222,0.375,5.175,0.21631809338521402,0.6,3.2,-0.6599999999999999
Alaves vs Levante,Levante,1.0,0.0,4.0,3.0,296,199.0,13.0,1,0,1013,16.0,4.0,0.75,0.6722972972972973,0.0,0.0,0.0,0.0,0.0,0.0,0,0,0.0,0,0,0.45087733081919124,1,13.0,1,0.07692307692307693,0.65,6.93,0.36142996108949416,1.0,1.0,0.2
Elche vs Levante,Levante,0.0,0.0,9.0,1.0,272,216.0,17.0,2,0,1004,14.0,4.0,0.1111111111111111,0.7941176470588235,0.0,0.0,0.0,0.0,0.0,0.0,0,0,0.0,0,0,0.502485180118559,2,17.0,2,0.11764705882352941,0.9444444444444444,9.288888888888888,0.5564742758322524,0.5,1.5,-0.19999999999999996
Getafe vs Levante,Levante,1.0,1.0,9.0,3.0,288,169.0,16.0,3,0,996,18.0,5.0,0.3333333333333333,0.5868055555555556,0.0,0.0,0.0,0.0,0.0,0.0,0,0,0.0,0,0,0.405030684754522,3,16.0,3,0.1875,0.6956521739130435,9.039130434782608,0.5358230417864998,0.6666666666666666,2.0,-0.26666666666666666
Girona vs Levante,Levante,4.0,2.0,13.0,7.0,575,529.0,17.0,3,0,990,15.0,1.0,0.5384615384615384,0.92,0.0,0.0,0.0,0.0,0.0,0.0,0,0,0.0,0,0,0.6828682170542636,3,17.0,3,0.17647058823529413,1.0625,9.6125,0.5832320038910507,1.5,2.25,0.07500000000000007
Levante vs Barcelona,Levante,2.0,1.0,6.0,5.0,160,93.0,10.0,3,0,1002,31.0,8.0,0.8333333333333334,0.58125,0.0,0.0,0.0,0.0,0.0,0.0,0,0,0.0,0,0,0.352640503875969,3,10.0,3,0.3,0.2564102564102564,5.9512820512820515,0.2805048388705977,1.6,2.4,0.08000000000000007
Levante vs Rayo Vallecano,Levante,0.0,0.0,10.0,5.0,419,339.0,6.0,0,0,990,16.0,6.0,0.5,0.8090692124105012,0.0,0.0,0.0,0.0,0.0,0.0,0,0,0.0,0,0,0.5669377069804444,0,6.0,0,0.0,0.2727272727272727,3.0545454545454547,0.0409886805801203,1.4,2.2,0.039999999999999925
Levante vs Real Betis,Levante,2.0,2.0,4.0,2.0,268,196.0,16.0,4,0,999,13.0,9.0,0.5,0.7313432835820896,0.0,0.0,0.0,0.0,0.0,0.0,0,0,0.0,0,0,0.4695476107832928,4,16.0,4,0.25,0.7272727272727273,9.345454545454544,0.5611513972408914,1.8,2.6,0.12
Levante vs Real Madrid,Levante,1.0,0.0,5.0,2.0,416,365.0,17.0,1,0,990,19.0,8.0,0.4,0.8774038461538461,0.0,0.0,0.0,0.0,0.0,0.0,0,0,0.0,0,0,0.5999422331544424,1,17.0,1,0.058823529411764705,0.6296296296296297,8.925925925925927,0.5264627467934863,1.8,2.2,0.24
Oviedo vs Levante,Levante,2.0,1.0,6.0,5.0,370,298.0,10.0,2,0,990,14.0,11.0,0.8333333333333334,0.8054054054054054,0.0,0.0,0.0,0.0,0.0,0.0,0,0,0.0,0,0,0.546113555415881,2,10.0,2,0.2,0.4,5.68,0.2580739299610895,1.4,2.0,0.09999999999999998
Athletic Club vs Mallorca,Mallorca,1.0,1.0,6.0,2.0,416,343.0,13.0,6,1,1006,18.0,8.0,0.3333333333333333,0.8245192307692307,0.0,0.0,0.0,0.0,0.0,0.0,0,0,0.0,0,0,0.5734999254621347,7,13.0,7,0.5384615384615384,0.5,8.7,0.5077821011673151,1.0,7.0,-1.6
Espanyol vs Mallorca,Mallorca,2.0,1.0,16.0,10.0,494,424.0,16.0,1,0,990,20.0,5.0,0.625,0.8582995951417004,0.0,0.0,0.0,0.0,0.0,0.0,0,0,0.0,0,0,0.6206226657879045,1,16.0,1,0.0625,0.64,8.428,0.4852918287937744,1.5,4.0,-0.44999999999999996
Mallorca vs Alaves,Mallorca,1.0,1.0,7.0,3.0,327,248.0,14.0,2,0,1002,22.0,5.0,0.42857142857142855,0.7584097859327217,0.0,0.0,0.0,0.0,0.0,0.0,0,0,0.0,0,0,0.5059490790128724,2,14.0,2,0.14285714285714285,0.5185185185185185,7.703703703703703,0.4254035163568237,1.3333333333333333,3.3333333333333335,-0.33333333333333337
Mallorca vs Atletico Madrid,Mallorca,1.0,1.0,6.0,3.0,396,328.0,14.0,0,0,990,13.0,11.0,0.5,0.8282828282828283,0.0,0.0,0.0,0.0,0.0,0.0,0,0,0.0,0,0,0.5676297862344374,0,14.0,0,0.0,0.5833333333333334,7.116666666666666,0.3768644617380026,1.25,2.5,-0.125
Mallorca vs Barcelona,Mallorca,0.0,0.0,3.0,1.0,225,153.0,8.0,4,2,882,12.0,6.0,0.3333333333333333,0.68,0.0,0.0,0.0,0.0,0.0,0.0,0,0,0.0,0,0,0.4272093023255814,6,8.0,6,0.75,0.4444444444444444,5.888888888888888,0.27534587116299175,1.0,3.2,-0.45999999999999996
Mallorca vs Celta Vigo,Mallorca,1.0,0.0,11.0,4.0,433,372.0,12.0,3,0,994,9.0,3.0,0.36363636363636365,0.859122401847575,0.0,0.0,0.0,0.0,0.0,0.0,0,0,0.0,0,0,0.5973906582881287,3,12.0,3,0.25,1.0,7.1000000000000005,0.37548638132295725,1.0,2.4,-0.21999999999999997
Real Madrid vs Mallorca,Mallorca,1.0,1.0,7.0,5.0,382,302.0,7.0,0,0,1004,14.0,7.0,0.7142857142857143,0.7905759162303665,0.0,0.0,0.0,0.0,0.0,0.0,0,0,0.0,0,0,0.5433499736190592,0,7.0,0,0.0,0.3333333333333333,3.566666666666667,0.08333333333333337,0.8,2.2,-0.26
Real Sociedad vs Mallorca,Mallorca,0.0,0.0,6.0,3.0,310,224.0,15.0,2,0,990,15.0,8.0,0.5,0.7225806451612903,0.0,0.0,0.0,0.0,0.0,0.0,0,0,0.0,0,0,0.48144536134033505,2,15.0,2,0.13333333333333333,0.6521739130434783,8.230434782608695,0.46895618338690576,0.6,2.2,-0.36000000000000004
Sevilla vs Mallorca,Mallorca,3.0,2.0,7.0,6.0,299,226.0,13.0,1,0,998,16.0,5.0,0.8571428571428571,0.7558528428093646,0.0,0.0,0.0,0.0,0.0,0.0,0,0,0.0,0,0,0.49381789427289935,1,13.0,1,0.07692307692307693,0.6190476190476191,6.923809523809524,0.3609181026496202,1.0,2.4,-0.21999999999999997
Atletico Madrid vs Osasuna,Osasuna,0.0,0.0,7.0,2.0,366,296.0,11.0,3,0,998,18.0,7.0,0.2857142857142857,0.8087431693989071,0.0,0.0,0.0,0.0,0.0,0.0,0,0,0.0,0,0,0.5462320498157326,3,11.0,3,0.2727272727272727,0.44,6.488,0.32488326848249033,0.0,3.0,-0.8999999999999999
Espanyol vs Osasuna,Osasuna,0.0,0.0,8.0,3.0,493,404.0,14.0,3,0,1006,14.0,10.0,0.375,0.8194726166328601,0.0,0.0,0.0,0.0,0.0,0.0,0,0,0.0,0,0,0.6008215796342595,3,14.0,3,0.21428571428571427,0.5833333333333334,8.016666666666667,0.4512808041504541,0.0,3.0,-0.8999999999999999
Osasuna vs Elche,Osasuna,1.0,1.0,6.0,2.0,371,288.0,19.0,2,0,997,24.0,6.0,0.3333333333333333,0.7762803234501348,0.0,0.0,0.0,0.0,0.0,0.0,0,0,0.0,0,0,0.5319386113374704,2,19.0,2,0.10526315789473684,0.6333333333333333,10.226666666666667,0.6340142671854735,0.3333333333333333,2.6666666666666665,-0.6333333333333333
Osasuna vs Getafe,Osasuna,2.0,2.0,7.0,3.0,438,316.0,11.0,1,0,993,9.0,1.0,0.42857142857142855,0.7214611872146118,0.0,0.0,0.0,0.0,0.0,0.0,0,0,0.0,0,0,0.5304980354677711,1,11.0,1,0.09090909090909091,1.1,6.02,0.28618677042801555,0.75,2.25,-0.29999999999999993
Osasuna vs Rayo Vallecano,Osasuna,2.0,1.0,8.0,7.0,303,230.0,13.0,3,0,990,9.0,9.0,0.875,0.759075907590759,0.0,0.0,0.0,0.0,0.0,0.0,0,0,0.0,0,0,0.49697981426049576,3,13.0,3,0.23076923076923078,0.7222222222222222,7.544444444444445,0.4122351923908345,1.0,2.4,-0.21999999999999997
Osasuna vs Valencia,Osasuna,1.0,1.0,10.0,4.0,464,382.0,14.0,2,0,998,13.0,8.0,0.4,0.8232758620689655,0.0,0.0,0.0,0.0,0.0,0.0,0,0,0.0,0,0,0.5914828922747928,2,14.0,2,0.14285714285714285,0.6666666666666666,7.733333333333333,0.42785343709468227,1.2,2.2,-0.06000000000000005
Real Betis vs Osasuna,Osasuna,0.0,0.0,9.0,1.0,493,420.0,7.0,1,0,1000,12.0,12.0,0.1111111111111111,0.8519269776876268,0.0,0.0,0.0,0.0,0.0,0.0,0,0,0.0,0,0,0.6170487601616428,1,7.0,1,0.14285714285714285,0.2916666666666667,3.858333333333333,0.10744974059662775,1.2,1.8,0.05999999999999994
Real Madrid vs Osasuna,Osasuna,0.0,0.0,2.0,0.0,299,228.0,12.0,0,1,1000,20.0,7.0,0.0,0.7625418060200669,0.0,0.0,0.0,0.0,0.0,0.0,0,0,0.0,0,0,0.4971623758782505,1,12.0,1,0.08333333333333333,0.4444444444444444,6.388888888888888,0.31668828361435364,1.0,1.6,0.020000000000000018
Villarreal vs Osasuna,Osasuna,1.0,0.0,6.0,3.0,274,211.0,11.0,3,1,947,20.0,11.0,0.5,0.7700729927007299,0.0,0.0,0.0,0.0,0.0,0.0,0,0,0.0,0,0,0.49123804673796184,4,11.0,4,0.36363636363636365,0.3548387096774194,6.770967741935484,0.34828040667754495,0.8,2.2,-0.26
Elche vs Oviedo,Oviedo,0.0,0.0,9.0,4.0,372,306.0,18.0,2,0,990,16.0,5.0,0.4444444444444444,0.8225806451612904,0.0,0.0,0.0,0.0,0.0,0.0,0,0,0.0,0,0,0.555476369092273,2,18.0,2,0.1111111111111111,0.8571428571428571,9.77142857142857,0.596372984991662,0.0,2.0,-0.6
Getafe vs Oviedo,Oviedo,0.0,0.0,3.0,1.0,373,303.0,18.0,5,1,980,20.0,5.0,0.3333333333333333,0.8123324396782842,0.0,0.0,0.0,0.0,0.0,0.0,0,0,0.0,0,0,0.5507398632499948,6,18.0,6,0.3333333333333333,0.72,10.944,0.6933268482490273,0.0,4.0,-1.2
Oviedo vs Barcelona,Oviedo,1.0,0.0,4.0,3.0,189,120.0,9.0,1,0,989,22.0,3.0,0.75,0.6349206349206349,0.0,0.0,0.0,0.0,0.0,0.0,0,0,0.0,0,0,0.3907161314138058,1,9.0,1,0.1111111111111111,0.36,4.872,0.19126459143968874,0.3333333333333333,3.0,-0.7333333333333333
Oviedo vs Espanyol,Oviedo,0.0,0.0,9.0,4.0,528,467.0,9.0,2,0,990,13.0,11.0,0.4444444444444444,0.884469696969697,0.0,0.0,0.0,0.0,0.0,0.0,0,0,0.0,0,0,0.6468860112755461,2,9.0,2,0.2222222222222222,0.375,5.175,0.21631809338521402,0.25,2.75,-0.7
Oviedo vs Levante,Oviedo,0.0,0.0,8.0,2.0,484,418.0,10.0,2,0,994,15.0,7.0,0.25,0.8636363636363636,0.0,0.0,0.0,0.0,0.0,0.0,0,0,0.0,0,0,0.619415081042988,2,10.0,2,0.2,0.45454545454545453,5.6909090909090905,0.25897594623275555,0.2,2.6,-0.68
Oviedo vs Real Madrid,Oviedo,0.0,0.0,6.0,3.0,374,313.0,8.0,2,0,993,20.0,10.0,0.5,0.8368983957219251,0.0,0.0,0.0,0.0,0.0,0.0,0,0,0.0,0,0,0.5634104381710401,2,8.0,2,0.25,0.26666666666666666,4.653333333333333,0.17318417639429315,0.2,2.6,-0.68
Oviedo vs Real Sociedad,Oviedo,1.0,1.0,8.0,1.0,408,336.0,7.0,2,0,990,13.0,7.0,0.125,0.8235294117647058,0.0,0.0,0.0,0.0,0.0,0.0,0,0,0.0,0,0,0.5699042407660738,2,7.0,2,0.2857142857142857,0.35,4.17,0.13321984435797668,0.4,1.8,-0.34
Valencia vs Oviedo,Oviedo,2.0,1.0,7.0,4.0,414,338.0,12.0,4,1,1003,17.0,8.0,0.5714285714285714,0.8164251207729468,0.0,0.0,0.0,0.0,0.0,0.0,0,0,0.0,0,0,0.5686776766655431,5,12.0,5,0.4166666666666667,0.48,7.596,0.4164980544747082,0.6,2.6,-0.48000000000000004
Villarreal vs Oviedo,Oviedo,0.0,0.0,5.0,4.0,325,266.0,8.0,2,1,937,11.0,3.0,0.8,0.8184615384615385,0.0,0.0,0.0,0.0,0.0,0.0,0,0,0.0,0,0,0.5351997614788313,3,8.0,3,0.375,0.5714285714285714,5.014285714285714,0.203029460811562,0.6,2.8,-0.54
Athletic Club vs Rayo Vallecano,Rayo Vallecano,0.0,0.0,3.0,1.0,498,413.0,13.0,4,0,990,16.0,13.0,0.3333333333333333,0.8293172690763052,0.0,0.0,0.0,0.0,0.0,0.0,0,0,0.0,0,0,0.6076818903521061,4,13.0,4,0.3076923076923077,0.4482758620689655,7.789655172413793,0.4325103984972495,0.0,4.0,-1.2
Atletico Madrid vs Rayo Vallecano,Rayo Vallecano,2.0,2.0,9.0,3.0,370,299.0,12.0,4,0,998,21.0,7.0,0.3333333333333333,0.8081081081081081,0.0,0.0,0.0,0.0,0.0,0.0,0,0,0.0,0,0,0.5474649067672324,4,12.0,4,0.3333333333333333,0.42857142857142855,7.285714285714286,0.3908421345191773,1.0,4.0,-0.7
Girona vs Rayo Vallecano,Rayo Vallecano,3.0,1.0,15.0,5.0,481,415.0,17.0,1,0,1001,27.0,8.0,0.3333333333333333,0.8627858627858628,0.0,0.0,0.0,0.0,0.0,0.0,0,0,0.0,0,0,0.6178270399200632,1,17.0,1,0.058823529411764705,0.4857142857142857,8.897142857142859,0.5240828237909951,1.6666666666666667,3.0,-0.06666666666666654
Levante vs Rayo Vallecano,Rayo Vallecano,3.0,2.0,8.0,5.0,367,302.0,18.0,1,0,990,27.0,9.0,0.625,0.8228882833787466,0.0,0.0,0.0,0.0,0.0,0.0,0,0,0.0,0,0,0.5536922037048772,1,18.0,1,0.05555555555555555,0.5,9.4,0.5656614785992219,2.0,2.5,0.25
Osasuna vs Rayo Vallecano,Rayo Vallecano,0.0,0.0,13.0,6.0,540,472.0,7.0,2,0,990,13.0,8.0,0.46153846153846156,0.8740740740740741,0.0,0.0,0.0,0.0,0.0,0.0,0,0,0.0,0,0,0.6463393626184324,2,7.0,2,0.2857142857142857,0.3333333333333333,4.166666666666666,0.13294422827496755,1.6,2.4,0.08000000000000007
Rayo Vallecano vs Barcelona,Rayo Vallecano,1.0,1.0,9.0,6.0,336,252.0,16.0,3,0,988,17.0,8.0,0.6666666666666666,0.75,0.0,0.0,0.0,0.0,0.0,0.0,0,0,0.0,0,0,0.5052325581395349,3,16.0,3,0.1875,0.64,9.028,0.5349027237354086,1.8,2.2,0.24
Rayo Vallecano vs Celta Vigo,Rayo Vallecano,1.0,1.0,12.0,5.0,525,454.0,8.0,1,0,988,11.0,7.0,0.4166666666666667,0.8647619047619047,0.0,0.0,0.0,0.0,0.0,0.0,0,0,0.0,0,0,0.6358693244739756,1,8.0,1,0.125,0.4444444444444444,4.388888888888888,0.15131863380890617,1.6,1.6,0.32000000000000006
Rayo Vallecano vs Sevilla,Rayo Vallecano,0.0,0.0,13.0,6.0,482,398.0,10.0,3,1,996,14.0,6.0,0.46153846153846156,0.8257261410788381,0.0,0.0,0.0,0.0,0.0,0.0,0,0,0.0,0,0,0.5996847759657756,4,10.0,4,0.4,0.5,6.3,0.3093385214007782,1.0,2.2,-0.16000000000000003
Real Sociedad vs Rayo Vallecano,Rayo Vallecano,1.0,1.0,5.0,2.0,414,328.0,21.0,2,0,990,13.0,11.0,0.4,0.7922705314009661,0.0,0.0,0.0,0.0,0.0,0.0,0,0,0.0,0,0,0.5566003819795529,2,21.0,2,0.09523809523809523,0.875,11.275,0.7206955252918289,0.6,2.4,-0.42
Celta Vigo vs Real Betis,Real Betis,1.0,1.0,4.0,2.0,570,514.0,11.0,2,0,989,15.0,4.0,0.5,0.9017543859649123,0.0,0.0,0.0,0.0,0.0,0.0,0,0,0.0,0,0,0.6718074255405957,2,11.0,2,0.18181818181818182,0.5789473684210527,6.21578947368421,0.30237558877739096,1.0,2.0,-0.09999999999999998
Elche vs Real Betis,Real Betis,1.0,1.0,8.0,4.0,321,261.0,13.0,1,0,997,17.0,7.0,0.5,0.8130841121495327,0.0,0.0,0.0,0.0,0.0,0.0,0,0,0.0,0,0,0.5309606607259292,1,13.0,1,0.07692307692307693,0.5416666666666666,6.908333333333333,0.35963845654993515,1.0,1.5,0.050000000000000044
Espanyol vs Real Betis,Real Betis,2.0,2.0,9.0,3.0,463,385.0,4.0,5,0,1001,17.0,6.0,0.3333333333333333,0.8315334773218143,0.0,0.0,0.0,0.0,0.0,0.0,0,0,0.0,0,0,0.5952241030019924,5,4.0,5,1.25,0.17391304347826086,3.534782608695652,0.0806970055828117,1.3333333333333333,2.6666666666666665,-0.1333333333333333
Levante vs Real Betis,Real Betis,2.0,2.0,17.0,9.0,544,482.0,11.0,2,0,999,17.0,6.0,0.5294117647058824,0.8860294117647058,0.0,0.0,0.0,0.0,0.0,0.0,0,0,0.0,0,0,0.6538674190606475,2,11.0,2,0.18181818181818182,0.4782608695652174,6.195652173913043,0.30071053967179834,1.5,2.5,0.0
Real Betis vs Alaves,Real Betis,1.0,0.0,12.0,5.0,470,406.0,10.0,2,0,1004,11.0,11.0,0.4166666666666667,0.8638297872340426,0.0,0.0,0.0,0.0,0.0,0.0,0,0,0.0,0,0,0.6140854362526802,2,10.0,2,0.2,0.45454545454545453,5.6909090909090905,0.25897594623275555,1.4,2.4,-0.020000000000000018
Real Betis vs Athletic Club,Real Betis,1.0,1.0,6.0,2.0,454,373.0,9.0,1,0,1012,25.0,12.0,0.3333333333333333,0.8215859030837004,0.0,0.0,0.0,0.0,0.0,0.0,0,0,0.0,0,0,0.5867619437899122,1,9.0,1,0.1111111111111111,0.24324324324324326,4.848648648648648,0.18933378904196024,1.4,2.2,0.039999999999999925
Real Betis vs Osasuna,Real Betis,2.0,2.0,9.0,6.0,519,435.0,6.0,0,0,990,13.0,4.0,0.6666666666666666,0.838150289017341,0.0,0.0,0.0,0.0,0.0,0.0,0,0,0.0,0,0,0.620237935206345,0,6.0,0,0.0,0.35294117647058826,3.070588235294118,0.0423151750972763,1.6,2.0,0.20000000000000007
Real Betis vs Real Sociedad,Real Betis,2.0,2.0,14.0,6.0,492,400.0,7.0,3,0,996,27.0,17.0,0.42857142857142855,0.8130081300813008,0.0,0.0,0.0,0.0,0.0,0.0,0,0,0.0,0,0,0.597201739459255,3,7.0,3,0.42857142857142855,0.1590909090909091,4.4318181818181825,0.15486823487796259,1.6,1.6,0.32000000000000006
Villarreal vs Real Betis,Real Betis,2.0,2.0,10.0,3.0,561,493.0,10.0,1,0,997,12.0,9.0,0.3,0.8787878787878788,0.0,0.0,0.0,0.0,0.0,0.0,0,0,0.0,0,0,0.6568357998590557,1,10.0,1,0.1,0.47619047619047616,5.395238095238095,0.23452844172688528,1.6,1.4,0.38000000000000006
Atletico Madrid vs Real Madrid,Real Madrid,2.0,2.0,4.0,2.0,538,471.0,14.0,4,0,997,11.0,7.0,0.5,0.8754646840148699,0.0,0.0,0.0,0.0,0.0,0.0,0,0,0.0,0,0,0.6462594737903806,4,14.0,4,0.2857142857142857,0.7777777777777778,8.355555555555554,0.47930177258971024,2.0,4.0,-0.19999999999999996
Getafe vs Real Madrid,Real Madrid,1.0,1.0,19.0,10.0,632,550.0,11.0,1,0,1006,17.0,5.0,0.5263157894736842,0.870253164556962,0.0,0.0,0.0,0.0,0.0,0.0,0,0,0.0,0,0,0.6800878225885585,1,11.0,1,0.09090909090909091,0.5,5.8999999999999995,0.2762645914396887,1.5,2.5,0.0
Levante vs Real Madrid,Real Madrid,4.0,3.0,21.0,10.0,696,636.0,9.0,1,0,990,22.0,6.0,0.47619047619047616,0.9137931034482759,0.0,0.0,0.0,0.0,0.0,0.0,0,0,0.0,0,0,0.7266639935846031,1,9.0,1,0.1111111111111111,0.32142857142857145,4.864285714285714,0.1906267370761534,2.3333333333333335,2.0,0.5666666666666668
Oviedo vs Real Madrid,Real Madrid,3.0,3.0,16.0,10.0,699,644.0,7.0,1,0,995,23.0,9.0,0.625,0.9213161659513591,0.0,0.0,0.0,0.0,0.0,0.0,0,0,0.0,0,0,0.7315883155338191,1,7.0,1,0.14285714285714285,0.21875,3.84375,0.10624392023346306,2.5,1.75,0.725
Real Madrid vs Espanyol,Real Madrid,2.0,2.0,11.0,5.0,738,686.0,10.0,2,0,988,16.0,4.0,0.45454545454545453,0.9295392953929539,0.0,0.0,0.0,0.0,0.0,0.0,0,0,0.0,0,0,0.7508161593243838,2,10.0,2,0.2,0.5,5.699999999999999,0.25972762645914393,2.4,1.8,0.6599999999999999
Real Madrid vs Mallorca,Real Madrid,2.0,2.0,13.0,7.0,537,480.0,12.0,2,0,989,13.0,7.0,0.5384615384615384,0.8938547486033519,0.0,0.0,0.0,0.0,0.0,0.0,0,0,0.0,0,0,0.6550669091853969,2,12.0,2,0.16666666666666666,0.6,6.72,0.3440661478599222,2.4,1.4,0.78
Real Madrid vs Osasuna,Real Madrid,1.0,0.0,12.0,5.0,721,659.0,10.0,1,0,1001,16.0,6.0,0.4166666666666667,0.9140083217753121,0.0,0.0,0.0,0.0,0.0,0.0,0,0,0.0,0,0,0.7364615252287413,1,10.0,1,0.1,0.45454545454545453,5.390909090909091,0.23417049876193846,2.4,1.4,0.78
Real Madrid vs Villarreal,Real Madrid,3.0,2.0,17.0,7.0,711,653.0,9.0,2,0,994,26.0,4.0,0.4117647058823529,0.9184247538677919,0.0,0.0,0.0,0.0,0.0,0.0,0,0,0.0,0,0,0.7347937722827331,2,9.0,2,0.2222222222222222,0.3,5.159999999999999,0.2150778210116731,2.2,1.6,0.6200000000000001
Real Sociedad vs Real Madrid,Real Madrid,2.0,1.0,13.0,6.0,314,241.0,7.0,1,1,939,9.0,10.0,0.46153846153846156,0.767515923566879,0.0,0.0,0.0,0.0,0.0,0.0,0,0,0.0,0,0,0.5054633881400287,2,7.0,2,0.2857142857142857,0.3684210526315789,4.173684210526315,0.13352447266024983,2.0,1.8,0.45999999999999996
Barcelona vs Real Sociedad,Real Sociedad,1.0,1.0,5.0,2.0,250,194.0,12.0,2,0,990,26.0,3.0,0.4,0.776,0.0,0.0,0.0,0.0,0.0,0.0,0,0,0.0,0,0,0.48489922480620157,2,12.0,2,0.16666666666666666,0.41379310344827586,6.682758620689655,0.3409868509325104,1.0,2.0,-0.09999999999999998
Celta Vigo vs Real Sociedad,Real Sociedad,1.0,1.0,11.0,7.0,512,448.0,20.0,3,0,990,8.0,10.0,0.6363636363636364,0.875,0.0,0.0,0.0,0.0,0.0,0.0,0,0,0.0,0,0,0.6359496124031008,3,20.0,3,0.15,1.1111111111111112,11.122222222222222,0.708063121487246,1.0,2.5,-0.25
Oviedo vs Real Sociedad,Real Sociedad,0.0,0.0,15.0,6.0,526,446.0,18.0,1,0,990,14.0,4.0,0.4,0.8479087452471483,0.0,0.0,0.0,0.0,0.0,0.0,0,0,0.0,0,0,0.6278303416158222,1,18.0,1,0.05555555555555555,1.0,9.5,0.5739299610894942,0.6666666666666666,2.0,-0.26666666666666666
Real Betis vs Real Sociedad,Real Sociedad,1.0,1.0,7.0,5.0,481,385.0,20.0,7,0,990,25.0,14.0,0.7142857142857143,0.8004158004158004,0.0,0.0,0.0,0.0,0.0,0.0,0,0,0.0,0,0,0.586642008735032,7,20.0,7,0.35,0.5128205128205128,12.202564102564102,0.7973910006983936,0.75,3.25,-0.6
Real Sociedad vs Espanyol,Real Sociedad,2.0,1.0,11.0,7.0,501,434.0,16.0,2,0,993,18.0,6.0,0.6363636363636364,0.8662674650698603,0.0,0.0,0.0,0.0,0.0,0.0,0,0,0.0,0,0,0.6273197790465581,2,16.0,2,0.125,0.6666666666666666,8.733333333333333,0.5105382619974059,1.0,3.0,-0.3999999999999999
Real Sociedad vs Mallorca,Real Sociedad,1.0,1.0,14.0,4.0,548,449.0,13.0,2,0,1004,13.0,2.0,0.2857142857142857,0.8193430656934306,0.0,0.0,0.0,0.0,0.0,0.0,0,0,0.0,0,0,0.6220746336219091,2,13.0,2,0.15384615384615385,0.8666666666666667,7.273333333333333,0.38981841763942937,1.0,3.0,-0.3999999999999999
Real Sociedad vs Rayo Vallecano,Real Sociedad,0.0,0.0,4.0,3.0,421,338.0,13.0,1,0,990,11.0,8.0,0.75,0.8028503562945368,0.0,0.0,0.0,0.0,0.0,0.0,0,0,0.0,0,0,0.5646034727209118,1,13.0,1,0.07692307692307693,0.6842105263157895,6.936842105263158,0.36199569936514436,0.8,2.6,-0.38
Real Sociedad vs Real Madrid,Real Sociedad,1.0,0.0,11.0,4.0,521,447.0,17.0,2,0,990,13.0,6.0,0.36363636363636365,0.8579654510556622,0.0,0.0,0.0,0.0,0.0,0.0,0,0,0.0,0,0,0.6309207100239551,2,17.0,2,0.11764705882352941,0.8947368421052632,9.278947368421052,0.5556522629531027,1.0,2.8,-0.33999999999999997
Valencia vs Real Sociedad,Real Sociedad,1.0,1.0,10.0,3.0,340,294.0,11.0,2,0,995,19.0,4.0,0.3,0.8647058823529412,0.0,0.0,0.0,0.0,0.0,0.0,0,0,0.0,0,0,0.5641358869129047,2,11.0,2,0.18181818181818182,0.4782608695652174,6.195652173913043,0.30071053967179834,1.0,1.8,-0.040000000000000036
Alaves vs Sevilla,Sevilla,2.0,1.0,7.0,3.0,423,340.0,19.0,7,0,1008,20.0,8.0,0.42857142857142855,0.8037825059101655,0.0,0.0,0.0,0.0,0.0,0.0,0,0,0.0,0,0,0.5658447413271758,7,19.0,7,0.3684210526315789,0.6785714285714286,11.735714285714286,0.758789605336298,2.0,7.0,-1.1
Athletic Club vs Sevilla,Sevilla,2.0,2.0,10.0,6.0,477,396.0,12.0,2,0,1000,18.0,12.0,0.6,0.8301886792452831,0.0,0.0,0.0,0.0,0.0,0.0,0,0,0.0,0,0,0.5999780605528741,2,12.0,2,0.16666666666666666,0.4,6.68,0.34075875486381324,2.0,4.5,-0.34999999999999987
Girona vs Sevilla,Sevilla,2.0,2.0,10.0,4.0,322,254.0,14.0,1,0,1002,17.0,3.0,0.4,0.7888198757763976,0.0,0.0,0.0,0.0,0.0,0.0,0,0,0.0,0,0,0.5192161394385864,1,14.0,1,0.07142857142857142,0.7,7.4399999999999995,0.4035992217898833,2.0,3.3333333333333335,0.0
Rayo Vallecano vs Sevilla,Sevilla,1.0,1.0,2.0,1.0,279,193.0,15.0,1,0,989,15.0,8.0,0.5,0.6917562724014337,0.0,0.0,0.0,0.0,0.0,0.0,0,0,0.0,0,0,0.45401767108443775,1,15.0,1,0.06666666666666667,0.6521739130434783,7.930434782608695,0.4441507359160886,1.75,2.75,0.050000000000000044
Sevilla vs Barcelona,Sevilla,4.0,3.0,11.0,5.0,266,205.0,18.0,7,0,997,18.0,8.0,0.45454545454545453,0.7706766917293233,0.0,0.0,0.0,0.0,0.0,0.0,0,0,0.0,0,0,0.4884391210584601,7,18.0,7,0.3888888888888889,0.6923076923076923,11.238461538461538,0.7176743489973062,2.2,3.6,0.020000000000000018
Sevilla vs Elche,Sevilla,2.0,2.0,5.0,3.0,392,339.0,23.0,4,0,990,22.0,9.0,0.6,0.8647959183673469,0.0,0.0,0.0,0.0,0.0,0.0,0,0,0.0,0,0,0.5843359436797975,4,23.0,4,0.17391304347826086,0.7419354838709677,12.848387096774193,0.8507907618928078,2.2,3.0,0.20000000000000018
Sevilla vs Getafe,Sevilla,0.0,0.0,11.0,3.0,533,453.0,10.0,2,0,998,24.0,5.0,0.2727272727272727,0.849906191369606,0.0,0.0,0.0,0.0,0.0,0.0,0,0,0.0,0,0,0.6315422429716246,2,10.0,2,0.2,0.3448275862068966,5.668965517241379,0.2571615456863008,1.8,3.0,1.1102230246251565e-16
Sevilla vs Mallorca,Sevilla,1.0,1.0,6.0,4.0,413,341.0,16.0,2,0,999,15.0,9.0,0.6666666666666666,0.8256658595641646,0.0,0.0,0.0,0.0,0.0,0.0,0,0,0.0,0,0,0.5729104491619272,2,16.0,2,0.125,0.6666666666666666,8.733333333333333,0.5105382619974059,1.6,3.2,-0.15999999999999992
Sevilla vs Villarreal,Sevilla,1.0,0.0,8.0,2.0,599,523.0,17.0,1,0,978,23.0,10.0,0.25,0.8731218697829716,0.0,0.0,0.0,0.0,0.0,0.0,0,0,0.0,0,0,0.6687314775271447,1,17.0,1,0.058823529411764705,0.5151515151515151,8.903030303030304,0.5245696262233228,1.6,3.2,-0.15999999999999992
Barcelona vs Valencia,Valencia,0.0,0.0,2.0,1.0,248,167.0,8.0,1,0,990,17.0,6.0,0.5,0.6733870967741935,0.0,0.0,0.0,0.0,0.0,0.0,0,0,0.0,0,0,0.43281757939484866,1,8.0,1,0.125,0.34782608695652173,4.369565217391304,0.14972085941465063,0.0,1.0,-0.3
Espanyol vs Valencia,Valencia,2.0,2.0,4.0,2.0,367,280.0,9.0,4,0,990,24.0,7.0,0.5,0.7629427792915532,0.0,0.0,0.0,0.0,0.0,0.0,0,0,0.0,0,0,0.5237194516612804,4,9.0,4,0.4444444444444444,0.2903225806451613,5.758064516129032,0.26452868080833436,1.0,2.5,-0.25
Girona vs Valencia,Valencia,1.0,1.0,14.0,6.0,461,384.0,12.0,1,0,1001,12.0,6.0,0.42857142857142855,0.8329718004338394,0.0,0.0,0.0,0.0,0.0,0.0,0,0,0.0,0,0,0.5951680707595554,1,12.0,1,0.08333333333333333,0.6666666666666666,6.433333333333334,0.3203631647211414,1.0,2.0,-0.09999999999999998
Osasuna vs Valencia,Valencia,0.0,0.0,3.0,1.0,370,296.0,13.0,1,1,926,12.0,5.0,0.3333333333333333,0.8,0.0,0.0,0.0,0.0,0.0,0.0,0,0,0.0,0,0,0.5434108527131783,2,13.0,2,0.15384615384615385,0.7647058823529411,7.252941176470588,0.38813229571984437,0.75,2.0,-0.22499999999999998
Valencia vs Athletic Club,Valencia,2.0,2.0,11.0,5.0,378,296.0,13.0,1,0,990,20.0,16.0,0.45454545454545453,0.783068783068783,0.0,0.0,0.0,0.0,0.0,0.0,0,0,0.0,0,0,0.5380460194413682,1,13.0,1,0.07692307692307693,0.3611111111111111,6.872222222222222,0.35665261565067014,1.0,1.8,-0.040000000000000036
Valencia vs Getafe,Valencia,3.0,3.0,5.0,4.0,408,332.0,18.0,2,0,1006,13.0,3.0,0.8,0.8137254901960784,0.0,0.0,0.0,0.0,0.0,0.0,0,0,0.0,0,0,0.5650022799817601,2,18.0,2,0.1111111111111111,1.125,9.825,0.6008025291828794,1.6,2.0,0.20000000000000007
Valencia vs Oviedo,Valencia,1.0,1.0,13.0,5.0,541,473.0,14.0,1,0,1000,10.0,10.0,0.38461538461538464,0.8743068391866913,0.0,0.0,0.0,0.0,0.0,0.0,0,0,0.0,0,0,0.6468433420739658,1,14.0,1,0.07142857142857142,0.7,7.4399999999999995,0.4035992217898833,1.4,1.4,0.27999999999999997
Valencia vs Real Sociedad,Valencia,1.0,1.0,9.0,2.0,395,341.0,5.0,1,0,1000,12.0,5.0,0.2222222222222222,0.8632911392405064,0.0,0.0,0.0,0.0,0.0,0.0,0,0,0.0,0,0,0.5847463448140516,1,5.0,1,0.2,0.29411764705882354,2.8588235294117643,0.024805447470817105,1.4,1.4,0.27999999999999997
Atletico Madrid vs Villarreal,Villarreal,0.0,0.0,5.0,1.0,396,340.0,15.0,4,0,990,11.0,8.0,0.2,0.8585858585858586,0.0,0.0,0.0,0.0,0.0,0.0,0,0,0.0,0,0,0.5827813013859525,4,15.0,4,0.26666666666666666,0.7894736842105263,8.857894736842104,0.5208375998361662,0.0,4.0,-1.2
Celta Vigo vs Villarreal,Villarreal,1.0,1.0,7.0,3.0,390,318.0,8.0,1,0,997,24.0,12.0,0.42857142857142855,0.8153846153846154,0.0,0.0,0.0,0.0,0.0,0.0,0,0,0.0,0,0,0.558855098389982,1,8.0,1,0.125,0.2222222222222222,4.344444444444444,0.14764375270211846,0.5,2.5,-0.5
Real Madrid vs Villarreal,Villarreal,1.0,1.0,5.0,2.0,317,256.0,14.0,4,1,981,29.0,6.0,0.4,0.807570977917981,0.0,0.0,0.0,0.0,0.0,0.0,0,0,0.0,0,0,0.5266537060132541,5,14.0,5,0.35714285714285715,0.4,8.58,0.4978599221789884,0.6666666666666666,3.3333333333333335,-0.6666666666666667
Sevilla vs Villarreal,Villarreal,2.0,2.0,9.0,5.0,324,264.0,14.0,3,0,1004,18.0,10.0,0.5555555555555556,0.8148148148148148,0.0,0.0,0.0,0.0,0.0,0.0,0,0,0.0,0,0,0.5329888027562446,3,14.0,3,0.21428571428571427,0.5,8.0,0.44990272373540857,1.0,3.25,-0.475
Villarreal vs Athletic Club,Villarreal,1.0,0.0,11.0,5.0,372,302.0,13.0,2,0,989,22.0,7.0,0.45454545454545453,0.8118279569892473,0.0,0.0,0.0,0.0,0.0,0.0,0,0,0.0,0,0,0.5501000250062515,2,13.0,2,0.15384615384615385,0.4482758620689655,7.189655172413793,0.3828995035556152,1.0,3.0,-0.3999999999999999
Villarreal vs Girona,Villarreal,5.0,4.0,14.0,7.0,517,467.0,8.0,1,0,993,22.0,5.0,0.5,0.9032882011605415,0.0,0.0,0.0,0.0,0.0,0.0,0,0,0.0,0,0,0.6520316974794955,1,8.0,1,0.125,0.2962962962962963,4.359259259259259,0.1488687130710477,2.0,2.4,0.28
Villarreal vs Osasuna,Villarreal,2.0,2.0,20.0,8.0,502,444.0,10.0,2,0,990,15.0,5.0,0.4,0.8844621513944223,0.0,0.0,0.0,0.0,0.0,0.0,0,0,0.0,0,0,0.6368047191080639,2,10.0,2,0.2,0.5,5.699999999999999,0.25972762645914393,2.2,2.6,0.32000000000000006
Villarreal vs Oviedo,Villarreal,2.0,1.0,21.0,10.0,668,612.0,10.0,1,0,995,11.0,14.0,0.47619047619047616,0.9161676646706587,0.0,0.0,0.0,0.0,0.0,0.0,0,0,0.0,0,0,0.7169985610174998,1,10.0,1,0.1,0.4,5.38,0.23326848249027238,2.4,1.8,0.6599999999999999
Villarreal vs Real Betis,Villarreal,2.0,2.0,7.0,3.0,372,293.0,13.0,1,0,990,11.0,5.0,0.42857142857142855,0.7876344086021505,0.0,0.0,0.0,0.0,0.0,0.0,0,0,0.0,0,0,0.5380032508127032,1,13.0,1,0.07692307692307693,0.8125,6.9624999999999995,0.36411721789883267,2.4,1.4,0.78
