player_id,name,team,position,minutes,goals,assists,shots_total,shots_on,passes_total,accurate_passes,tackles,interceptions,fouls_committed,fouls_drawn,yellow_cards,red_cards,duels_won,duels_total,goals_per_90,assists_per_90,shots_accuracy,pass_accuracy_pct,duel_success_rate,defensive_contrib_per_90,discipline_index
18,Jadon Sancho,Aston Villa,F,189,0.0,0,4.0,3.0,96,87.0,0.0,0.0,0.0,1.0,0,0,6.0,16.0,0.0,0.0,0.75,90.625,37.5,0.0,0.0
18,Jadon Sancho,Aston Villa,M,262,0.0,0,0.0,0.0,99,80.0,2.0,2.0,1.0,0.0,0,0,6.0,19.0,0.0,0.0,,80.808,31.579,1.374,0.086
22,Jacob Bruun Larsen,Burnley,F,539,0.0,0,6.0,3.0,163,132.0,9.0,4.0,1.0,0.0,0,0,19.0,54.0,0.0,0.0,0.5,80.982,35.185,2.171,0.042
22,Jacob Bruun Larsen,Burnley,M,333,0.0,1,2.0,1.0,83,69.0,2.0,2.0,0.0,0.0,0,0,7.0,26.0,0.0,0.27,0.5,83.133,26.923,1.081,0.0
44,Rodri,Manchester City,M,723,0.0,0,3.0,1.0,729,651.0,22.0,7.0,7.0,17.0,2,0,64.0,91.0,0.0,0.0,0.333,89.3,70.33,3.61,0.467
95,Benoît Badiashile,Chelsea,D,471,0.0,0,0.0,0.0,439,408.0,7.0,10.0,6.0,2.0,2,0,17.0,32.0,0.0,0.0,,92.938,53.125,3.248,0.669
131,Jorge Cuenca,Fulham,D,849,0.0,0,1.0,0.0,559,493.0,15.0,12.0,8.0,1.0,4,0,33.0,59.0,0.0,0.0,0.0,88.193,55.932,2.862,0.636
138,Jean-Clair Todibo,West Ham,D,1521,0.0,1,1.0,0.0,672,587.0,33.0,13.0,6.0,2.0,4,1,57.0,95.0,0.0,0.059,0.0,87.351,60.0,2.722,0.444
164,Ben Davies,Tottenham,D,138,1.0,0,2.0,2.0,66,57.0,5.0,1.0,2.0,0.0,1,0,9.0,15.0,0.652,0.0,1.0,86.364,60.0,3.913,0.978
169,Kieran Trippier,Newcastle,D,964,0.0,0,1.0,0.0,676,559.0,15.0,5.0,14.0,11.0,1,0,39.0,89.0,0.0,0.0,0.0,82.692,43.82,1.867,0.42
171,Kyle Walker-Peters,West Ham,D,962,1.0,0,5.0,3.0,439,379.0,34.0,6.0,9.0,18.0,2,0,72.0,119.0,0.094,0.0,0.6,86.333,60.504,3.742,0.398
247,Cody Gakpo,Liverpool,F,367,1.0,0,9.0,1.0,110,98.0,3.0,1.0,4.0,3.0,1,0,14.0,29.0,0.245,0.0,0.111,89.091,48.276,0.981,0.49
247,Cody Gakpo,Liverpool,M,1227,4.0,3,26.0,11.0,399,309.0,10.0,6.0,20.0,27.0,0,0,85.0,161.0,0.293,0.22,0.423,77.444,52.795,1.174,0.367
249,Donyell Malen,Aston Villa,F,597,4.0,1,19.0,9.0,79,63.0,4.0,0.0,2.0,5.0,0,0,19.0,51.0,0.603,0.151,0.474,79.747,37.255,0.603,0.075
249,Donyell Malen,Aston Villa,M,83,0.0,0,2.0,0.0,15,10.0,0.0,0.0,0.0,1.0,0,0,2.0,6.0,0.0,0.0,0.0,66.667,33.333,0.0,0.0
250,Joël Piroe,Leeds,F,248,0.0,0,5.0,2.0,77,65.0,1.0,1.0,3.0,0.0,0,0,5.0,27.0,0.0,0.0,0.4,84.416,18.519,0.726,0.272
253,Alphonse Aréola,West Ham,G,1800,0.0,1,0.0,0.0,541,252.0,0.0,1.0,1.0,1.0,0,0,6.0,9.0,0.0,0.05,,46.58,66.667,0.05,0.012
280,Alisson,Liverpool,G,1710,0.0,0,0.0,0.0,589,471.0,0.0,0.0,0.0,5.0,0,0,7.0,8.0,0.0,0.0,,79.966,87.5,0.0,0.0
281,Caoimhin Kelleher,Brentford,G,2160,0.0,0,0.0,0.0,806,531.0,1.0,1.0,2.0,6.0,1,0,10.0,14.0,0.0,0.0,,65.881,71.429,0.083,0.062
284,Joe Gomez,Liverpool,D,296,0.0,2,2.0,0.0,140,113.0,2.0,7.0,5.0,0.0,2,0,8.0,21.0,0.0,0.608,0.0,80.714,38.095,2.736,0.988
285,Ki-Jana Hoever,Wolves,D,153,0.0,0,1.0,1.0,74,57.0,4.0,3.0,1.0,1.0,0,0,11.0,19.0,0.0,0.0,1.0,77.027,57.895,4.118,0.147
285,Ki-Jana Hoever,Wolves,M,275,0.0,0,0.0,0.0,80,49.0,9.0,3.0,2.0,2.0,0,0,16.0,26.0,0.0,0.0,,61.25,61.538,3.927,0.164
289,Andrew Robertson,Liverpool,D,546,0.0,0,1.0,1.0,362,303.0,10.0,5.0,1.0,0.0,0,0,23.0,40.0,0.0,0.0,1.0,83.702,57.5,2.473,0.041
290,Virgil van Dijk,Liverpool,D,2160,1.0,0,12.0,5.0,1903,1713.0,15.0,16.0,9.0,12.0,3,0,148.0,193.0,0.042,0.0,0.417,90.016,76.684,1.292,0.219
292,Jordan Henderson,Brentford,M,1431,1.0,3,4.0,1.0,847,672.0,20.0,13.0,10.0,6.0,4,0,33.0,70.0,0.063,0.189,0.25,79.339,47.143,2.075,0.409
293,Curtis Jones,Liverpool,M,1097,0.0,1,10.0,4.0,978,900.0,21.0,7.0,9.0,17.0,1,0,59.0,113.0,0.0,0.082,0.4,92.025,52.212,2.297,0.267
296,James Milner,Brighton,M,333,1.0,1,1.0,1.0,203,174.0,5.0,2.0,7.0,2.0,2,0,10.0,32.0,0.27,0.27,1.0,85.714,31.25,1.892,1.014
306,Mohamed Salah,Liverpool,F,289,0.0,2,7.0,4.0,140,110.0,1.0,0.0,1.0,1.0,0,0,9.0,33.0,0.0,0.623,0.571,78.571,27.273,0.311,0.078
306,Mohamed Salah,Liverpool,M,1068,4.0,3,20.0,9.0,317,235.0,2.0,2.0,6.0,12.0,1,0,27.0,90.0,0.337,0.253,0.45,74.132,30.0,0.337,0.211
532,Matthijs de Ligt,Manchester United,D,1170,1.0,0,8.0,3.0,612,537.0,19.0,15.0,6.0,5.0,0,0,74.0,118.0,0.077,0.0,0.375,87.745,62.712,2.615,0.115
537,Joël Veltman,Brighton,D,710,1.0,0,2.0,1.0,271,215.0,27.0,16.0,6.0,16.0,3,0,59.0,82.0,0.127,0.0,0.5,79.336,71.951,5.451,0.57
542,Ryan Gravenberch,Liverpool,M,1940,4.0,2,14.0,7.0,1351,1218.0,40.0,31.0,22.0,24.0,4,0,103.0,174.0,0.186,0.093,0.5,90.155,59.195,3.294,0.441
545,Noussair Mazraoui,Manchester United,D,251,0.0,0,0.0,0.0,153,140.0,6.0,4.0,3.0,3.0,1,0,13.0,23.0,0.0,0.0,,91.503,56.522,3.586,0.627
545,Noussair Mazraoui,Manchester United,M,229,0.0,0,0.0,0.0,115,94.0,9.0,3.0,2.0,3.0,0,0,18.0,27.0,0.0,0.0,,81.739,66.667,4.716,0.197
567,Rúben Dias,Manchester City,D,1715,2.0,0,5.0,4.0,1399,1303.0,7.0,19.0,13.0,8.0,2,0,65.0,109.0,0.105,0.0,0.8,93.138,59.633,1.364,0.276
575,Florentino Luís,Burnley,M,1539,0.0,2,6.0,1.0,753,645.0,74.0,26.0,28.0,6.0,3,0,103.0,197.0,0.0,0.117,0.167,85.657,52.284,5.848,0.585
626,John Stones,Manchester City,D,362,0.0,0,0.0,0.0,257,238.0,0.0,2.0,0.0,0.0,0,0,11.0,15.0,0.0,0.0,,92.607,73.333,0.497,0.0
627,Kyle Walker,Burnley,D,1440,0.0,1,1.0,0.0,654,491.0,28.0,23.0,23.0,12.0,6,0,70.0,146.0,0.0,0.062,0.0,75.076,47.945,3.188,0.734
627,Kyle Walker,Burnley,M,617,0.0,1,0.0,0.0,281,211.0,8.0,8.0,2.0,3.0,2,0,25.0,43.0,0.0,0.146,,75.089,58.14,2.334,0.365
631,Phil Foden,Manchester City,F,89,2.0,0,2.0,2.0,51,46.0,3.0,3.0,0.0,2.0,0,0,6.0,9.0,2.022,0.0,1.0,90.196,66.667,6.067,0.0
631,Phil Foden,Manchester City,M,1567,5.0,2,25.0,11.0,872,765.0,21.0,4.0,15.0,23.0,3,0,67.0,139.0,0.287,0.115,0.44,87.729,48.201,1.436,0.388
636,Bernardo Silva,Manchester City,M,1763,0.0,4,7.0,1.0,1171,1056.0,27.0,15.0,28.0,18.0,5,0,58.0,155.0,0.0,0.204,0.143,90.179,37.419,2.144,0.613
641,Oleksandr Zinchenko,Nottingham Forest,D,353,0.0,0,2.0,2.0,254,230.0,10.0,2.0,1.0,2.0,0,0,16.0,34.0,0.0,0.0,1.0,90.551,47.059,3.059,0.064
643,Gabriel Jesus,Arsenal,F,221,2.0,0,10.0,8.0,64,47.0,4.0,1.0,5.0,1.0,1,0,14.0,44.0,0.814,0.0,0.8,73.438,31.818,2.036,0.916
657,Kenny Tete,Fulham,D,1347,1.0,0,7.0,3.0,645,538.0,50.0,21.0,14.0,27.0,2,0,104.0,170.0,0.067,0.0,0.429,83.411,61.176,4.744,0.367
671,Bertrand Traoré,Sunderland,F,113,0.0,0,3.0,1.0,33,27.0,2.0,1.0,1.0,1.0,0,0,9.0,17.0,0.0,0.0,0.333,81.818,52.941,2.389,0.199
671,Bertrand Traoré,Sunderland,M,503,1.0,0,6.0,5.0,138,109.0,9.0,1.0,8.0,10.0,1,0,33.0,65.0,0.179,0.0,0.833,78.986,50.769,1.789,0.537
723,Joelinton,Newcastle,M,1366,2.0,0,15.0,9.0,582,484.0,30.0,18.0,26.0,22.0,6,0,99.0,190.0,0.132,0.0,0.6,83.162,52.105,3.163,0.824
727,Reiss Nelson,Brentford,F,66,0.0,0,3.0,1.0,28,28.0,2.0,0.0,0.0,2.0,0,0,6.0,13.0,0.0,0.0,0.333,100.0,46.154,2.727,0.0
747,Casemiro,Manchester United,M,1563,5.0,2,20.0,8.0,900,736.0,52.0,16.0,31.0,20.0,8,1,107.0,211.0,0.288,0.115,0.4,81.778,50.711,3.916,1.022
792,Justin Kluivert,Bournemouth,F,192,1.0,0,5.0,3.0,89,76.0,2.0,0.0,6.0,1.0,2,0,6.0,29.0,0.469,0.0,0.6,85.393,20.69,0.938,1.641
792,Justin Kluivert,Bournemouth,M,728,1.0,0,6.0,1.0,243,195.0,8.0,4.0,9.0,8.0,2,0,30.0,81.0,0.124,0.0,0.167,80.247,37.037,1.484,0.525
833,Jaka Bijol,Leeds,D,985,1.0,1,5.0,4.0,590,509.0,14.0,17.0,9.0,6.0,1,0,55.0,90.0,0.091,0.091,0.8,86.271,61.111,2.832,0.297
863,Rodrigo Bentancur,Tottenham,M,1415,1.0,1,6.0,2.0,739,625.0,37.0,22.0,15.0,3.0,5,0,78.0,150.0,0.064,0.064,0.333,84.574,52.0,3.753,0.557
886,Diogo Dalot,Manchester United,D,617,0.0,0,3.0,0.0,239,209.0,13.0,6.0,2.0,2.0,1,0,30.0,44.0,0.0,0.0,0.0,87.448,68.182,2.771,0.219
886,Diogo Dalot,Manchester United,M,1059,1.0,2,8.0,3.0,431,350.0,19.0,10.0,12.0,7.0,2,0,54.0,98.0,0.085,0.17,0.375,81.206,55.102,2.465,0.425
889,Victor Lindelöf,Aston Villa,D,600,0.0,1,1.0,0.0,385,364.0,4.0,4.0,1.0,0.0,0,0,12.0,21.0,0.0,0.15,0.0,94.545,57.143,1.2,0.038
891,Luke Shaw,Manchester United,D,2004,0.0,1,0.0,0.0,1183,1032.0,46.0,27.0,29.0,3.0,4,0,88.0,173.0,0.0,0.045,,87.236,50.867,3.278,0.505
891,Luke Shaw,Manchester United,M,90,0.0,0,0.0,0.0,30,27.0,2.0,1.0,2.0,2.0,0,0,6.0,11.0,0.0,0.0,,90.0,54.545,3.0,0.5
895,James Garner,Everton,D,450,1.0,0,5.0,2.0,237,197.0,9.0,2.0,3.0,5.0,1,0,20.0,37.0,0.2,0.0,0.4,83.122,54.054,2.2,0.35
895,James Garner,Everton,M,1704,1.0,3,19.0,6.0,876,780.0,65.0,31.0,19.0,22.0,4,0,113.0,174.0,0.053,0.158,0.316,89.041,64.943,5.07,0.462
978,Kai Havertz,Arsenal,F,30,0.0,0,0.0,0.0,9,5.0,0.0,0.0,0.0,2.0,0,0,5.0,10.0,0.0,0.0,,55.556,50.0,0.0,0.0
978,Kai Havertz,Arsenal,M,61,0.0,0,0.0,0.0,9,5.0,1.0,0.0,1.0,1.0,0,0,4.0,9.0,0.0,0.0,,55.556,44.444,1.475,0.369
983,Leon Bailey,Aston Villa,M,76,0.0,0,1.0,0.0,41,36.0,2.0,0.0,1.0,0.0,0,0,2.0,9.0,0.0,0.0,0.0,87.805,22.222,2.368,0.296
1096,Dominik Szoboszlai,Liverpool,D,450,1.0,0,6.0,4.0,317,289.0,8.0,4.0,3.0,0.0,0,0,15.0,26.0,0.2,0.0,0.667,91.167,57.692,2.4,0.15
1096,Dominik Szoboszlai,Liverpool,M,1613,2.0,2,25.0,11.0,1089,951.0,26.0,10.0,18.0,16.0,5,0,64.0,131.0,0.112,0.112,0.44,87.328,48.855,2.009,0.53
1100,Erling Haaland,Manchester City,F,2013,20.0,5,73.0,43.0,254,164.0,12.0,3.0,16.0,16.0,0,0,92.0,165.0,0.894,0.224,0.589,64.567,55.758,0.671,0.179
1119,Kristoffer Ajer,Brentford,D,1200,0.0,1,7.0,3.0,438,344.0,25.0,13.0,16.0,5.0,2,0,75.0,136.0,0.0,0.075,0.429,78.539,55.147,2.85,0.45
1125,Ryan Christie,Bournemouth,M,351,1.0,0,6.0,3.0,210,165.0,10.0,3.0,12.0,8.0,1,0,30.0,68.0,0.256,0.0,0.5,78.571,44.118,3.333,1.026
1135,Odsonne Édouard,Crystal Palace,F,8,0.0,0,0.0,0.0,0,0.0,1.0,0.0,0.0,1.0,0,0,2.0,4.0,0.0,0.0,,,50.0,11.25,0.0
1145,Ibrahima Konaté,Liverpool,D,1971,1.0,0,6.0,3.0,1410,1260.0,33.0,13.0,23.0,23.0,5,0,148.0,213.0,0.046,0.0,0.5,89.362,69.484,2.1,0.491
1146,Nordi Mukiele,Sunderland,D,1973,1.0,3,8.0,2.0,832,637.0,50.0,32.0,22.0,19.0,4,0,136.0,227.0,0.046,0.137,0.25,76.562,59.912,3.74,0.433
1150,Tyler Adams,Bournemouth,M,1202,2.0,1,7.0,6.0,693,603.0,35.0,21.0,21.0,10.0,5,0,60.0,119.0,0.15,0.075,0.857,87.013,50.42,4.193,0.767
1161,Emile Smith Rowe,Fulham,F,157,0.0,0,1.0,0.0,76,70.0,2.0,4.0,0.0,0.0,0,0,5.0,7.0,0.0,0.0,0.0,92.105,71.429,3.439,0.0
1161,Emile Smith Rowe,Fulham,M,985,3.0,0,14.0,6.0,525,475.0,13.0,14.0,4.0,6.0,1,0,29.0,76.0,0.274,0.0,0.429,90.476,38.158,2.467,0.183
1165,Matheus Cunha,Manchester United,F,1162,5.0,2,33.0,20.0,414,338.0,20.0,8.0,10.0,27.0,0,0,84.0,187.0,0.387,0.155,0.606,81.643,44.92,2.169,0.194
1165,Matheus Cunha,Manchester United,M,328,1.0,0,9.0,4.0,111,91.0,2.0,4.0,2.0,9.0,1,0,19.0,44.0,0.274,0.0,0.444,81.982,43.182,1.646,0.412
1243,Tomáš Souček,West Ham,M,1008,2.0,0,10.0,8.0,410,301.0,20.0,8.0,21.0,9.0,1,1,70.0,133.0,0.179,0.0,0.8,73.415,52.632,2.5,0.737
1361,Ferdi Kadıoğlu,Brighton,D,1522,0.0,0,8.0,5.0,644,558.0,36.0,8.0,9.0,18.0,2,0,76.0,134.0,0.0,0.0,0.625,86.646,56.716,2.602,0.251
1361,Ferdi Kadıoğlu,Brighton,M,353,0.0,0,2.0,2.0,154,129.0,7.0,5.0,4.0,4.0,2,0,16.0,35.0,0.0,0.0,1.0,83.766,45.714,3.059,0.765
1408,Sebastiaan Bornauw,Leeds,D,256,0.0,0,0.0,0.0,93,76.0,5.0,4.0,3.0,0.0,0,0,13.0,26.0,0.0,0.0,,81.72,50.0,3.164,0.264
1422,Jérémy Doku,Manchester City,F,376,1.0,1,4.0,3.0,154,122.0,1.0,4.0,7.0,10.0,0,0,34.0,66.0,0.239,0.239,0.75,79.221,51.515,1.197,0.419
1422,Jérémy Doku,Manchester City,M,811,0.0,3,8.0,5.0,315,270.0,14.0,6.0,10.0,26.0,0,0,81.0,157.0,0.0,0.333,0.625,85.714,51.592,2.219,0.277
1438,Bernd Leno,Fulham,G,2160,0.0,0,0.0,0.0,882,673.0,3.0,1.0,0.0,4.0,3,0,16.0,16.0,0.0,0.0,,76.304,100.0,0.167,0.125
1445,Konstantinos Mavropanos,West Ham,D,1357,0.0,0,10.0,3.0,667,560.0,18.0,22.0,9.0,7.0,2,0,65.0,102.0,0.0,0.0,0.3,83.958,63.725,2.653,0.282
1455,Alex Iwobi,Fulham,F,86,0.0,0,1.0,1.0,42,33.0,0.0,0.0,0.0,0.0,0,0,1.0,3.0,0.0,0.0,1.0,78.571,33.333,0.0,0.0
1455,Alex Iwobi,Fulham,M,1431,2.0,2,11.0,7.0,784,667.0,18.0,9.0,4.0,5.0,2,0,34.0,86.0,0.126,0.126,0.636,85.077,39.535,1.698,0.189
1460,Bukayo Saka,Arsenal,F,1299,3.0,3,26.0,16.0,437,349.0,21.0,4.0,13.0,32.0,1,0,100.0,178.0,0.208,0.208,0.615,79.863,56.18,1.732,0.294
1460,Bukayo Saka,Arsenal,M,250,1.0,0,7.0,5.0,101,78.0,5.0,2.0,5.0,9.0,0,0,20.0,37.0,0.36,0.0,0.714,77.228,54.054,2.52,0.45
1463,Joe Willock,Newcastle,F,62,0.0,0,0.0,0.0,15,12.0,4.0,1.0,0.0,1.0,0,0,6.0,11.0,0.0,0.0,,80.0,54.545,7.258,0.0
1463,Joe Willock,Newcastle,M,282,0.0,0,3.0,0.0,114,98.0,5.0,1.0,4.0,4.0,1,0,12.0,27.0,0.0,0.0,0.0,85.965,44.444,1.915,0.638
1464,Granit Xhaka,Sunderland,M,1963,1.0,5,8.0,5.0,1143,950.0,35.0,20.0,16.0,27.0,4,0,112.0,178.0,0.046,0.229,0.625,83.115,62.921,2.522,0.367
1468,Edward Nketiah,Crystal Palace,F,416,2.0,0,9.0,6.0,87,70.0,8.0,2.0,7.0,7.0,2,0,28.0,81.0,0.433,0.0,0.667,80.46,34.568,2.163,0.811
1469,Danny Welbeck,Brighton,F,1353,8.0,0,28.0,14.0,300,235.0,13.0,4.0,21.0,6.0,4,0,38.0,113.0,0.532,0.0,0.5,78.333,33.628,1.131,0.615
1485,Bruno Fernandes,Manchester United,M,1807,5.0,12,33.0,13.0,1171,973.0,37.0,12.0,15.0,27.0,2,0,88.0,178.0,0.249,0.598,0.394,83.091,49.438,2.441,0.286
1590,José Sá,Wolves,G,1080,0.0,0,0.0,0.0,361,215.0,0.0,0.0,0.0,5.0,1,0,15.0,16.0,0.0,0.0,,59.557,93.75,0.0,0.083
1622,Gianluigi Donnarumma,Manchester City,G,1890,0.0,0,0.0,0.0,549,443.0,0.0,1.0,0.0,3.0,5,0,14.0,15.0,0.0,0.0,,80.692,93.333,0.048,0.238
1646,Lucas Paquetá,West Ham,F,510,1.0,0,5.0,3.0,279,212.0,9.0,1.0,8.0,9.0,1,0,42.0,91.0,0.176,0.0,0.6,75.986,46.154,1.765,0.529
1646,Lucas Paquetá,West Ham,M,1011,3.0,1,12.0,8.0,509,395.0,30.0,7.0,20.0,21.0,6,1,81.0,173.0,0.267,0.089,0.667,77.603,46.821,3.294,1.157
1696,Samuel Chukwueze,Fulham,F,179,3.0,2,8.0,4.0,89,63.0,1.0,0.0,3.0,4.0,0,0,13.0,28.0,1.508,1.006,0.5,70.787,46.429,0.503,0.377
1696,Samuel Chukwueze,Fulham,M,326,0.0,2,2.0,0.0,112,85.0,3.0,3.0,1.0,5.0,0,0,19.0,34.0,0.0,0.552,0.0,75.893,55.882,1.656,0.069
1746,Joe Worrall,Burnley,D,173,0.0,0,0.0,0.0,41,29.0,2.0,1.0,2.0,1.0,0,0,7.0,11.0,0.0,0.0,,70.732,63.636,1.561,0.26
1864,Pedro Neto,Chelsea,F,233,1.0,0,2.0,1.0,100,91.0,2.0,0.0,1.0,2.0,0,0,6.0,22.0,0.386,0.0,0.5,91.0,27.273,0.773,0.097
1864,Pedro Neto,Chelsea,M,1642,4.0,3,18.0,10.0,547,463.0,12.0,6.0,6.0,16.0,2,0,65.0,154.0,0.219,0.164,0.556,84.644,42.208,0.987,0.192
1904,Boubacar Kamara,Aston Villa,M,1418,1.0,3,4.0,4.0,818,722.0,37.0,18.0,17.0,30.0,5,0,116.0,204.0,0.063,0.19,1.0,88.264,56.863,3.491,0.587
1934,Sander Berge,Fulham,M,1995,0.0,1,3.0,3.0,1195,1080.0,38.0,17.0,22.0,6.0,4,0,93.0,164.0,0.0,0.045,1.0,90.377,56.707,2.481,0.429
1946,Leandro Trossard,Arsenal,F,1000,3.0,3,19.0,8.0,369,278.0,12.0,5.0,9.0,19.0,1,0,46.0,96.0,0.27,0.27,0.421,75.339,47.917,1.53,0.292
1946,Leandro Trossard,Arsenal,M,337,2.0,1,3.0,2.0,115,87.0,4.0,2.0,1.0,6.0,0,0,11.0,25.0,0.534,0.267,0.667,75.652,44.0,1.602,0.067
2032,Jørgen Strand Larsen,Wolves,F,1405,1.0,1,16.0,7.0,260,169.0,6.0,3.0,31.0,11.0,2,0,65.0,190.0,0.064,0.064,0.438,65.0,34.211,0.577,0.625
2165,Vitaliy Mykolenko,Everton,D,1796,0.0,0,6.0,2.0,716,569.0,29.0,19.0,19.0,14.0,4,0,78.0,158.0,0.0,0.0,0.333,79.469,49.367,2.405,0.438
2218,Ismaïla Sarr,Crystal Palace,F,1192,4.0,1,18.0,8.0,255,186.0,10.0,8.0,8.0,19.0,1,0,48.0,120.0,0.302,0.076,0.444,72.941,40.0,1.359,0.227
2279,Ethan Ampadu,Leeds,M,1863,1.0,1,12.0,4.0,1052,902.0,49.0,30.0,27.0,22.0,7,0,105.0,169.0,0.048,0.048,0.333,85.741,62.13,3.816,0.664
2287,Ross Barkley,Aston Villa,M,128,1.0,0,4.0,2.0,51,44.0,3.0,0.0,1.0,1.0,0,0,6.0,16.0,0.703,0.0,0.5,86.275,37.5,2.109,0.176
2291,Mateo Kovačić,Manchester City,M,12,0.0,0,0.0,0.0,22,22.0,0.0,0.0,0.0,0.0,0,0,1.0,2.0,0.0,0.0,,100.0,50.0,0.0,0.0
2298,Callum Hudson-Odoi,Nottingham Forest,F,246,0.0,0,3.0,1.0,106,94.0,4.0,3.0,1.0,1.0,0,0,14.0,30.0,0.0,0.0,0.333,88.679,46.667,2.561,0.091
2298,Callum Hudson-Odoi,Nottingham Forest,M,1099,3.0,1,12.0,5.0,366,328.0,8.0,2.0,7.0,7.0,0,0,31.0,77.0,0.246,0.082,0.417,89.617,40.26,0.819,0.143
2413,Richarlison,Tottenham,F,1188,6.0,3,22.0,12.0,181,114.0,13.0,4.0,13.0,20.0,3,0,78.0,185.0,0.455,0.227,0.545,62.983,42.162,1.288,0.473
2413,Richarlison,Tottenham,M,90,1.0,0,2.0,1.0,22,16.0,2.0,0.0,1.0,1.0,1,0,5.0,11.0,1.0,0.0,0.5,72.727,45.455,2.0,1.25
2467,Lisandro Martínez,Manchester United,D,731,0.0,0,2.0,0.0,488,433.0,7.0,7.0,5.0,1.0,0,0,26.0,37.0,0.0,0.0,0.0,88.73,70.27,1.724,0.154
2476,Guido Rodríguez,West Ham,M,176,0.0,0,0.0,0.0,68,61.0,1.0,2.0,1.0,4.0,1,0,7.0,12.0,0.0,0.0,,89.706,58.333,1.534,0.639
2490,Jefferson Lerma,Crystal Palace,D,308,0.0,0,0.0,0.0,170,144.0,2.0,5.0,3.0,3.0,1,0,17.0,34.0,0.0,0.0,,84.706,50.0,2.045,0.511
2490,Jefferson Lerma,Crystal Palace,M,721,0.0,1,9.0,6.0,359,280.0,11.0,9.0,14.0,7.0,4,0,48.0,91.0,0.0,0.125,0.667,77.994,52.747,2.497,0.936
2601,Daichi Kamada,Crystal Palace,F,437,0.0,0,5.0,2.0,149,122.0,14.0,4.0,5.0,7.0,0,0,29.0,50.0,0.0,0.0,0.4,81.879,58.0,3.707,0.257
2601,Daichi Kamada,Crystal Palace,M,736,0.0,0,4.0,2.0,302,249.0,26.0,4.0,14.0,10.0,1,0,46.0,86.0,0.0,0.0,0.5,82.45,53.488,3.668,0.55
2724,Lucas Digne,Aston Villa,D,1244,0.0,4,6.0,5.0,482,384.0,21.0,9.0,9.0,11.0,3,0,54.0,100.0,0.0,0.289,0.833,79.668,54.0,2.17,0.38
2729,Joachim Andersen,Fulham,D,2022,0.0,1,9.0,3.0,1692,1463.0,29.0,22.0,24.0,10.0,5,0,98.0,160.0,0.0,0.045,0.333,86.466,61.25,2.27,0.49
2771,Ola Aina,Nottingham Forest,D,699,0.0,0,3.0,1.0,262,226.0,11.0,16.0,8.0,5.0,2,0,33.0,73.0,0.0,0.0,0.333,86.26,45.205,3.476,0.515
2806,Fabian Schär,Newcastle,D,1089,0.0,0,13.0,4.0,789,666.0,14.0,18.0,15.0,6.0,1,0,66.0,114.0,0.0,0.0,0.308,84.411,57.895,2.645,0.393
2817,Nikola Milenković,Nottingham Forest,D,2160,0.0,0,10.0,1.0,1002,869.0,19.0,22.0,12.0,17.0,5,0,95.0,145.0,0.0,0.0,0.1,86.727,65.517,1.708,0.333
2823,Saša Lukić,Fulham,M,1212,1.0,2,8.0,3.0,471,402.0,35.0,11.0,38.0,20.0,6,0,75.0,154.0,0.074,0.149,0.375,85.35,48.701,3.416,1.151
2855,Emil Krafth,Newcastle,D,45,0.0,0,0.0,0.0,19,14.0,0.0,0.0,1.0,0.0,0,0,0.0,3.0,0.0,0.0,,73.684,0.0,0.0,0.5
2864,Alexander Isak,Liverpool,F,519,2.0,1,13.0,4.0,66,44.0,6.0,0.0,5.0,0.0,0,0,12.0,39.0,0.347,0.173,0.308,66.667,30.769,1.04,0.217
2887,Raúl Jiménez,Fulham,F,1591,6.0,3,36.0,13.0,383,243.0,20.0,7.0,33.0,15.0,4,0,101.0,262.0,0.339,0.17,0.361,63.446,38.55,1.527,0.693
2919,Matz Sels,Nottingham Forest,G,1677,0.0,0,0.0,0.0,494,267.0,1.0,0.0,0.0,2.0,1,0,8.0,10.0,0.0,0.0,,54.049,80.0,0.054,0.054
2920,Timothy Castagne,Fulham,D,662,0.0,0,2.0,2.0,296,257.0,16.0,14.0,6.0,2.0,2,0,31.0,57.0,0.0,0.0,1.0,86.824,54.386,4.079,0.476
2920,Timothy Castagne,Fulham,M,392,0.0,0,1.0,1.0,141,116.0,6.0,7.0,4.0,1.0,1,0,11.0,25.0,0.0,0.0,1.0,82.27,44.0,2.985,0.459
2926,Youri Tielemans,Aston Villa,M,1299,0.0,4,11.0,4.0,811,685.0,38.0,10.0,22.0,27.0,0,0,87.0,153.0,0.0,0.277,0.364,84.464,56.863,3.326,0.381
2932,Jordan Pickford,Everton,G,2160,0.0,0,0.0,0.0,908,556.0,1.0,0.0,0.0,6.0,0,0,11.0,14.0,0.0,0.0,,61.233,78.571,0.042,0.0
2934,Michael Keane,Everton,D,1768,3.0,0,12.0,5.0,738,633.0,22.0,22.0,10.0,5.0,0,1,103.0,169.0,0.153,0.0,0.417,85.772,60.947,2.24,0.229
2935,Harry Maguire,Manchester United,D,626,1.0,1,7.0,2.0,260,217.0,7.0,4.0,7.0,4.0,1,0,35.0,52.0,0.144,0.144,0.286,83.462,67.308,1.581,0.395
2936,James Tarkowski,Everton,D,2160,0.0,1,7.0,4.0,1032,829.0,36.0,25.0,17.0,23.0,4,0,165.0,240.0,0.0,0.042,0.571,80.329,68.75,2.542,0.344
2937,Declan Rice,Arsenal,D,90,0.0,0,1.0,0.0,47,42.0,1.0,3.0,1.0,1.0,0,0,2.0,6.0,0.0,0.0,0.0,89.362,33.333,4.0,0.25
2937,Declan Rice,Arsenal,M,1879,4.0,3,22.0,12.0,1322,1175.0,41.0,18.0,17.0,2.0,2,0,80.0,140.0,0.192,0.144,0.545,88.88,57.143,2.826,0.299
2938,James Ward-Prowse,West Ham,M,415,0.0,0,0.0,0.0,193,173.0,4.0,5.0,4.0,2.0,0,0,9.0,23.0,0.0,0.0,,89.637,39.13,1.952,0.217
2939,Callum Wilson,West Ham,F,852,5.0,1,19.0,10.0,100,58.0,2.0,3.0,10.0,12.0,0,0,38.0,103.0,0.528,0.106,0.526,58.0,36.893,0.528,0.264
2990,Idrissa Gueye,Everton,M,1225,2.0,1,11.0,4.0,605,521.0,31.0,15.0,11.0,15.0,0,1,56.0,94.0,0.147,0.073,0.364,86.116,59.574,3.38,0.349
3080,Marshall Munetsi,Wolves,F,270,0.0,1,1.0,0.0,50,30.0,5.0,0.0,5.0,2.0,0,0,16.0,36.0,0.0,0.333,0.0,60.0,44.444,1.667,0.417
3080,Marshall Munetsi,Wolves,M,607,1.0,0,11.0,6.0,119,77.0,16.0,7.0,14.0,8.0,2,0,49.0,106.0,0.148,0.0,0.545,64.706,46.226,3.41,0.815
5996,Enzo Fernández,Chelsea,M,1968,8.0,2,35.0,20.0,1205,1031.0,42.0,12.0,23.0,26.0,6,0,97.0,213.0,0.366,0.091,0.571,85.56,45.54,2.47,0.537
6056,Nicolás Domínguez,Nottingham Forest,M,765,1.0,0,7.0,3.0,302,251.0,31.0,3.0,11.0,5.0,2,0,51.0,96.0,0.118,0.0,0.429,83.113,53.125,4.0,0.559
6168,Omar Alderete,Sunderland,D,1736,1.0,1,11.0,6.0,823,685.0,20.0,25.0,16.0,4.0,4,0,84.0,156.0,0.052,0.052,0.545,83.232,53.846,2.333,0.415
6610,Marcos Senesi,Bournemouth,D,2030,0.0,4,7.0,3.0,1366,1055.0,42.0,40.0,21.0,21.0,7,0,118.0,221.0,0.0,0.177,0.429,77.233,53.394,3.635,0.543
6716,Alexis Mac Allister,Liverpool,M,1555,0.0,2,18.0,7.0,881,763.0,26.0,12.0,16.0,20.0,4,0,61.0,138.0,0.0,0.116,0.389,86.606,44.203,2.199,0.463
7600,Igor Júlio,West Ham,D,121,0.0,0,0.0,0.0,22,16.0,0.0,1.0,1.0,0.0,0,0,0.0,2.0,0.0,0.0,,72.727,0.0,0.744,0.186
7722,Saša Kalajdžić,Wolves,F,14,0.0,0,0.0,0.0,5,4.0,0.0,1.0,0.0,0.0,0,0,2.0,5.0,0.0,0.0,,80.0,40.0,6.429,0.0
8500,Wataru Endo,Liverpool,M,136,0.0,1,0.0,0.0,71,60.0,5.0,0.0,1.0,2.0,1,0,11.0,17.0,0.0,0.662,,84.507,64.706,3.309,0.827
8598,Taiwo Awoniyi,Nottingham Forest,F,210,1.0,0,6.0,4.0,36,31.0,1.0,1.0,4.0,3.0,0,0,12.0,43.0,0.429,0.0,0.667,86.111,27.907,0.857,0.429
9366,Igor Jesus,Nottingham Forest,F,1371,2.0,1,22.0,8.0,245,176.0,16.0,1.0,28.0,25.0,0,0,107.0,263.0,0.131,0.066,0.364,71.837,40.684,1.116,0.46
10135,Bruno Guimarães,Newcastle,M,1839,8.0,3,26.0,16.0,1084,942.0,45.0,11.0,29.0,46.0,4,0,115.0,234.0,0.392,0.147,0.615,86.9,49.145,2.741,0.551
10329,João Pedro,Chelsea,F,1221,6.0,2,17.0,13.0,318,246.0,13.0,4.0,14.0,24.0,2,0,85.0,185.0,0.442,0.147,0.765,77.358,45.946,1.253,0.405
10329,João Pedro,Chelsea,M,514,3.0,2,11.0,5.0,171,137.0,4.0,1.0,9.0,11.0,1,0,34.0,72.0,0.525,0.35,0.455,80.117,47.222,0.875,0.569
13708,Jhon Arias,Wolves,F,727,0.0,0,8.0,2.0,232,210.0,30.0,3.0,7.0,6.0,1,0,48.0,92.0,0.0,0.0,0.25,90.517,52.174,4.085,0.34
13708,Jhon Arias,Wolves,M,393,1.0,0,2.0,1.0,163,143.0,13.0,5.0,18.0,3.0,0,0,22.0,73.0,0.229,0.0,0.5,87.73,30.137,4.122,1.031
13736,Daniel Muñoz,Crystal Palace,M,1425,3.0,2,12.0,8.0,472,356.0,37.0,17.0,19.0,11.0,4,0,81.0,158.0,0.189,0.126,0.667,75.424,51.266,3.411,0.553
15799,Frank Onyeka,Brentford,M,87,0.0,1,0.0,0.0,36,28.0,2.0,0.0,3.0,3.0,0,0,8.0,16.0,0.0,1.034,,77.778,50.0,2.069,0.776
15870,Mads Hermansen,West Ham,G,360,0.0,0,0.0,0.0,138,85.0,0.0,0.0,0.0,0.0,0,0,3.0,3.0,0.0,0.0,,61.594,100.0,0.0,0.0
15908,Mikkel Damsgaard,Brentford,M,1283,1.0,3,11.0,6.0,522,391.0,35.0,14.0,11.0,14.0,0,0,69.0,168.0,0.07,0.21,0.545,74.904,41.071,3.437,0.193
15911,Mohammed Kudus,Tottenham,F,609,0.0,3,7.0,2.0,150,125.0,12.0,2.0,8.0,8.0,1,0,46.0,106.0,0.0,0.443,0.286,83.333,43.396,2.069,0.443
15911,Mohammed Kudus,Tottenham,M,936,2.0,2,9.0,7.0,294,255.0,17.0,1.0,15.0,7.0,2,0,61.0,157.0,0.192,0.192,0.778,86.735,38.854,1.731,0.553
17661,Jarrad Branthwaite,Everton,D,134,0.0,0,1.0,0.0,92,76.0,1.0,0.0,1.0,0.0,1,0,10.0,16.0,0.0,0.0,0.0,82.609,62.5,0.672,0.84
18592,Iliman Ndiaye,Everton,M,1528,4.0,2,16.0,12.0,498,408.0,43.0,7.0,18.0,22.0,2,0,108.0,238.0,0.236,0.118,0.75,81.928,45.378,2.945,0.383
18742,Matt Doherty,Wolves,D,471,0.0,0,1.0,0.0,203,169.0,11.0,4.0,9.0,3.0,3,0,29.0,46.0,0.0,0.0,0.0,83.251,63.043,2.866,1.003
18742,Matt Doherty,Wolves,M,131,0.0,0,0.0,0.0,21,15.0,2.0,0.0,5.0,2.0,1,0,6.0,20.0,0.0,0.0,,71.429,30.0,1.374,1.546
18744,Max Kilman,West Ham,D,1563,0.0,0,5.0,1.0,687,604.0,16.0,9.0,16.0,2.0,4,0,69.0,132.0,0.0,0.0,0.2,87.918,52.273,1.44,0.461
18746,Morgan Gibbs-White,Nottingham Forest,F,180,0.0,0,4.0,1.0,90,74.0,0.0,2.0,2.0,5.0,0,0,8.0,21.0,0.0,0.0,0.25,82.222,38.095,1.0,0.25
18746,Morgan Gibbs-White,Nottingham Forest,M,1878,6.0,2,30.0,14.0,759,612.0,13.0,8.0,15.0,21.0,0,0,75.0,185.0,0.288,0.096,0.467,80.632,40.541,1.006,0.18
18753,Adama Traoré,Fulham,F,240,0.0,0,2.0,1.0,56,43.0,0.0,0.0,5.0,3.0,0,0,9.0,29.0,0.0,0.0,0.5,76.786,31.034,0.0,0.469
18753,Adama Traoré,Fulham,M,76,0.0,0,1.0,0.0,15,12.0,1.0,0.0,0.0,5.0,0,0,7.0,10.0,0.0,0.0,0.0,80.0,70.0,1.184,0.0
18753,Adama Traoré,West Ham,F,9,0.0,0,0.0,0.0,2,1.0,0.0,0.0,0.0,0.0,1,0,1.0,2.0,0.0,0.0,,50.0,50.0,0.0,10.0
18758,Séamus Coleman,Everton,D,10,0.0,0,0.0,0.0,4,4.0,0.0,0.0,0.0,0.0,0,0,1.0,2.0,0.0,0.0,,100.0,50.0,0.0,0.0
18766,Dominic Calvert-Lewin,Leeds,F,1579,9.0,1,39.0,20.0,249,154.0,9.0,2.0,27.0,24.0,1,0,110.0,289.0,0.513,0.057,0.513,61.847,38.062,0.627,0.442
18778,Harvey Barnes,Newcastle,F,874,3.0,0,14.0,8.0,242,192.0,5.0,1.0,6.0,11.0,0,0,23.0,60.0,0.309,0.0,0.571,79.339,38.333,0.618,0.154
18778,Harvey Barnes,Newcastle,M,327,2.0,0,10.0,7.0,97,79.0,3.0,0.0,3.0,3.0,0,0,14.0,37.0,0.55,0.0,0.7,81.443,37.838,0.826,0.206
18806,Will Hughes,Crystal Palace,M,1072,0.0,0,10.0,0.0,462,379.0,18.0,10.0,13.0,15.0,4,0,55.0,111.0,0.0,0.0,0.0,82.035,49.55,2.351,0.609
18814,Issa Diop,Fulham,D,426,0.0,0,1.0,0.0,199,171.0,5.0,2.0,5.0,1.0,1,0,13.0,25.0,0.0,0.0,0.0,85.93,52.0,1.479,0.475
18816,Arthur Masuaku,Sunderland,D,127,0.0,0,0.0,0.0,48,39.0,4.0,2.0,3.0,0.0,1,0,7.0,16.0,0.0,0.0,,81.25,43.75,4.252,1.24
18846,Aaron Wan-Bissaka,West Ham,D,923,0.0,2,0.0,0.0,332,251.0,18.0,15.0,11.0,7.0,1,0,46.0,94.0,0.0,0.195,,75.602,48.936,3.218,0.366
18846,Aaron Wan-Bissaka,West Ham,M,360,0.0,0,0.0,0.0,134,109.0,3.0,7.0,4.0,4.0,1,0,13.0,19.0,0.0,0.0,,81.343,68.421,2.5,0.5
18861,Nathan Aké,Manchester City,D,483,0.0,0,3.0,0.0,367,328.0,8.0,4.0,2.0,6.0,1,0,25.0,35.0,0.0,0.0,0.0,89.373,71.429,2.236,0.28
18862,Nathaniel Clyne,Crystal Palace,D,12,0.0,0,0.0,0.0,3,3.0,1.0,0.0,0.0,0.0,0,0,1.0,1.0,0.0,0.0,,100.0,100.0,7.5,0.0
18862,Nathaniel Clyne,Crystal Palace,M,418,0.0,1,2.0,0.0,125,95.0,11.0,4.0,1.0,1.0,0,0,17.0,28.0,0.0,0.215,0.0,76.0,60.714,3.23,0.054
18869,Adam Smith,Bournemouth,D,729,0.0,1,0.0,0.0,225,166.0,7.0,6.0,12.0,4.0,2,0,21.0,49.0,0.0,0.123,,73.778,42.857,1.605,0.617
18870,David Brooks,Bournemouth,M,951,1.0,2,27.0,12.0,341,263.0,15.0,3.0,11.0,12.0,5,0,46.0,105.0,0.095,0.189,0.444,77.126,43.81,1.703,0.733
18872,Lewis Cook,Bournemouth,D,90,0.0,0,1.0,0.0,96,84.0,4.0,3.0,0.0,0.0,0,0,5.0,7.0,0.0,0.0,0.0,87.5,71.429,7.0,0.0
18872,Lewis Cook,Bournemouth,M,701,0.0,1,1.0,0.0,342,301.0,19.0,19.0,7.0,3.0,1,1,33.0,58.0,0.0,0.128,0.0,88.012,56.897,4.879,0.61
18883,Dominic Solanke,Tottenham,F,238,2.0,0,6.0,4.0,30,22.0,7.0,1.0,5.0,2.0,1,0,14.0,40.0,0.756,0.0,0.667,73.333,35.0,3.025,0.851
18885,Karl Darlow,Leeds,G,720,0.0,0,0.0,0.0,309,168.0,0.0,0.0,0.0,4.0,0,0,7.0,7.0,0.0,0.0,,54.369,100.0,0.0,0.0
18886,Martin Dúbravka,Burnley,G,2160,0.0,0,0.0,0.0,817,447.0,0.0,0.0,0.0,3.0,1,0,22.0,26.0,0.0,0.0,,54.712,84.615,0.0,0.042
18894,Jamaal Lascelles,Newcastle,D,25,0.0,0,0.0,0.0,8,6.0,0.0,0.0,0.0,0.0,0,0,1.0,1.0,0.0,0.0,,75.0,100.0,0.0,0.0
18901,Sean Longstaff,Leeds,M,934,1.0,2,10.0,2.0,406,348.0,37.0,10.0,8.0,17.0,1,0,62.0,111.0,0.096,0.193,0.2,85.714,55.856,4.529,0.289
18911,Nick Pope,Newcastle,G,1607,0.0,0,0.0,0.0,389,235.0,1.0,0.0,0.0,1.0,1,0,12.0,12.0,0.0,0.0,,60.411,100.0,0.056,0.056
18927,Ashley Barnes,Burnley,F,24,0.0,0,0.0,0.0,5,1.0,0.0,0.0,1.0,0.0,0,0,5.0,9.0,0.0,0.0,,20.0,55.556,0.0,0.938
18929,Dwight McNeil,Everton,F,194,0.0,0,2.0,0.0,58,51.0,3.0,1.0,4.0,1.0,0,0,8.0,21.0,0.0,0.0,0.0,87.931,38.095,1.856,0.464
18929,Dwight McNeil,Everton,M,435,0.0,1,3.0,2.0,98,76.0,8.0,2.0,5.0,2.0,1,0,16.0,37.0,0.0,0.207,0.667,77.551,43.243,2.069,0.466
18931,Chris Wood,Nottingham Forest,F,544,2.0,0,16.0,6.0,80,54.0,1.0,0.0,5.0,4.0,0,0,17.0,47.0,0.331,0.0,0.375,67.5,36.17,0.165,0.207
18933,Angus Gunn,Nottingham Forest,G,45,0.0,0,0.0,0.0,19,6.0,0.0,0.0,0.0,0.0,0,0,0.0,0.0,0.0,0.0,,31.579,,0.0,0.0
18959,Robert Sánchez,Chelsea,G,1985,0.0,1,0.0,0.0,860,568.0,0.0,1.0,2.0,7.0,2,1,14.0,16.0,0.0,0.045,,66.047,87.5,0.045,0.204
18961,Dan Burn,Newcastle,D,1348,0.0,2,1.0,0.0,651,505.0,20.0,16.0,26.0,8.0,6,1,90.0,177.0,0.0,0.134,0.0,77.573,50.847,2.404,0.968
18963,Lewis Dunk,Brighton,D,2025,0.0,0,11.0,1.0,1828,1685.0,24.0,25.0,11.0,7.0,8,0,87.0,151.0,0.0,0.0,0.091,92.177,57.616,2.178,0.478
18968,Yves Bissouma,Tottenham,M,191,0.0,0,4.0,2.0,122,111.0,8.0,5.0,1.0,3.0,1,0,15.0,19.0,0.0,0.0,0.5,90.984,78.947,6.126,0.589
18970,Pascal Groß,Brighton,M,376,1.0,0,3.0,2.0,218,185.0,6.0,6.0,5.0,4.0,2,0,13.0,29.0,0.239,0.0,0.667,84.862,44.828,2.872,0.778
18979,Viktor Gyökeres,Arsenal,F,1468,6.0,0,26.0,12.0,181,112.0,5.0,1.0,20.0,19.0,3,0,48.0,151.0,0.368,0.0,0.462,61.878,31.788,0.368,0.49
19025,Tom Cairney,Fulham,M,489,1.0,0,6.0,1.0,402,373.0,3.0,2.0,5.0,8.0,2,0,21.0,42.0,0.184,0.0,0.167,92.786,50.0,0.92,0.598
19030,Matt O'Riley,Brighton,M,178,1.0,0,4.0,2.0,54,47.0,4.0,0.0,1.0,0.0,0,0,5.0,15.0,0.506,0.0,0.5,87.037,33.333,2.022,0.126
19032,Ryan Sessegnon,Fulham,D,1019,1.0,0,4.0,2.0,375,296.0,25.0,14.0,20.0,2.0,0,0,44.0,105.0,0.088,0.0,0.5,78.933,41.905,3.445,0.442
19032,Ryan Sessegnon,Fulham,M,222,1.0,1,2.0,1.0,87,65.0,4.0,0.0,4.0,1.0,0,0,6.0,22.0,0.405,0.405,0.5,74.713,27.273,1.622,0.405
19035,Harvey Elliott,Aston Villa,M,109,0.0,0,1.0,0.0,74,65.0,0.0,0.0,0.0,2.0,0,0,3.0,4.0,0.0,0.0,0.0,87.838,75.0,0.0,0.0
19035,Harvey Elliott,Liverpool,M,8,0.0,0,0.0,0.0,8,4.0,0.0,0.0,0.0,0.0,0,0,0.0,1.0,0.0,0.0,,50.0,0.0,0.0,0.0
19071,Emiliano Buendía,Aston Villa,M,1042,5.0,2,22.0,8.0,413,331.0,32.0,5.0,25.0,23.0,2,0,75.0,180.0,0.432,0.173,0.364,80.145,41.667,3.196,0.713
19088,Dean Henderson,Crystal Palace,G,2160,0.0,0,0.0,0.0,734,418.0,0.0,2.0,1.0,4.0,2,0,14.0,17.0,0.0,0.0,,56.948,82.353,0.083,0.094
19128,Jack Harrison,Leeds,F,262,0.0,0,5.0,2.0,116,92.0,5.0,4.0,1.0,4.0,0,0,13.0,24.0,0.0,0.0,0.4,79.31,54.167,3.092,0.086
19143,Sam Johnstone,Wolves,G,1080,0.0,0,0.0,0.0,438,245.0,2.0,0.0,0.0,0.0,0,0,5.0,6.0,0.0,0.0,,55.936,83.333,0.167,0.0
19145,Tosin Adarabioyo,Chelsea,D,712,0.0,0,1.0,0.0,677,613.0,13.0,8.0,5.0,0.0,2,0,49.0,72.0,0.0,0.0,0.0,90.547,68.056,2.654,0.411
19163,Jacob Murphy,Newcastle,F,789,2.0,1,19.0,9.0,230,168.0,3.0,1.0,0.0,4.0,0,0,20.0,53.0,0.228,0.114,0.474,73.043,37.736,0.456,0.0
19163,Jacob Murphy,Newcastle,M,242,0.0,0,4.0,1.0,87,67.0,4.0,1.0,2.0,2.0,0,0,13.0,26.0,0.0,0.0,0.25,77.011,50.0,1.86,0.186
19170,Morgan Rogers,Aston Villa,F,266,2.0,0,4.0,2.0,59,42.0,2.0,1.0,4.0,4.0,2,0,14.0,45.0,0.677,0.0,0.5,71.186,31.111,1.015,1.015
19170,Morgan Rogers,Aston Villa,M,1874,5.0,5,33.0,20.0,607,458.0,24.0,9.0,28.0,27.0,2,0,90.0,257.0,0.24,0.24,0.606,75.453,35.019,1.585,0.432
19179,Tyrone Mings,Aston Villa,D,513,0.0,0,1.0,0.0,346,311.0,2.0,4.0,3.0,4.0,0,0,29.0,48.0,0.0,0.0,0.0,89.884,60.417,1.053,0.132
19182,Axel Tuanzebe,Burnley,D,932,1.0,0,2.0,1.0,445,374.0,12.0,8.0,10.0,2.0,1,0,33.0,68.0,0.097,0.0,0.5,84.045,48.529,1.931,0.338
19187,Jack Grealish,Everton,F,90,0.0,0,2.0,0.0,42,36.0,2.0,0.0,2.0,3.0,2,1,9.0,16.0,0.0,0.0,0.0,85.714,56.25,2.0,4.5
19187,Jack Grealish,Everton,M,1541,2.0,6,12.0,8.0,532,446.0,19.0,12.0,11.0,55.0,3,0,97.0,194.0,0.117,0.35,0.667,83.835,50.0,1.811,0.336
19191,John McGinn,Aston Villa,M,1607,3.0,2,13.0,7.0,552,453.0,27.0,11.0,23.0,38.0,3,0,83.0,186.0,0.168,0.112,0.538,82.065,44.624,2.128,0.49
19192,Jacob Ramsey,Newcastle,M,638,0.0,0,3.0,1.0,332,301.0,14.0,5.0,7.0,7.0,3,0,36.0,65.0,0.0,0.0,0.333,90.663,55.385,2.68,0.67
19194,Tammy Abraham,Aston Villa,F,90,0.0,0,1.0,1.0,13,7.0,0.0,0.0,0.0,0.0,0,0,2.0,5.0,0.0,0.0,1.0,53.846,40.0,0.0,0.0
19201,Jayden Bogle,Leeds,D,1156,0.0,0,5.0,2.0,376,281.0,30.0,15.0,14.0,13.0,3,0,60.0,125.0,0.0,0.0,0.4,74.734,48.0,3.503,0.506
19201,Jayden Bogle,Leeds,M,697,0.0,1,2.0,0.0,205,159.0,12.0,8.0,9.0,6.0,1,0,29.0,72.0,0.0,0.129,0.0,77.561,40.278,2.582,0.42
19220,Mason Mount,Manchester United,F,639,3.0,0,10.0,5.0,235,187.0,10.0,2.0,10.0,6.0,0,0,25.0,64.0,0.423,0.0,0.5,79.574,39.062,1.69,0.352
19220,Mason Mount,Manchester United,M,179,0.0,0,2.0,0.0,86,68.0,4.0,1.0,2.0,3.0,0,0,8.0,22.0,0.0,0.0,0.0,79.07,36.364,2.514,0.251
19221,Harry Wilson,Fulham,F,271,2.0,0,6.0,5.0,81,67.0,3.0,1.0,2.0,4.0,1,0,10.0,22.0,0.664,0.0,0.833,82.716,45.455,1.328,0.498
19221,Harry Wilson,Fulham,M,1506,6.0,4,27.0,14.0,434,351.0,17.0,9.0,9.0,22.0,5,0,49.0,93.0,0.359,0.239,0.519,80.876,52.688,1.554,0.433
19235,Djed Spence,Tottenham,D,1349,0.0,0,6.0,4.0,619,503.0,22.0,9.0,16.0,12.0,3,0,70.0,150.0,0.0,0.0,0.667,81.26,46.667,2.068,0.467
19235,Djed Spence,Tottenham,M,168,0.0,0,2.0,2.0,82,66.0,3.0,2.0,1.0,2.0,0,0,11.0,17.0,0.0,0.0,1.0,80.488,64.706,2.679,0.134
19245,Marcus Tavernier,Bournemouth,M,1765,5.0,3,29.0,13.0,716,592.0,28.0,12.0,20.0,21.0,3,0,82.0,195.0,0.255,0.153,0.448,82.682,42.051,2.04,0.408
19281,Antoine Semenyo,Bournemouth,M,1798,10.0,3,42.0,27.0,516,390.0,28.0,6.0,38.0,14.0,6,0,121.0,297.0,0.501,0.15,0.643,75.581,40.741,1.702,0.776
19281,Antoine Semenyo,Manchester City,M,270,2.0,0,6.0,4.0,76,65.0,2.0,3.0,5.0,1.0,0,0,8.0,27.0,0.667,0.0,0.667,85.526,29.63,1.667,0.417
19287,Sam Byram,Leeds,D,8,0.0,0,0.0,0.0,1,1.0,0.0,0.0,1.0,0.0,0,0,0.0,1.0,0.0,0.0,,100.0,0.0,0.0,2.812
19298,Matty Cash,Aston Villa,D,2044,3.0,2,16.0,8.0,942,802.0,40.0,15.0,28.0,22.0,5,0,92.0,176.0,0.132,0.088,0.5,85.138,52.273,2.422,0.528
19305,Ryan Yates,Nottingham Forest,M,363,0.0,1,2.0,1.0,152,126.0,8.0,6.0,6.0,8.0,1,0,28.0,47.0,0.0,0.248,0.5,82.895,59.574,3.471,0.62
19321,Joe Rodon,Leeds,D,1920,2.0,0,9.0,4.0,998,884.0,24.0,22.0,10.0,14.0,1,0,97.0,167.0,0.094,0.0,0.444,88.577,58.084,2.156,0.164
19329,Daniel James,Leeds,F,249,0.0,0,1.0,0.0,40,23.0,3.0,1.0,0.0,4.0,0,0,10.0,14.0,0.0,0.0,0.0,57.5,71.429,1.446,0.0
19329,Daniel James,Leeds,M,108,0.0,0,4.0,2.0,26,17.0,1.0,0.0,1.0,2.0,0,0,5.0,15.0,0.0,0.0,0.5,65.385,33.333,0.833,0.208
19346,Rico Henry,Brentford,D,953,0.0,0,4.0,0.0,325,250.0,12.0,7.0,12.0,11.0,2,0,46.0,90.0,0.0,0.0,0.0,76.923,51.111,1.794,0.472
19354,Ezri Konsa,Aston Villa,D,2046,0.0,0,3.0,2.0,1447,1373.0,16.0,15.0,8.0,28.0,0,1,69.0,104.0,0.0,0.0,0.667,94.886,66.346,1.364,0.176
19366,Ollie Watkins,Aston Villa,F,1751,8.0,1,34.0,21.0,298,209.0,15.0,4.0,14.0,19.0,1,0,80.0,187.0,0.411,0.051,0.618,70.134,42.781,0.977,0.231
19428,Jarrod Bowen,West Ham,F,990,3.0,1,19.0,11.0,218,169.0,10.0,2.0,3.0,11.0,1,0,50.0,110.0,0.273,0.091,0.579,77.523,45.455,1.091,0.159
19428,Jarrod Bowen,West Ham,M,1161,5.0,1,18.0,12.0,272,203.0,19.0,13.0,9.0,25.0,2,0,70.0,157.0,0.388,0.078,0.667,74.632,44.586,2.481,0.329
19461,Lukas Nmecha,Leeds,F,625,5.0,0,17.0,11.0,121,78.0,5.0,2.0,12.0,10.0,0,0,35.0,90.0,0.72,0.0,0.647,64.463,38.889,1.008,0.432
19465,David Raya,Arsenal,G,2160,0.0,0,0.0,0.0,709,479.0,1.0,0.0,0.0,5.0,1,0,11.0,11.0,0.0,0.0,,67.56,100.0,0.042,0.042
19480,Harrison Reed,Fulham,M,42,1.0,0,1.0,1.0,7,7.0,0.0,0.0,0.0,1.0,0,0,1.0,3.0,2.143,0.0,1.0,100.0,33.333,0.0,0.0
19495,Nathan Collins,Brentford,D,2026,1.0,2,10.0,5.0,1199,997.0,22.0,26.0,13.0,15.0,4,0,105.0,182.0,0.044,0.089,0.5,83.153,57.692,2.132,0.322
19545,Reece James,Chelsea,D,997,1.0,3,5.0,4.0,726,648.0,27.0,16.0,13.0,8.0,3,0,56.0,92.0,0.09,0.271,0.8,89.256,60.87,3.882,0.564
19545,Reece James,Chelsea,M,540,1.0,1,4.0,2.0,312,264.0,13.0,11.0,11.0,11.0,1,0,38.0,72.0,0.167,0.167,0.5,84.615,52.778,4.0,0.625
19549,Antonee Robinson,Fulham,D,642,0.0,0,1.0,0.0,348,282.0,23.0,9.0,2.0,3.0,0,0,37.0,68.0,0.0,0.0,0.0,81.034,54.412,4.486,0.07
19549,Antonee Robinson,Fulham,M,163,0.0,0,0.0,0.0,93,71.0,3.0,2.0,4.0,0.0,0,0,7.0,14.0,0.0,0.0,,76.344,50.0,2.761,0.552
19586,Eberechi Eze,Arsenal,F,124,0.0,1,0.0,0.0,33,27.0,0.0,0.0,1.0,3.0,0,0,8.0,15.0,0.0,0.726,,81.818,53.333,0.0,0.181
19586,Eberechi Eze,Arsenal,M,856,4.0,1,15.0,10.0,320,277.0,11.0,6.0,7.0,16.0,1,0,45.0,84.0,0.421,0.105,0.667,86.562,53.571,1.787,0.289
19586,Eberechi Eze,Crystal Palace,F,84,0.0,0,3.0,2.0,21,16.0,1.0,0.0,2.0,1.0,0,0,4.0,9.0,0.0,0.0,0.667,76.19,44.444,1.071,0.536
19599,Emiliano Martínez,Aston Villa,G,1755,0.0,0,0.0,0.0,736,537.0,0.0,0.0,0.0,10.0,1,0,16.0,17.0,0.0,0.0,,72.962,94.118,0.0,0.051
19720,Trevoh Chalobah,Chelsea,D,2012,3.0,0,11.0,5.0,1593,1467.0,30.0,25.0,14.0,15.0,3,1,99.0,174.0,0.134,0.0,0.455,92.09,56.897,2.46,0.38
19760,James Justin,Leeds,D,314,0.0,0,2.0,1.0,126,102.0,4.0,6.0,2.0,6.0,1,0,15.0,29.0,0.0,0.0,0.5,80.952,51.724,2.866,0.43
19760,James Justin,Leeds,M,360,1.0,0,5.0,1.0,113,79.0,11.0,8.0,2.0,7.0,0,0,28.0,51.0,0.25,0.0,0.2,69.912,54.902,4.75,0.125
19789,Ethan Pinnock,Brentford,D,231,0.0,0,0.0,0.0,100,81.0,4.0,4.0,0.0,2.0,1,0,12.0,22.0,0.0,0.0,,81.0,54.545,3.117,0.39
19827,Josh Cullen,Burnley,M,1519,2.0,2,7.0,6.0,866,728.0,31.0,22.0,16.0,18.0,2,0,66.0,121.0,0.118,0.118,0.857,84.065,54.545,3.14,0.355
19910,Dan Neil,Sunderland,M,11,0.0,0,0.0,0.0,9,8.0,0.0,0.0,0.0,0.0,0,0,0.0,1.0,0.0,0.0,,88.889,0.0,0.0,0.0
19911,Luke O'Nien,Sunderland,M,48,0.0,0,0.0,0.0,23,19.0,2.0,0.0,2.0,0.0,0,1,2.0,6.0,0.0,0.0,,82.609,33.333,3.75,4.688
19959,Ben White,Arsenal,D,420,0.0,1,4.0,1.0,205,170.0,13.0,3.0,5.0,4.0,0,0,28.0,52.0,0.0,0.214,0.25,82.927,53.846,3.429,0.268
20093,James Hill,Bournemouth,D,859,0.0,1,4.0,1.0,328,246.0,17.0,15.0,9.0,6.0,2,0,63.0,105.0,0.0,0.105,0.25,75.0,60.0,3.353,0.445
20303,Josh Laurent,Burnley,D,878,1.0,0,4.0,1.0,318,245.0,21.0,18.0,9.0,2.0,1,0,36.0,72.0,0.103,0.0,0.25,77.044,50.0,3.998,0.333
20303,Josh Laurent,Burnley,M,264,0.0,0,3.0,2.0,104,81.0,10.0,3.0,6.0,4.0,3,0,23.0,47.0,0.0,0.0,0.667,77.885,48.936,4.432,1.534
20355,Aaron Ramsdale,Newcastle,G,553,0.0,0,0.0,0.0,186,134.0,0.0,0.0,0.0,0.0,0,0,2.0,2.0,0.0,0.0,,72.043,100.0,0.0,0.0
20589,Bryan Mbeumo,Manchester United,F,1633,8.0,1,42.0,28.0,532,418.0,14.0,4.0,14.0,21.0,3,0,56.0,178.0,0.441,0.055,0.667,78.571,31.461,0.992,0.358
20638,Enzo Le Fée,Sunderland,F,340,1.0,2,3.0,1.0,105,81.0,14.0,0.0,6.0,1.0,1,0,18.0,41.0,0.265,0.529,0.333,77.143,43.902,3.706,0.662
20638,Enzo Le Fée,Sunderland,M,1510,2.0,2,12.0,4.0,591,485.0,40.0,17.0,13.0,18.0,4,0,76.0,171.0,0.119,0.119,0.333,82.064,44.444,3.397,0.432
20649,Yoane Wissa,Newcastle,F,345,1.0,0,9.0,4.0,57,44.0,2.0,0.0,3.0,1.0,1,0,10.0,37.0,0.261,0.0,0.444,77.193,27.027,0.522,0.457
20665,Jean-Ricner Bellegarde,Wolves,F,308,1.0,0,4.0,1.0,92,76.0,9.0,1.0,5.0,8.0,0,0,25.0,50.0,0.292,0.0,0.25,82.609,50.0,2.922,0.365
20665,Jean-Ricner Bellegarde,Wolves,M,402,0.0,0,6.0,3.0,158,123.0,10.0,6.0,4.0,13.0,1,0,31.0,47.0,0.0,0.0,0.5,77.848,65.957,3.582,0.448
20995,Maxence Lacroix,Crystal Palace,D,2160,0.0,2,9.0,2.0,1095,959.0,45.0,30.0,21.0,12.0,3,0,130.0,217.0,0.0,0.083,0.222,87.58,59.908,3.125,0.344
21104,Randal Kolo Muani,Tottenham,F,781,0.0,0,7.0,1.0,121,83.0,12.0,1.0,15.0,10.0,2,0,46.0,127.0,0.0,0.0,0.143,68.595,36.22,1.498,0.663
21104,Randal Kolo Muani,Tottenham,M,217,0.0,0,1.0,1.0,50,39.0,5.0,1.0,5.0,0.0,0,0,12.0,37.0,0.0,0.0,1.0,78.0,32.432,2.488,0.518
21138,Rayan Aït-Nouri,Manchester City,D,283,0.0,0,2.0,0.0,143,126.0,13.0,5.0,4.0,2.0,1,0,19.0,45.0,0.0,0.0,0.0,88.112,42.222,5.724,0.636
21694,Nayef Aguerd,West Ham,D,180,0.0,0,2.0,0.0,115,104.0,1.0,1.0,0.0,1.0,0,0,7.0,10.0,0.0,0.0,0.0,90.435,70.0,1.0,0.0
22090,William Saliba,Arsenal,D,1625,0.0,0,2.0,0.0,1402,1305.0,20.0,9.0,10.0,10.0,0,0,78.0,137.0,0.0,0.0,0.0,93.081,56.934,1.606,0.138
22094,Wesley Fofana,Chelsea,D,853,0.0,1,1.0,0.0,576,524.0,13.0,20.0,13.0,9.0,2,0,70.0,114.0,0.0,0.106,0.0,90.972,61.404,3.482,0.554
22136,Bafodé Diakité,Bournemouth,D,1285,0.0,0,1.0,0.0,749,659.0,20.0,12.0,8.0,5.0,1,0,60.0,111.0,0.0,0.0,0.0,87.984,54.054,2.241,0.21
22149,Ibrahim Sangaré,Nottingham Forest,M,1139,2.0,2,9.0,3.0,542,476.0,31.0,12.0,18.0,11.0,2,0,62.0,119.0,0.158,0.158,0.333,87.823,52.101,3.398,0.514
22160,Olivier Boscagli,Brighton,D,250,0.0,1,1.0,0.0,220,196.0,4.0,2.0,4.0,2.0,1,0,9.0,18.0,0.0,0.36,0.0,89.091,50.0,2.16,0.72
22224,Gabriel Magalhães,Arsenal,D,1536,3.0,2,10.0,4.0,1045,931.0,18.0,13.0,9.0,18.0,1,0,93.0,142.0,0.176,0.117,0.4,89.091,65.493,1.816,0.19
22225,Reinildo Mandava,Sunderland,D,1158,0.0,1,2.0,0.0,452,386.0,25.0,20.0,22.0,25.0,5,1,77.0,137.0,0.0,0.078,0.0,85.398,56.204,3.497,0.972
22225,Reinildo Mandava,Sunderland,M,90,0.0,0,0.0,0.0,52,46.0,2.0,1.0,2.0,1.0,0,0,5.0,11.0,0.0,0.0,,88.462,45.455,3.0,0.5
24760,Giorgi Mamardashvili,Liverpool,G,450,0.0,0,0.0,0.0,169,126.0,0.0,0.0,1.0,1.0,0,0,3.0,5.0,0.0,0.0,,74.556,60.0,0.0,0.05
24888,Hee-Chan Hwang,Wolves,F,1112,2.0,1,12.0,6.0,304,232.0,8.0,7.0,21.0,11.0,3,0,32.0,86.0,0.162,0.081,0.5,76.316,37.209,1.214,0.668
25073,Vitaly Janelt,Brentford,M,1042,0.0,4,6.0,2.0,612,533.0,21.0,27.0,11.0,9.0,5,0,51.0,95.0,0.0,0.345,0.333,87.092,53.684,4.146,0.669
25287,Kevin Danso,Tottenham,D,675,0.0,0,1.0,0.0,445,390.0,13.0,5.0,5.0,5.0,4,0,56.0,87.0,0.0,0.0,0.0,87.64,64.368,2.4,0.7
25391,Niclas Füllkrug,West Ham,F,408,0.0,0,7.0,3.0,93,57.0,2.0,2.0,11.0,1.0,0,0,21.0,69.0,0.0,0.0,0.429,61.29,30.435,0.882,0.607
25927,Jean-Philippe Mateta,Crystal Palace,F,1914,8.0,0,47.0,26.0,274,171.0,8.0,5.0,16.0,15.0,2,0,94.0,249.0,0.376,0.0,0.553,62.409,37.751,0.611,0.282
26303,Borna Sosa,Crystal Palace,D,50,0.0,0,0.0,0.0,17,9.0,3.0,1.0,2.0,0.0,0,0,4.0,8.0,0.0,0.0,,52.941,50.0,7.2,0.9
30407,Christian Nørgaard,Arsenal,M,30,0.0,0,1.0,1.0,15,14.0,0.0,0.0,1.0,0.0,0,0,2.0,5.0,0.0,0.0,1.0,93.333,40.0,0.0,0.75
30410,Federico Chiesa,Liverpool,F,234,2.0,1,7.0,2.0,69,50.0,8.0,2.0,5.0,5.0,2,0,16.0,35.0,0.769,0.385,0.286,72.464,45.714,3.846,1.25
30410,Federico Chiesa,Liverpool,M,61,0.0,0,0.0,0.0,16,10.0,0.0,1.0,2.0,0.0,0,0,1.0,4.0,0.0,0.0,,62.5,25.0,1.475,0.738
30776,Cristian Romero,Tottenham,D,1683,4.0,1,13.0,6.0,1015,885.0,52.0,29.0,26.0,12.0,10,1,134.0,204.0,0.214,0.053,0.462,87.192,65.686,4.332,0.989
31057,Hamed Junior Traorè,Bournemouth,M,16,0.0,1,0.0,0.0,2,2.0,1.0,0.0,0.0,0.0,0,0,1.0,4.0,0.0,5.625,,100.0,25.0,5.625,0.0
31146,Sandro Tonali,Newcastle,M,1672,0.0,1,11.0,6.0,1026,877.0,24.0,22.0,15.0,29.0,3,0,77.0,138.0,0.0,0.054,0.545,85.478,55.797,2.476,0.363
31354,Guglielmo Vicario,Tottenham,G,2160,0.0,0,0.0,0.0,843,583.0,0.0,0.0,0.0,2.0,1,0,14.0,16.0,0.0,0.0,,69.158,87.5,0.0,0.042
32966,Ao Tanaka,Leeds,M,751,2.0,0,11.0,3.0,378,319.0,17.0,12.0,8.0,4.0,1,0,30.0,66.0,0.24,0.0,0.273,84.392,45.455,3.475,0.36
36878,Marco Bizot,Aston Villa,G,405,0.0,0,0.0,0.0,162,126.0,0.0,0.0,1.0,1.0,2,0,2.0,3.0,0.0,0.0,,77.778,66.667,0.0,0.5
36902,Tijjani Reijnders,Manchester City,M,1438,5.0,2,30.0,14.0,703,622.0,8.0,9.0,17.0,13.0,2,0,41.0,106.0,0.313,0.125,0.467,88.478,38.679,1.064,0.391
36922,Sepp van den Berg,Brentford,D,1673,0.0,0,8.0,4.0,848,757.0,12.0,16.0,9.0,7.0,1,0,99.0,154.0,0.0,0.0,0.5,89.269,64.286,1.506,0.175
36927,Zian Flemming,Burnley,F,627,4.0,0,12.0,7.0,111,73.0,6.0,1.0,17.0,13.0,3,0,49.0,115.0,0.574,0.0,0.583,65.766,42.609,1.005,1.041
36927,Zian Flemming,Burnley,M,98,1.0,0,3.0,2.0,16,9.0,0.0,0.0,2.0,1.0,0,0,2.0,13.0,0.918,0.0,0.667,56.25,15.385,0.0,0.459
37127,Martin Ødegaard,Arsenal,M,1020,1.0,4,15.0,7.0,607,516.0,16.0,7.0,7.0,6.0,0,0,33.0,75.0,0.088,0.353,0.467,85.008,44.0,2.029,0.154
37143,Lutsharel Geertruida,Sunderland,D,651,0.0,0,2.0,1.0,293,257.0,15.0,6.0,5.0,3.0,0,0,28.0,47.0,0.0,0.0,0.5,87.713,59.574,2.903,0.173
37143,Lutsharel Geertruida,Sunderland,M,349,0.0,0,0.0,0.0,138,115.0,5.0,6.0,2.0,1.0,0,0,10.0,21.0,0.0,0.0,,83.333,47.619,2.837,0.129
37145,Tyrell Malacia,Manchester United,D,10,0.0,0,0.0,0.0,2,1.0,1.0,0.0,0.0,0.0,0,0,1.0,1.0,0.0,0.0,,50.0,100.0,9.0,0.0
37381,Mike Trésor,Burnley,F,40,0.0,0,0.0,0.0,15,12.0,0.0,0.0,0.0,0.0,0,0,0.0,5.0,0.0,0.0,,80.0,0.0,0.0,0.0
37724,Crysencio Summerville,West Ham,F,593,0.0,1,9.0,4.0,139,117.0,8.0,5.0,15.0,16.0,1,0,34.0,75.0,0.0,0.152,0.444,84.173,45.333,1.973,0.721
37724,Crysencio Summerville,West Ham,M,823,3.0,0,8.0,5.0,223,189.0,15.0,4.0,16.0,22.0,2,0,56.0,109.0,0.328,0.0,0.625,84.753,51.376,2.078,0.656
37882,Marcus Edwards,Burnley,F,644,1.0,2,8.0,4.0,208,174.0,6.0,1.0,5.0,9.0,0,0,26.0,85.0,0.14,0.28,0.5,83.654,30.588,0.978,0.175
38695,Jan Paul van Hecke,Brighton,D,2070,3.0,2,11.0,8.0,1686,1474.0,32.0,21.0,19.0,29.0,6,0,130.0,216.0,0.13,0.087,0.727,87.426,60.185,2.304,0.467
38734,Sven Botman,Newcastle,D,882,0.0,1,4.0,3.0,592,522.0,9.0,8.0,7.0,5.0,1,0,48.0,80.0,0.0,0.102,0.75,88.176,60.0,1.735,0.281
38746,Jurriën Timber,Arsenal,D,1912,2.0,3,20.0,5.0,865,744.0,50.0,16.0,32.0,23.0,4,0,117.0,205.0,0.094,0.141,0.25,86.012,57.073,3.107,0.565
38750,Brian Brobbey,Sunderland,F,969,5.0,1,15.0,9.0,128,86.0,5.0,0.0,10.0,21.0,1,0,66.0,135.0,0.464,0.093,0.6,67.188,48.889,0.464,0.325
41104,João Palhinha,Tottenham,D,90,0.0,0,0.0,0.0,44,36.0,6.0,0.0,0.0,1.0,0,0,7.0,9.0,0.0,0.0,,81.818,77.778,6.0,0.0
41104,João Palhinha,Tottenham,M,1302,3.0,2,11.0,5.0,608,498.0,74.0,17.0,15.0,23.0,5,0,127.0,200.0,0.207,0.138,0.455,81.908,63.5,6.29,0.605
41606,Toti Gomes,Wolves,D,952,0.0,0,1.0,1.0,574,496.0,14.0,8.0,9.0,8.0,2,1,42.0,70.0,0.0,0.0,1.0,86.411,60.0,2.08,0.591
41621,Matheus Nunes,Manchester City,D,1688,1.0,4,4.0,1.0,1320,1176.0,41.0,24.0,11.0,16.0,4,0,97.0,162.0,0.053,0.213,0.25,89.091,59.877,3.466,0.36
41621,Matheus Nunes,Manchester City,M,69,0.0,0,0.0,0.0,27,22.0,2.0,1.0,0.0,2.0,0,0,5.0,9.0,0.0,0.0,,81.481,55.556,3.913,0.0
44871,Aaron Hickey,Brentford,D,572,0.0,0,4.0,1.0,252,209.0,10.0,7.0,6.0,5.0,1,0,24.0,56.0,0.0,0.0,0.25,82.937,42.857,2.675,0.393
46815,Pau Torres,Aston Villa,D,1209,0.0,0,5.0,0.0,812,715.0,17.0,9.0,4.0,4.0,0,0,47.0,82.0,0.0,0.0,0.0,88.054,57.317,1.935,0.074
47311,Mikel Merino,Arsenal,F,403,2.0,3,6.0,3.0,130,89.0,11.0,1.0,8.0,8.0,0,0,32.0,75.0,0.447,0.67,0.5,68.462,42.667,2.68,0.447
47311,Mikel Merino,Arsenal,M,604,2.0,0,9.0,5.0,225,180.0,15.0,9.0,13.0,12.0,1,0,47.0,96.0,0.298,0.0,0.556,80.0,48.958,3.576,0.633
47315,Martín Zubimendi,Arsenal,M,2000,4.0,1,15.0,8.0,1386,1227.0,42.0,28.0,23.0,6.0,4,0,95.0,166.0,0.18,0.045,0.533,88.528,57.229,3.15,0.439
47380,Marc Cucurella,Chelsea,D,1754,1.0,2,10.0,4.0,994,863.0,42.0,18.0,30.0,19.0,4,1,89.0,160.0,0.051,0.103,0.4,86.821,55.625,3.079,0.693
47438,Mathias Jensen,Brentford,M,1054,2.0,0,9.0,3.0,488,403.0,20.0,6.0,9.0,4.0,1,0,40.0,101.0,0.171,0.0,0.333,82.582,39.604,2.22,0.278
47499,Enes Ünal,Bournemouth,F,127,1.0,0,5.0,2.0,19,12.0,0.0,0.0,3.0,3.0,1,0,5.0,28.0,0.709,0.0,0.4,63.158,17.857,0.0,1.24
47519,Pedro Porro,Tottenham,D,1779,0.0,2,7.0,1.0,924,686.0,41.0,16.0,20.0,18.0,5,0,85.0,162.0,0.0,0.101,0.143,74.242,52.469,2.884,0.506
47519,Pedro Porro,Tottenham,M,45,0.0,0,3.0,1.0,38,28.0,1.0,0.0,2.0,0.0,0,0,1.0,5.0,0.0,0.0,0.333,73.684,20.0,2.0,1.0
47521,Patrick Roberts,Sunderland,M,27,0.0,0,0.0,0.0,20,16.0,0.0,0.0,0.0,0.0,0,0,1.0,2.0,0.0,0.0,,80.0,50.0,0.0,0.0
47522,Douglas Luiz,Aston Villa,M,90,0.0,0,2.0,1.0,76,66.0,2.0,1.0,1.0,0.0,0,0,5.0,7.0,0.0,0.0,0.5,86.842,71.429,3.0,0.25
47522,Douglas Luiz,Nottingham Forest,M,331,0.0,0,3.0,1.0,224,207.0,10.0,7.0,4.0,5.0,2,0,19.0,33.0,0.0,0.0,0.333,92.411,57.576,4.622,0.816
47903,Hjalmar Ekdal,Burnley,D,1178,0.0,0,4.0,1.0,475,403.0,19.0,9.0,5.0,3.0,0,0,62.0,97.0,0.0,0.0,0.25,84.842,63.918,2.139,0.096
47969,Gabriel Gudmundsson,Leeds,D,1026,0.0,0,2.0,0.0,410,331.0,27.0,11.0,10.0,17.0,1,0,68.0,129.0,0.0,0.0,0.0,80.732,52.713,3.333,0.307
47969,Gabriel Gudmundsson,Leeds,M,898,0.0,0,7.0,3.0,303,219.0,24.0,7.0,13.0,20.0,2,0,60.0,108.0,0.0,0.0,0.429,72.277,55.556,3.107,0.526
48389,Noah Okafor,Leeds,F,1088,2.0,0,14.0,7.0,211,160.0,14.0,9.0,13.0,11.0,2,0,61.0,147.0,0.165,0.0,0.5,75.829,41.497,1.903,0.434
48389,Noah Okafor,Leeds,M,77,0.0,0,0.0,0.0,14,8.0,3.0,1.0,2.0,1.0,0,0,9.0,15.0,0.0,0.0,,57.143,60.0,4.675,0.584
48648,Dan Ndoye,Nottingham Forest,F,99,0.0,0,1.0,0.0,25,19.0,2.0,2.0,2.0,4.0,0,0,10.0,17.0,0.0,0.0,0.0,76.0,58.824,3.636,0.455
48648,Dan Ndoye,Nottingham Forest,M,940,1.0,1,6.0,3.0,223,176.0,17.0,8.0,11.0,9.0,1,0,41.0,97.0,0.096,0.096,0.5,78.924,42.268,2.394,0.359
50132,Altay Bayındır,Manchester United,G,540,0.0,0,0.0,0.0,177,107.0,0.0,0.0,0.0,3.0,0,0,5.0,6.0,0.0,0.0,,60.452,83.333,0.0,0.0
50739,Brenden Aaronson,Leeds,F,942,3.0,1,14.0,10.0,251,207.0,27.0,7.0,7.0,20.0,1,0,68.0,149.0,0.287,0.096,0.714,82.47,45.638,3.248,0.263
50739,Brenden Aaronson,Leeds,M,561,1.0,2,8.0,4.0,184,146.0,9.0,3.0,6.0,8.0,0,0,30.0,84.0,0.16,0.321,0.5,79.348,35.714,1.925,0.241
50856,Valentín Castellanos,West Ham,F,330,0.0,0,11.0,5.0,57,38.0,2.0,1.0,7.0,4.0,2,0,14.0,36.0,0.0,0.0,0.455,66.667,38.889,0.818,1.023
51494,Manuel Ugarte,Manchester United,M,757,0.0,0,7.0,1.0,401,338.0,41.0,16.0,21.0,12.0,1,0,70.0,127.0,0.0,0.0,0.143,84.289,55.118,6.777,0.743
55904,Daniel Ballard,Sunderland,D,1493,2.0,0,19.0,9.0,763,632.0,25.0,13.0,19.0,22.0,3,0,127.0,203.0,0.121,0.0,0.474,82.831,62.562,2.291,0.467
64003,Pascal Struijk,Leeds,D,1898,0.0,1,17.0,4.0,1209,1073.0,25.0,21.0,13.0,13.0,3,0,110.0,196.0,0.0,0.047,0.235,88.751,56.122,2.181,0.296
66407,Ladislav Krejčí,Wolves,D,1132,1.0,1,8.0,6.0,719,617.0,8.0,12.0,12.0,4.0,0,0,44.0,86.0,0.08,0.08,0.75,85.814,51.163,1.59,0.239
66407,Ladislav Krejčí,Wolves,M,440,1.0,0,3.0,2.0,172,139.0,10.0,7.0,14.0,2.0,2,0,21.0,50.0,0.205,0.0,0.667,80.814,42.0,3.477,1.125
67943,Morato,Nottingham Forest,D,765,0.0,0,1.0,0.0,485,417.0,20.0,4.0,9.0,6.0,4,0,41.0,62.0,0.0,0.0,0.0,85.979,66.129,2.824,0.735
67971,Marc Guéhi,Crystal Palace,D,1800,2.0,2,10.0,4.0,1064,908.0,30.0,25.0,14.0,18.0,4,0,103.0,161.0,0.1,0.1,0.4,85.338,63.975,2.75,0.375
67971,Marc Guéhi,Manchester City,D,180,0.0,0,4.0,1.0,182,172.0,1.0,3.0,0.0,2.0,0,0,12.0,16.0,0.0,0.0,0.25,94.505,75.0,2.0,0.0
67972,Conor Gallagher,Tottenham,M,265,0.0,1,3.0,1.0,142,118.0,5.0,6.0,5.0,7.0,0,0,17.0,32.0,0.0,0.34,0.333,83.099,53.125,3.736,0.425
68466,Andy Irving,West Ham,M,161,0.0,0,0.0,0.0,91,82.0,6.0,1.0,1.0,0.0,0,0,6.0,15.0,0.0,0.0,,90.11,40.0,3.913,0.14
70100,Joshua Zirkzee,Manchester United,F,462,1.0,1,13.0,5.0,165,123.0,6.0,1.0,7.0,4.0,1,0,28.0,70.0,0.195,0.195,0.385,74.545,40.0,1.364,0.536
70100,Joshua Zirkzee,Manchester United,M,45,1.0,0,1.0,1.0,17,14.0,1.0,0.0,1.0,0.0,0,0,2.0,4.0,2.0,0.0,1.0,82.353,50.0,2.0,0.5
70366,John Victor,Nottingham Forest,G,438,0.0,0,0.0,0.0,130,83.0,0.0,0.0,0.0,0.0,1,0,0.0,0.0,0.0,0.0,,63.846,,0.0,0.205
80296,Lucas Perri,Leeds,G,1440,0.0,0,0.0,0.0,559,298.0,0.0,0.0,1.0,3.0,2,0,7.0,10.0,0.0,0.0,,53.309,70.0,0.0,0.141
81573,Omar Marmoush,Manchester City,F,252,1.0,1,5.0,2.0,68,61.0,5.0,2.0,4.0,8.0,0,0,18.0,39.0,0.357,0.357,0.4,89.706,46.154,2.5,0.357
81573,Omar Marmoush,Manchester City,M,54,0.0,0,3.0,2.0,14,11.0,1.0,0.0,0.0,1.0,0,0,4.0,6.0,0.0,0.0,0.667,78.571,66.667,1.667,0.0
84087,Wilson Isidor,Sunderland,F,1005,4.0,0,26.0,14.0,98,57.0,8.0,0.0,12.0,4.0,1,0,38.0,133.0,0.358,0.0,0.538,58.163,28.571,0.716,0.358
90590,Georginio Rutter,Brighton,F,752,0.0,1,12.0,5.0,149,104.0,10.0,4.0,12.0,14.0,0,0,42.0,122.0,0.0,0.12,0.417,69.799,34.426,1.676,0.359
90590,Georginio Rutter,Brighton,M,687,2.0,1,11.0,6.0,192,138.0,11.0,3.0,10.0,13.0,2,0,46.0,100.0,0.262,0.131,0.545,71.875,46.0,1.834,0.59
92993,Mats Wieffer,Brighton,D,1097,0.0,2,6.0,2.0,534,454.0,42.0,16.0,18.0,11.0,3,0,84.0,179.0,0.0,0.164,0.333,85.019,46.927,4.758,0.615
92993,Mats Wieffer,Brighton,M,91,0.0,1,1.0,0.0,46,38.0,5.0,2.0,2.0,0.0,1,0,11.0,19.0,0.0,0.989,0.0,82.609,57.895,6.923,1.484
98936,Lyle Foster,Burnley,F,913,3.0,1,9.0,4.0,179,120.0,8.0,3.0,16.0,9.0,3,0,44.0,133.0,0.296,0.099,0.444,67.039,33.083,1.084,0.69
98936,Lyle Foster,Burnley,M,75,0.0,0,0.0,0.0,13,6.0,2.0,0.0,1.0,0.0,0,0,4.0,13.0,0.0,0.0,,46.154,30.769,2.4,0.3
106725,Keane Lewis-Potter,Brentford,D,317,0.0,0,0.0,0.0,66,52.0,4.0,1.0,2.0,4.0,0,0,10.0,19.0,0.0,0.0,,78.788,52.632,1.42,0.142
106725,Keane Lewis-Potter,Brentford,F,360,2.0,1,6.0,4.0,99,77.0,6.0,4.0,5.0,9.0,1,0,22.0,51.0,0.5,0.25,0.667,77.778,43.137,2.5,0.562
106725,Keane Lewis-Potter,Brentford,M,280,0.0,0,4.0,1.0,68,57.0,3.0,0.0,2.0,4.0,0,0,8.0,21.0,0.0,0.0,0.25,83.824,38.095,0.964,0.161
106835,Kaoru Mitoma,Brighton,F,180,0.0,0,2.0,1.0,67,51.0,1.0,0.0,0.0,2.0,0,0,7.0,19.0,0.0,0.0,0.5,76.119,36.842,0.5,0.0
106835,Kaoru Mitoma,Brighton,M,837,2.0,1,10.0,5.0,260,210.0,7.0,5.0,14.0,6.0,2,0,33.0,101.0,0.215,0.108,0.5,80.769,32.673,1.29,0.591
110153,Tolu Arokodare,Wolves,F,866,1.0,0,22.0,7.0,172,106.0,5.0,3.0,13.0,7.0,1,0,84.0,168.0,0.104,0.0,0.318,61.628,50.0,0.831,0.442
115589,Benjamin Šeško,Manchester United,F,1066,5.0,1,36.0,20.0,215,144.0,5.0,3.0,11.0,4.0,1,0,59.0,149.0,0.422,0.084,0.556,66.977,39.597,0.675,0.317
116117,Moisés Caicedo,Chelsea,M,1596,3.0,1,10.0,7.0,1049,957.0,54.0,43.0,32.0,35.0,7,1,110.0,193.0,0.169,0.056,0.7,91.23,56.995,5.47,0.959
118307,Đorđe Petrović,Bournemouth,G,2160,0.0,0,0.0,0.0,573,361.0,0.0,0.0,0.0,1.0,2,0,15.0,18.0,0.0,0.0,,63.002,83.333,0.0,0.083
119121,Trai Hume,Sunderland,D,1563,0.0,1,6.0,0.0,551,411.0,41.0,14.0,14.0,18.0,5,0,96.0,172.0,0.0,0.058,0.0,74.592,55.814,3.167,0.489
119121,Trai Hume,Sunderland,M,405,0.0,0,9.0,5.0,129,94.0,3.0,3.0,6.0,4.0,2,0,21.0,47.0,0.0,0.0,0.556,72.868,44.681,1.333,0.778
125743,Beto,Everton,F,874,3.0,0,16.0,7.0,112,69.0,10.0,1.0,20.0,7.0,1,0,79.0,197.0,0.309,0.0,0.438,61.607,40.102,1.133,0.618
126949,Chris Richards,Crystal Palace,D,1793,1.0,0,3.0,1.0,864,713.0,43.0,30.0,12.0,3.0,2,0,113.0,191.0,0.05,0.0,0.333,82.523,59.162,3.664,0.251
127769,Gabriel Martinelli,Arsenal,F,586,1.0,1,13.0,6.0,131,93.0,7.0,0.0,5.0,10.0,2,0,33.0,70.0,0.154,0.154,0.462,70.992,47.143,1.075,0.499
127817,Piero Hincapié,Arsenal,D,1024,0.0,0,0.0,0.0,574,512.0,22.0,14.0,9.0,6.0,2,0,52.0,95.0,0.0,0.0,,89.199,54.737,3.164,0.374
128895,Oliver Sonne,Burnley,D,164,1.0,0,3.0,1.0,57,38.0,2.0,1.0,3.0,0.0,0,0,8.0,14.0,0.549,0.0,0.333,66.667,57.143,1.646,0.412
129033,Joško Gvardiol,Manchester City,D,1304,2.0,2,12.0,5.0,997,894.0,18.0,13.0,16.0,7.0,2,0,53.0,96.0,0.138,0.138,0.417,89.669,55.208,2.14,0.414
129058,Bart Verbruggen,Brighton,G,2160,0.0,0,0.0,0.0,962,753.0,1.0,0.0,2.0,2.0,3,0,10.0,12.0,0.0,0.0,,78.274,83.333,0.042,0.146
129142,Ilia Gruev,Leeds,M,853,0.0,1,2.0,0.0,383,342.0,17.0,9.0,7.0,7.0,2,0,39.0,72.0,0.0,0.106,0.0,89.295,54.167,2.743,0.396
129682,Amine Adli,Bournemouth,F,258,0.0,0,3.0,3.0,106,82.0,11.0,3.0,11.0,6.0,1,0,26.0,48.0,0.0,0.0,1.0,77.358,54.167,4.884,1.308
129682,Amine Adli,Bournemouth,M,428,2.0,1,6.0,4.0,142,110.0,14.0,1.0,14.0,10.0,1,0,35.0,70.0,0.421,0.21,0.667,77.465,50.0,3.154,0.946
129695,Dilane Bakwa,Nottingham Forest,F,102,0.0,0,1.0,0.0,38,30.0,1.0,0.0,0.0,3.0,0,0,6.0,11.0,0.0,0.0,0.0,78.947,54.545,0.882,0.0
129695,Dilane Bakwa,Nottingham Forest,M,200,0.0,1,5.0,3.0,77,60.0,0.0,0.0,5.0,5.0,1,0,7.0,25.0,0.0,0.45,0.6,77.922,28.0,0.0,1.012
129711,Brennan Johnson,Crystal Palace,F,418,0.0,0,6.0,3.0,86,54.0,4.0,1.0,6.0,1.0,2,0,12.0,35.0,0.0,0.0,0.5,62.791,34.286,1.077,0.754
129711,Brennan Johnson,Tottenham,F,372,2.0,0,5.0,2.0,81,59.0,6.0,1.0,1.0,4.0,1,0,11.0,18.0,0.484,0.0,0.4,72.84,61.111,1.694,0.302
129711,Brennan Johnson,Tottenham,M,256,0.0,0,0.0,0.0,59,39.0,7.0,1.0,1.0,0.0,1,0,13.0,24.0,0.0,0.0,,66.102,54.167,2.812,0.439
135068,Emmanuel Agbadou,Wolves,D,1101,0.0,0,7.0,3.0,659,547.0,32.0,13.0,10.0,5.0,1,1,67.0,105.0,0.0,0.0,0.429,83.005,63.81,3.678,0.45
135334,Santiago Bueno,Wolves,D,1293,2.0,0,3.0,3.0,595,519.0,34.0,16.0,14.0,5.0,2,0,69.0,112.0,0.139,0.0,1.0,87.227,61.607,3.48,0.383
136723,Noni Madueke,Arsenal,F,590,0.0,0,7.0,3.0,202,151.0,7.0,3.0,7.0,7.0,0,0,37.0,86.0,0.0,0.0,0.429,74.752,43.023,1.525,0.267
136723,Noni Madueke,Arsenal,M,61,0.0,1,0.0,0.0,22,14.0,0.0,1.0,1.0,1.0,0,0,5.0,11.0,0.0,1.475,,63.636,45.455,1.475,0.369
137303,Evann Guessand,Aston Villa,F,190,0.0,0,3.0,1.0,28,25.0,11.0,1.0,4.0,7.0,0,0,25.0,48.0,0.0,0.0,0.333,89.286,52.083,5.684,0.474
137303,Evann Guessand,Aston Villa,M,407,0.0,1,4.0,4.0,65,51.0,7.0,0.0,7.0,5.0,0,0,19.0,55.0,0.0,0.221,1.0,78.462,34.545,1.548,0.387
138417,Nathan Patterson,Everton,D,265,0.0,0,1.0,1.0,83,64.0,10.0,2.0,2.0,2.0,0,0,20.0,33.0,0.0,0.0,1.0,77.108,60.606,4.075,0.17
138780,Neco Williams,Nottingham Forest,D,2025,1.0,1,14.0,10.0,838,693.0,65.0,23.0,18.0,43.0,3,1,152.0,264.0,0.044,0.044,0.714,82.697,57.576,3.911,0.422
138780,Neco Williams,Nottingham Forest,M,90,0.0,0,1.0,1.0,42,36.0,4.0,0.0,2.0,1.0,1,0,8.0,12.0,0.0,0.0,1.0,85.714,66.667,4.0,1.5
138787,Anthony Gordon,Newcastle,F,1229,3.0,1,23.0,11.0,392,320.0,13.0,2.0,12.0,25.0,3,1,68.0,147.0,0.22,0.073,0.478,81.633,46.259,1.098,0.586
138816,Ian Maatsen,Aston Villa,D,953,0.0,0,10.0,3.0,480,419.0,29.0,6.0,9.0,9.0,2,0,65.0,122.0,0.0,0.0,0.3,87.292,53.279,3.305,0.401
138822,Armando Broja,Burnley,F,807,1.0,1,8.0,6.0,124,84.0,6.0,3.0,12.0,14.0,0,0,59.0,180.0,0.112,0.112,0.75,67.742,32.778,1.004,0.335
138908,Elliot Anderson,Nottingham Forest,M,2160,1.0,2,10.0,5.0,1571,1354.0,65.0,29.0,34.0,58.0,4,0,194.0,345.0,0.042,0.083,0.5,86.187,56.232,3.917,0.521
141901,Jota Silva,Nottingham Forest,F,11,0.0,0,0.0,0.0,2,2.0,2.0,0.0,0.0,1.0,0,0,3.0,4.0,0.0,0.0,,100.0,75.0,16.364,0.0
147831,Arnaud Kalimuendo,Nottingham Forest,F,104,0.0,0,1.0,1.0,26,23.0,1.0,0.0,2.0,0.0,0,0,4.0,11.0,0.0,0.0,1.0,88.462,36.364,0.865,0.433
148099,Kiernan Dewsbury-Hall,Everton,M,1386,4.0,2,13.0,6.0,542,454.0,29.0,8.0,19.0,27.0,5,0,81.0,148.0,0.26,0.13,0.462,83.764,54.73,2.403,0.633
152654,Jeremie Frimpong,Liverpool,D,382,0.0,1,3.0,1.0,183,153.0,4.0,3.0,1.0,7.0,0,0,21.0,40.0,0.0,0.236,0.333,83.607,52.5,1.649,0.059
152654,Jeremie Frimpong,Liverpool,M,174,0.0,0,1.0,0.0,59,50.0,0.0,1.0,1.0,2.0,0,0,9.0,19.0,0.0,0.0,0.0,84.746,47.368,0.517,0.129
152849,Micky van de Ven,Tottenham,D,1970,4.0,1,11.0,6.0,1178,1055.0,26.0,20.0,16.0,11.0,6,0,71.0,139.0,0.183,0.046,0.545,89.559,51.079,2.102,0.457
152856,Evanilson,Bournemouth,F,1679,5.0,0,35.0,14.0,282,216.0,7.0,3.0,15.0,22.0,0,0,69.0,188.0,0.268,0.0,0.4,76.596,36.702,0.536,0.201
152967,Calvin Bassey,Fulham,D,1374,1.0,0,3.0,1.0,945,834.0,33.0,10.0,15.0,18.0,3,0,78.0,132.0,0.066,0.0,0.333,88.254,59.091,2.817,0.442
152982,Cole Palmer,Chelsea,M,849,4.0,0,18.0,10.0,367,298.0,12.0,9.0,9.0,18.0,2,0,41.0,88.0,0.424,0.0,0.556,81.199,46.591,2.226,0.451
153066,Fabio Carvalho,Brentford,M,127,1.0,0,2.0,1.0,23,20.0,3.0,0.0,0.0,0.0,0,0,5.0,11.0,0.709,0.0,0.5,86.957,45.455,2.126,0.0
153430,Anthony Elanga,Newcastle,F,811,0.0,1,7.0,3.0,272,217.0,9.0,1.0,3.0,14.0,0,0,35.0,94.0,0.0,0.111,0.429,79.779,37.234,1.11,0.083
156477,Rayan Cherki,Manchester City,F,53,0.0,0,0.0,0.0,22,17.0,0.0,0.0,1.0,2.0,0,0,2.0,8.0,0.0,0.0,,77.273,25.0,0.0,0.425
156477,Rayan Cherki,Manchester City,M,983,3.0,7,17.0,7.0,686,582.0,18.0,7.0,6.0,22.0,1,0,67.0,146.0,0.275,0.641,0.412,84.84,45.89,2.289,0.229
157052,Riccardo Calafiori,Arsenal,D,1278,1.0,2,16.0,5.0,565,484.0,28.0,14.0,22.0,9.0,5,0,78.0,137.0,0.07,0.141,0.312,85.664,56.934,2.958,0.739
157997,Amad Diallo,Manchester United,F,395,0.0,1,5.0,2.0,165,143.0,10.0,3.0,2.0,8.0,0,0,28.0,53.0,0.0,0.228,0.4,86.667,52.83,2.962,0.114
157997,Amad Diallo,Manchester United,M,1078,2.0,1,16.0,9.0,420,368.0,16.0,9.0,11.0,20.0,1,0,60.0,118.0,0.167,0.083,0.562,87.619,50.847,2.087,0.313
158054,Nick Woltemade,Newcastle,F,1379,7.0,2,23.0,12.0,231,172.0,15.0,3.0,16.0,15.0,0,0,68.0,182.0,0.457,0.131,0.522,74.459,37.363,1.175,0.261
158694,Valentino Livramento,Newcastle,D,959,0.0,1,1.0,0.0,487,438.0,17.0,6.0,4.0,11.0,1,0,40.0,77.0,0.0,0.094,0.0,89.938,51.948,2.158,0.188
158694,Valentino Livramento,Newcastle,M,90,0.0,0,0.0,0.0,34,28.0,2.0,0.0,1.0,0.0,0,0,4.0,6.0,0.0,0.0,,82.353,66.667,2.0,0.25
158697,James McAtee,Nottingham Forest,M,179,0.0,0,0.0,0.0,67,63.0,4.0,0.0,3.0,3.0,1,0,10.0,25.0,0.0,0.0,,94.03,40.0,2.011,0.88
161621,Loum Tchaouna,Burnley,F,338,1.0,0,10.0,6.0,113,89.0,4.0,2.0,0.0,6.0,1,0,17.0,37.0,0.266,0.0,0.6,78.761,45.946,1.598,0.266
161621,Loum Tchaouna,Burnley,M,452,0.0,0,1.0,0.0,98,66.0,9.0,0.0,4.0,5.0,0,0,22.0,51.0,0.0,0.0,0.0,67.347,43.137,1.792,0.199
161907,Malo Gusto,Chelsea,D,1142,2.0,1,6.0,4.0,633,551.0,30.0,19.0,6.0,9.0,1,0,57.0,102.0,0.158,0.079,0.667,87.046,55.882,3.862,0.197
161907,Malo Gusto,Chelsea,M,177,0.0,1,1.0,0.0,99,86.0,2.0,1.0,5.0,0.0,2,1,2.0,10.0,0.0,0.508,0.0,86.869,20.0,1.525,2.669
161933,Nico González,Manchester City,M,1356,1.0,0,4.0,2.0,1136,1019.0,36.0,21.0,27.0,17.0,5,0,92.0,168.0,0.066,0.0,0.5,89.701,54.762,3.783,0.78
161948,Liam Delap,Chelsea,F,699,1.0,0,17.0,9.0,119,84.0,2.0,0.0,14.0,14.0,2,0,39.0,96.0,0.129,0.0,0.529,70.588,40.625,0.258,0.708
162007,Maxim De Cuyper,Brighton,D,742,1.0,0,5.0,3.0,372,318.0,15.0,5.0,13.0,10.0,2,0,31.0,70.0,0.121,0.0,0.6,85.484,44.286,2.426,0.637
162007,Maxim De Cuyper,Brighton,M,341,1.0,0,2.0,2.0,114,88.0,2.0,4.0,1.0,6.0,0,0,13.0,23.0,0.264,0.0,1.0,77.193,56.522,1.584,0.066
162016,Xavi Simons,Tottenham,F,284,0.0,2,5.0,2.0,164,138.0,4.0,2.0,3.0,7.0,1,1,20.0,33.0,0.0,0.634,0.4,84.146,60.606,1.901,1.188
162016,Xavi Simons,Tottenham,M,914,1.0,2,11.0,5.0,388,316.0,21.0,6.0,10.0,21.0,2,0,62.0,137.0,0.098,0.197,0.455,81.443,45.255,2.659,0.443
162076,Dennis Cirkin,Sunderland,D,297,0.0,0,0.0,0.0,89,70.0,8.0,5.0,2.0,2.0,1,0,17.0,30.0,0.0,0.0,,78.652,56.667,3.939,0.455
162128,Wilfried Gnonto,Leeds,F,359,0.0,1,3.0,0.0,132,107.0,13.0,2.0,5.0,7.0,2,0,22.0,52.0,0.0,0.251,0.0,81.061,42.308,3.76,0.815
162267,Adrien Truffert,Bournemouth,D,2120,0.0,1,5.0,1.0,963,800.0,70.0,30.0,24.0,21.0,3,0,146.0,271.0,0.0,0.042,0.2,83.074,53.875,4.245,0.382
162489,James Trafford,Manchester City,G,270,0.0,0,0.0,0.0,107,77.0,2.0,0.0,0.0,1.0,0,0,5.0,5.0,0.0,0.0,,71.963,100.0,0.667,0.0
162498,Radu Drăguşin,Tottenham,D,103,0.0,0,1.0,0.0,47,37.0,1.0,0.0,0.0,0.0,0,0,2.0,7.0,0.0,0.0,0.0,78.723,28.571,0.874,0.0
162511,Senne Lammens,Manchester United,G,1620,0.0,0,0.0,0.0,542,298.0,1.0,0.0,0.0,2.0,0,0,7.0,7.0,0.0,0.0,,54.982,100.0,0.056,0.0
162552,Dane Scarlett,Tottenham,F,21,0.0,0,0.0,0.0,4,2.0,0.0,0.0,1.0,0.0,0,0,0.0,4.0,0.0,0.0,,50.0,0.0,0.0,1.071
162714,Amadou Onana,Aston Villa,M,993,2.0,0,4.0,3.0,443,388.0,30.0,16.0,15.0,17.0,2,0,75.0,116.0,0.181,0.0,0.75,87.585,64.655,4.169,0.521
163189,Malick Thiaw,Newcastle,D,1758,3.0,0,10.0,6.0,1046,938.0,25.0,19.0,13.0,3.0,3,0,101.0,153.0,0.154,0.0,0.6,89.675,66.013,2.253,0.32
171035,Tawanda Chirewa,Wolves,F,31,0.0,0,0.0,0.0,3,3.0,3.0,0.0,3.0,1.0,0,0,4.0,8.0,0.0,0.0,,100.0,50.0,8.71,2.177
174565,Hugo Ekitiké,Liverpool,F,1342,10.0,2,39.0,17.0,301,228.0,8.0,1.0,26.0,7.0,0,0,65.0,176.0,0.671,0.134,0.436,75.748,36.932,0.604,0.436
177665,Anton Stach,Leeds,F,166,0.0,1,1.0,1.0,48,38.0,9.0,1.0,2.0,0.0,1,0,16.0,24.0,0.0,0.542,1.0,79.167,66.667,5.422,0.813
177665,Anton Stach,Leeds,M,1533,3.0,2,22.0,9.0,665,531.0,36.0,12.0,25.0,16.0,2,0,90.0,171.0,0.176,0.117,0.409,79.85,52.632,2.818,0.484
178077,Kevin Schade,Brentford,F,500,1.0,0,7.0,6.0,82,53.0,9.0,4.0,10.0,8.0,1,0,27.0,71.0,0.18,0.0,0.857,64.634,38.028,2.34,0.63
178077,Kevin Schade,Brentford,M,1365,5.0,3,26.0,14.0,273,189.0,20.0,13.0,24.0,24.0,5,1,112.0,229.0,0.33,0.198,0.538,69.231,48.908,2.176,0.857
179400,Maxime Estève,Burnley,D,1791,0.0,0,7.0,1.0,803,712.0,23.0,27.0,6.0,11.0,0,0,84.0,126.0,0.0,0.0,0.143,88.667,66.667,2.513,0.075
180317,Conor Bradley,Liverpool,D,932,0.0,1,2.0,0.0,492,413.0,19.0,13.0,18.0,20.0,5,0,61.0,136.0,0.0,0.097,0.0,83.943,44.853,3.09,0.917
180560,Hannibal Mejbri,Burnley,F,58,0.0,0,0.0,0.0,18,12.0,0.0,0.0,1.0,1.0,1,0,1.0,5.0,0.0,0.0,,66.667,20.0,0.0,1.94
180560,Hannibal Mejbri,Burnley,M,426,0.0,0,3.0,1.0,143,110.0,10.0,3.0,8.0,20.0,3,0,39.0,78.0,0.0,0.0,0.333,76.923,50.0,2.746,1.056
181797,Bashir Humphreys,Burnley,D,617,0.0,0,1.0,0.0,348,290.0,14.0,4.0,6.0,1.0,2,0,29.0,60.0,0.0,0.0,0.0,83.333,48.333,2.626,0.511
181806,Nicolò Savona,Nottingham Forest,D,936,2.0,0,4.0,3.0,363,285.0,20.0,4.0,10.0,5.0,2,0,33.0,65.0,0.192,0.0,0.75,78.512,50.769,2.308,0.433
181806,Nicolò Savona,Nottingham Forest,M,90,0.0,0,0.0,0.0,36,29.0,0.0,0.0,2.0,0.0,0,0,1.0,5.0,0.0,0.0,,80.556,20.0,0.0,0.5
182201,Tyrick Mitchell,Crystal Palace,M,2129,1.0,0,7.0,4.0,717,518.0,69.0,23.0,17.0,15.0,5,0,108.0,201.0,0.042,0.0,0.571,72.245,53.731,3.889,0.391
184226,Yéremy Pino,Crystal Palace,F,1496,2.0,1,16.0,8.0,562,407.0,29.0,5.0,21.0,19.0,4,0,77.0,193.0,0.12,0.06,0.5,72.42,39.896,2.045,0.556
184226,Yéremy Pino,Crystal Palace,M,68,0.0,0,2.0,1.0,40,32.0,0.0,2.0,3.0,1.0,0,0,6.0,14.0,0.0,0.0,0.5,80.0,42.857,2.647,0.993
194536,Robin Roefs,Sunderland,G,2160,0.0,0,0.0,0.0,924,589.0,0.0,0.0,0.0,9.0,2,0,23.0,25.0,0.0,0.0,,63.745,92.0,0.0,0.083
195103,João Gomes,Wolves,M,1847,0.0,0,10.0,5.0,984,844.0,65.0,28.0,50.0,30.0,8,0,142.0,292.0,0.0,0.0,0.5,85.772,48.63,4.532,0.999
195106,Rodrigo Muniz,Fulham,F,353,1.0,1,8.0,3.0,38,12.0,3.0,0.0,9.0,6.0,1,0,31.0,72.0,0.255,0.255,0.375,31.579,43.056,0.765,0.829
195717,Yerson Mosquera,Wolves,D,1140,0.0,0,10.0,5.0,412,336.0,33.0,13.0,19.0,26.0,9,0,89.0,157.0,0.0,0.0,0.5,81.553,56.688,3.632,1.086
195993,Carlos Alcaraz,Everton,M,697,0.0,1,11.0,5.0,284,230.0,13.0,3.0,8.0,11.0,3,0,42.0,93.0,0.0,0.129,0.455,80.986,45.161,2.066,0.646
196156,Igor Thiago,Brentford,F,2024,16.0,1,46.0,31.0,377,269.0,20.0,6.0,41.0,16.0,4,0,111.0,299.0,0.711,0.044,0.674,71.353,37.124,1.156,0.634
196855,Jaidon Anthony,Burnley,F,421,1.0,0,4.0,2.0,158,129.0,6.0,2.0,3.0,10.0,1,0,23.0,52.0,0.214,0.0,0.5,81.646,44.231,1.71,0.374
196855,Jaidon Anthony,Burnley,M,1110,4.0,1,13.0,9.0,308,227.0,20.0,8.0,13.0,22.0,3,0,60.0,134.0,0.324,0.081,0.692,73.701,44.776,2.27,0.507
202854,Merlin Röhl,Everton,M,361,0.0,0,5.0,0.0,106,78.0,15.0,2.0,9.0,2.0,0,0,32.0,75.0,0.0,0.0,0.0,73.585,42.667,4.238,0.561
203224,Florian Wirtz,Liverpool,F,90,0.0,0,0.0,0.0,47,44.0,1.0,0.0,1.0,1.0,0,0,4.0,6.0,0.0,0.0,,93.617,66.667,1.0,0.25
203224,Florian Wirtz,Liverpool,M,1591,4.0,2,21.0,13.0,979,818.0,24.0,7.0,14.0,13.0,1,0,72.0,177.0,0.226,0.113,0.619,83.555,40.678,1.754,0.255
204039,Destiny Udogie,Tottenham,D,562,0.0,1,1.0,0.0,300,257.0,9.0,3.0,6.0,9.0,1,0,26.0,60.0,0.0,0.16,0.0,85.667,43.333,1.922,0.4
204039,Destiny Udogie,Tottenham,M,180,0.0,0,1.0,1.0,75,63.0,7.0,0.0,3.0,1.0,0,0,8.0,15.0,0.0,0.0,1.0,84.0,53.333,3.5,0.375
206254,Miloš Kerkez,Liverpool,D,1641,1.0,1,6.0,1.0,803,700.0,34.0,11.0,15.0,18.0,3,0,91.0,149.0,0.055,0.055,0.167,87.173,61.074,2.468,0.37
237129,Pape Matar Sarr,Tottenham,M,758,2.0,2,5.0,4.0,345,290.0,16.0,7.0,18.0,5.0,0,0,43.0,107.0,0.237,0.237,0.8,84.058,40.187,2.731,0.534
237819,Kevin,Fulham,F,301,1.0,1,7.0,5.0,119,89.0,11.0,4.0,6.0,7.0,1,0,35.0,80.0,0.299,0.299,0.714,74.79,43.75,4.485,0.748
237819,Kevin,Fulham,M,514,0.0,0,8.0,4.0,147,118.0,6.0,5.0,5.0,6.0,0,0,37.0,82.0,0.0,0.0,0.5,80.272,45.122,1.926,0.219
263538,Yehor Yarmolyuk,Brentford,M,1783,1.0,2,11.0,4.0,856,716.0,47.0,18.0,29.0,7.0,5,0,79.0,185.0,0.05,0.101,0.364,83.645,42.703,3.281,0.618
265782,David Möller Wolfe,Wolves,D,164,0.0,1,0.0,0.0,50,35.0,1.0,1.0,1.0,0.0,0,0,4.0,8.0,0.0,0.549,,70.0,50.0,1.098,0.137
265782,David Möller Wolfe,Wolves,M,554,0.0,1,1.0,0.0,143,107.0,4.0,4.0,5.0,3.0,1,0,20.0,35.0,0.0,0.162,0.0,74.825,57.143,1.3,0.366
265784,André,Wolves,M,1687,0.0,0,2.0,0.0,840,759.0,51.0,17.0,27.0,29.0,8,0,94.0,180.0,0.0,0.0,0.0,90.357,52.222,3.628,0.787
265820,Yasin Ayari,Brighton,M,1701,3.0,2,30.0,10.0,853,739.0,42.0,23.0,18.0,24.0,0,0,86.0,184.0,0.159,0.106,0.333,86.635,46.739,3.439,0.238
266657,Savinho,Manchester City,F,180,0.0,0,4.0,3.0,99,82.0,2.0,3.0,4.0,4.0,0,0,9.0,28.0,0.0,0.0,0.75,82.828,32.143,2.5,0.5
266657,Savinho,Manchester City,M,372,0.0,1,6.0,4.0,157,133.0,3.0,2.0,3.0,6.0,1,0,14.0,31.0,0.0,0.242,0.667,84.713,45.161,1.21,0.423
270139,Jake O'Brien,Everton,D,2037,0.0,1,5.0,3.0,760,561.0,34.0,9.0,12.0,8.0,1,0,122.0,193.0,0.0,0.044,0.6,73.816,63.212,1.9,0.177
270508,Lesley Ugochukwu,Burnley,M,1557,3.0,0,10.0,6.0,547,448.0,38.0,14.0,20.0,23.0,3,1,85.0,176.0,0.173,0.0,0.6,81.901,48.295,3.006,0.578
270510,Mathys Tel,Tottenham,F,336,2.0,0,6.0,3.0,77,55.0,5.0,0.0,6.0,2.0,0,0,17.0,50.0,0.536,0.0,0.5,71.429,34.0,1.339,0.402
270510,Mathys Tel,Tottenham,M,240,1.0,0,7.0,2.0,65,51.0,5.0,0.0,1.0,8.0,0,0,23.0,42.0,0.375,0.0,0.286,78.462,54.762,1.875,0.094
278133,Oscar Bobb,Manchester City,F,180,0.0,1,1.0,0.0,61,55.0,1.0,1.0,2.0,4.0,0,0,11.0,21.0,0.0,0.5,0.0,90.164,52.381,1.0,0.25
278133,Oscar Bobb,Manchester City,M,292,0.0,0,0.0,0.0,146,133.0,7.0,2.0,3.0,5.0,1,0,25.0,46.0,0.0,0.0,,91.096,54.348,2.774,0.539
278370,Diego Gómez,Brighton,F,168,1.0,0,1.0,1.0,54,42.0,7.0,0.0,2.0,1.0,0,0,16.0,21.0,0.536,0.0,1.0,77.778,76.19,3.75,0.268
278370,Diego Gómez,Brighton,M,1260,2.0,0,19.0,10.0,442,354.0,45.0,10.0,24.0,8.0,5,0,82.0,179.0,0.143,0.0,0.526,80.09,45.81,3.929,0.786
278898,Chadi Riad,Crystal Palace,D,75,0.0,1,1.0,1.0,83,75.0,0.0,1.0,0.0,0.0,1,0,2.0,5.0,0.0,1.2,1.0,90.361,40.0,1.2,1.2
280687,Hugo Bueno,Wolves,D,670,0.0,0,3.0,1.0,234,200.0,17.0,13.0,6.0,3.0,1,0,36.0,76.0,0.0,0.0,0.333,85.47,47.368,4.03,0.336
280687,Hugo Bueno,Wolves,M,766,0.0,1,5.0,3.0,289,231.0,21.0,10.0,5.0,8.0,0,0,42.0,89.0,0.0,0.117,0.6,79.931,47.191,3.642,0.147
282125,Roméo Lavia,Chelsea,M,105,0.0,0,0.0,0.0,66,63.0,2.0,3.0,3.0,3.0,0,0,7.0,11.0,0.0,0.0,,95.455,63.636,4.286,0.643
282770,Rodrigo Gomes,Wolves,D,100,1.0,0,2.0,1.0,27,20.0,2.0,0.0,2.0,3.0,0,0,6.0,14.0,0.9,0.0,0.5,74.074,42.857,1.8,0.45
282770,Rodrigo Gomes,Wolves,F,166,0.0,0,4.0,1.0,61,52.0,1.0,1.0,1.0,1.0,0,0,4.0,14.0,0.0,0.0,0.25,85.246,28.571,1.084,0.136
282770,Rodrigo Gomes,Wolves,M,193,0.0,0,4.0,1.0,47,39.0,6.0,2.0,0.0,2.0,0,0,11.0,18.0,0.0,0.0,0.25,82.979,61.111,3.731,0.0
284230,Rico Lewis,Manchester City,D,332,0.0,1,2.0,0.0,233,203.0,6.0,7.0,4.0,7.0,1,0,16.0,31.0,0.0,0.271,0.0,87.124,51.613,3.524,0.542
284322,Kobbie Mainoo,Manchester United,M,514,0.0,1,3.0,1.0,287,252.0,13.0,3.0,5.0,6.0,0,0,31.0,67.0,0.0,0.175,0.333,87.805,46.269,2.802,0.219
284324,Alejandro Garnacho,Chelsea,F,85,0.0,0,0.0,0.0,24,21.0,0.0,0.0,0.0,2.0,0,0,4.0,6.0,0.0,0.0,,87.5,66.667,0.0,0.0
284324,Alejandro Garnacho,Chelsea,M,782,1.0,3,19.0,5.0,271,234.0,8.0,3.0,8.0,14.0,1,0,33.0,73.0,0.115,0.345,0.263,86.347,45.205,1.266,0.345
284414,Romaine Mundle,Sunderland,F,192,0.0,0,4.0,2.0,38,33.0,2.0,1.0,3.0,4.0,1,0,14.0,30.0,0.0,0.0,0.5,86.842,46.667,1.406,0.82
284414,Romaine Mundle,Sunderland,M,133,0.0,0,0.0,0.0,35,29.0,2.0,0.0,3.0,2.0,0,0,7.0,21.0,0.0,0.0,,82.857,33.333,1.353,0.508
284428,Omari Hutchinson,Nottingham Forest,F,242,0.0,1,6.0,3.0,84,69.0,4.0,1.0,3.0,4.0,0,0,17.0,37.0,0.0,0.372,0.5,82.143,45.946,1.86,0.279
284428,Omari Hutchinson,Nottingham Forest,M,675,1.0,1,6.0,4.0,225,186.0,10.0,5.0,11.0,5.0,0,0,31.0,89.0,0.133,0.133,0.667,82.667,34.831,2.0,0.367
284446,Freddie Potts,West Ham,M,987,0.0,1,1.0,1.0,463,382.0,25.0,10.0,12.0,13.0,1,0,57.0,92.0,0.0,0.091,1.0,82.505,61.957,3.191,0.365
284457,Lamare Bogarde,Aston Villa,D,137,0.0,0,0.0,0.0,102,89.0,4.0,0.0,4.0,1.0,2,0,7.0,17.0,0.0,0.0,,87.255,41.176,2.628,1.971
284457,Lamare Bogarde,Aston Villa,M,477,0.0,0,0.0,0.0,210,193.0,9.0,1.0,9.0,15.0,3,0,29.0,55.0,0.0,0.0,,91.905,52.727,1.887,0.991
284492,Lewis Hall,Newcastle,D,1121,0.0,1,6.0,2.0,667,580.0,30.0,20.0,7.0,17.0,1,0,90.0,146.0,0.0,0.08,0.333,86.957,61.644,4.014,0.221
284492,Lewis Hall,Newcastle,M,90,0.0,0,0.0,0.0,35,27.0,4.0,0.0,0.0,4.0,0,0,11.0,18.0,0.0,0.0,,77.143,61.111,4.0,0.0
284500,Tim Iroegbunam,Everton,M,949,0.0,2,5.0,0.0,317,259.0,44.0,16.0,17.0,16.0,8,0,77.0,146.0,0.0,0.19,0.0,81.703,52.74,5.69,1.162
284797,Dango Ouattara,Brentford,F,220,0.0,0,3.0,1.0,55,31.0,3.0,5.0,3.0,2.0,1,0,13.0,39.0,0.0,0.0,0.333,56.364,33.333,3.273,0.716
284797,Dango Ouattara,Brentford,M,971,4.0,0,17.0,8.0,201,122.0,10.0,9.0,15.0,21.0,2,0,72.0,158.0,0.371,0.0,0.471,60.697,45.57,1.761,0.533
286458,Justin Devenny,Crystal Palace,F,233,0.0,0,3.0,2.0,70,51.0,5.0,0.0,2.0,4.0,0,0,9.0,32.0,0.0,0.0,0.667,72.857,28.125,1.931,0.193
286458,Justin Devenny,Crystal Palace,M,404,1.0,0,6.0,2.0,124,88.0,11.0,0.0,8.0,2.0,0,0,21.0,57.0,0.223,0.0,0.333,70.968,36.842,2.45,0.446
286616,Filip Jørgensen,Chelsea,G,174,0.0,0,0.0,0.0,87,70.0,0.0,1.0,0.0,0.0,0,0,1.0,1.0,0.0,0.0,,80.46,100.0,0.517,0.0
286894,Jamie Gittens,Chelsea,F,207,0.0,0,3.0,1.0,72,56.0,6.0,2.0,2.0,2.0,0,0,13.0,29.0,0.0,0.0,0.333,77.778,44.828,3.478,0.217
286894,Jamie Gittens,Chelsea,M,287,0.0,2,1.0,1.0,75,61.0,2.0,0.0,4.0,6.0,0,0,18.0,29.0,0.0,0.627,1.0,81.333,62.069,0.627,0.314
288102,Adam Wharton,Crystal Palace,M,1732,0.0,2,9.0,3.0,820,652.0,51.0,19.0,21.0,22.0,5,1,100.0,191.0,0.0,0.104,0.333,79.512,52.356,3.637,0.637
290545,Jenson Seelt,Sunderland,D,134,0.0,0,0.0,0.0,109,96.0,4.0,0.0,1.0,1.0,0,0,10.0,14.0,0.0,0.0,,88.073,71.429,2.687,0.168
291363,George Earthy,West Ham,M,8,0.0,0,0.0,0.0,3,3.0,0.0,0.0,0.0,0.0,0,0,0.0,0.0,0.0,0.0,,100.0,,0.0,0.0
293168,Max Alleyne,Manchester City,D,135,0.0,0,2.0,1.0,121,113.0,3.0,3.0,0.0,0.0,0,0,9.0,11.0,0.0,0.0,0.5,93.388,81.818,4.0,0.0
296560,Jackson Tchatchoua,Wolves,D,517,0.0,0,1.0,0.0,166,126.0,9.0,6.0,1.0,0.0,0,0,18.0,36.0,0.0,0.0,0.0,75.904,50.0,2.611,0.044
296560,Jackson Tchatchoua,Wolves,M,729,0.0,0,0.0,0.0,203,157.0,12.0,4.0,3.0,3.0,2,0,26.0,53.0,0.0,0.0,,77.34,49.057,1.975,0.34
301187,Pablo Felipe,West Ham,F,242,0.0,0,3.0,0.0,66,46.0,7.0,2.0,9.0,3.0,0,0,19.0,55.0,0.0,0.0,0.0,69.697,34.545,3.347,0.837
301295,Kaden Rodney,Crystal Palace,M,9,0.0,0,0.0,0.0,5,3.0,0.0,0.0,1.0,0.0,0,0,0.0,2.0,0.0,0.0,,60.0,0.0,0.0,2.5
301771,Simon Adingra,Sunderland,F,289,0.0,0,1.0,0.0,68,53.0,3.0,0.0,5.0,2.0,1,0,11.0,31.0,0.0,0.0,0.0,77.941,35.484,0.934,0.701
301771,Simon Adingra,Sunderland,M,375,1.0,0,3.0,2.0,92,69.0,8.0,2.0,12.0,1.0,1,0,19.0,67.0,0.24,0.0,0.667,75.0,28.358,2.4,0.96
304317,Tyler Dibling,Everton,M,370,0.0,0,1.0,0.0,101,88.0,7.0,6.0,11.0,10.0,2,0,31.0,76.0,0.0,0.0,0.0,87.129,40.789,3.162,1.155
304853,Alex Scott,Bournemouth,M,1689,2.0,1,16.0,6.0,739,616.0,33.0,22.0,26.0,39.0,2,0,111.0,196.0,0.107,0.053,0.375,83.356,56.633,2.931,0.453
305730,Jack Hinshelwood,Brighton,D,90,0.0,0,0.0,0.0,27,23.0,3.0,3.0,3.0,1.0,0,0,4.0,10.0,0.0,0.0,,85.185,40.0,6.0,0.75
305730,Jack Hinshelwood,Brighton,M,571,1.0,1,5.0,3.0,289,249.0,6.0,0.0,11.0,1.0,0,0,13.0,37.0,0.158,0.158,0.6,86.159,35.135,0.946,0.433
305834,Andrey Santos,Chelsea,M,655,0.0,0,7.0,1.0,365,318.0,20.0,15.0,10.0,10.0,4,0,42.0,71.0,0.0,0.0,0.143,87.123,59.155,4.809,0.893
307123,Nico O'Reilly,Manchester City,D,1481,1.0,3,13.0,4.0,749,644.0,45.0,15.0,23.0,8.0,2,0,96.0,190.0,0.061,0.182,0.308,85.981,50.526,3.646,0.471
307123,Nico O'Reilly,Manchester City,M,223,0.0,0,1.0,0.0,133,123.0,8.0,0.0,3.0,1.0,2,0,13.0,30.0,0.0,0.0,0.0,92.481,43.333,3.229,1.11
311334,Facundo Buonanotte,Chelsea,M,45,0.0,0,0.0,0.0,22,20.0,1.0,0.0,0.0,0.0,0,0,1.0,2.0,0.0,0.0,,90.909,50.0,2.0,0.0
311334,Facundo Buonanotte,Leeds,M,29,0.0,0,0.0,0.0,8,4.0,0.0,1.0,1.0,0.0,1,0,1.0,5.0,0.0,0.0,,50.0,20.0,3.103,3.879
313236,Ethan Nwaneri,Arsenal,M,175,0.0,0,4.0,0.0,87,79.0,1.0,0.0,2.0,0.0,0,0,5.0,19.0,0.0,0.0,0.0,90.805,26.316,0.514,0.257
313245,Myles Lewis-Skelly,Arsenal,D,334,0.0,0,1.0,0.0,166,147.0,4.0,2.0,6.0,6.0,3,0,16.0,36.0,0.0,0.0,0.0,88.554,44.444,1.617,1.213
315237,William Osula,Newcastle,F,246,1.0,0,4.0,3.0,24,19.0,1.0,0.0,13.0,1.0,0,0,10.0,36.0,0.366,0.0,0.75,79.167,27.778,0.366,1.189
319517,Antoni Milambo,Brentford,M,45,0.0,0,0.0,0.0,11,8.0,3.0,0.0,0.0,0.0,0,0,5.0,6.0,0.0,0.0,,72.727,83.333,6.0,0.0
326176,Soungoutou Magassa,West Ham,M,738,1.0,0,4.0,2.0,305,246.0,33.0,13.0,14.0,16.0,2,0,59.0,101.0,0.122,0.0,0.5,80.656,58.416,5.61,0.671
327631,Habib Diarra,Sunderland,M,497,1.0,0,8.0,2.0,178,149.0,4.0,3.0,7.0,3.0,2,0,13.0,35.0,0.181,0.0,0.25,83.708,37.143,1.268,0.679
327730,Oliver Scarles,West Ham,D,611,0.0,0,3.0,0.0,258,207.0,29.0,10.0,6.0,7.0,1,0,44.0,70.0,0.0,0.0,0.0,80.233,62.857,5.745,0.368
327730,Oliver Scarles,West Ham,M,25,0.0,0,0.0,0.0,3,3.0,0.0,0.0,0.0,0.0,0,0,0.0,1.0,0.0,0.0,,100.0,0.0,0.0,0.0
328089,Archie Gray,Tottenham,M,773,1.0,0,5.0,3.0,280,239.0,8.0,10.0,10.0,0.0,4,0,15.0,45.0,0.116,0.0,0.6,85.357,33.333,2.096,0.757
328101,Tyler Fredricson,Manchester United,D,10,0.0,0,0.0,0.0,1,0.0,0.0,0.0,0.0,0.0,0,0,0.0,0.0,0.0,0.0,,0.0,,0.0,0.0
328105,Lewis Miley,Newcastle,D,450,0.0,1,4.0,0.0,296,279.0,12.0,9.0,2.0,2.0,0,0,30.0,44.0,0.0,0.2,0.0,94.257,68.182,4.2,0.1
328105,Lewis Miley,Newcastle,M,682,1.0,2,4.0,4.0,369,323.0,12.0,7.0,2.0,2.0,0,0,39.0,59.0,0.132,0.264,1.0,87.534,66.102,2.507,0.066
328225,Brajan Gruda,Brighton,F,45,0.0,0,0.0,0.0,12,9.0,1.0,0.0,2.0,1.0,0,0,3.0,8.0,0.0,0.0,,75.0,37.5,2.0,1.0
328225,Brajan Gruda,Brighton,M,695,1.0,1,12.0,6.0,235,184.0,13.0,2.0,9.0,13.0,2,0,53.0,117.0,0.129,0.129,0.5,78.298,45.299,1.942,0.55
329357,Zach Abbott,Nottingham Forest,D,45,0.0,0,0.0,0.0,19,13.0,1.0,0.0,0.0,1.0,0,0,5.0,6.0,0.0,0.0,,68.421,83.333,2.0,0.0
329369,Tom Watson,Brighton,F,73,0.0,0,1.0,1.0,19,14.0,1.0,0.0,3.0,0.0,1,0,1.0,6.0,0.0,0.0,1.0,73.684,16.667,1.233,2.158
330238,Lucas Pires,Burnley,D,232,0.0,0,2.0,1.0,85,71.0,6.0,1.0,2.0,1.0,0,1,9.0,17.0,0.0,0.0,0.5,83.529,52.941,2.716,0.97
330238,Lucas Pires,Burnley,M,540,0.0,0,5.0,0.0,206,169.0,12.0,11.0,7.0,2.0,0,0,23.0,55.0,0.0,0.0,0.0,82.039,41.818,3.833,0.292
330437,Álex Jiménez,Bournemouth,D,999,0.0,0,4.0,1.0,380,311.0,29.0,11.0,14.0,6.0,5,0,54.0,106.0,0.0,0.0,0.25,81.842,50.943,3.604,0.766
330437,Álex Jiménez,Bournemouth,M,425,1.0,0,4.0,3.0,84,61.0,7.0,5.0,5.0,3.0,1,0,26.0,58.0,0.212,0.0,0.75,72.619,44.828,2.541,0.476
333682,Cristhian Mosquera,Arsenal,D,438,0.0,0,0.0,0.0,319,291.0,11.0,6.0,1.0,2.0,1,0,20.0,36.0,0.0,0.0,,91.223,55.556,3.493,0.257
334037,Tyrique George,Chelsea,F,151,0.0,0,3.0,2.0,23,20.0,2.0,0.0,6.0,1.0,2,0,5.0,17.0,0.0,0.0,0.667,86.957,29.412,1.192,2.086
336564,Wilson Odobert,Tottenham,F,598,0.0,2,13.0,6.0,217,184.0,8.0,1.0,2.0,8.0,0,0,38.0,73.0,0.0,0.301,0.462,84.793,52.055,1.355,0.075
336564,Wilson Odobert,Tottenham,M,325,0.0,0,5.0,2.0,91,78.0,1.0,0.0,0.0,2.0,0,0,10.0,28.0,0.0,0.0,0.4,85.714,35.714,0.277,0.0
336578,Jaydon Banel,Burnley,F,9,0.0,0,0.0,0.0,4,4.0,0.0,0.0,1.0,1.0,0,0,1.0,4.0,0.0,0.0,,100.0,25.0,0.0,2.5
336585,Mateus Fernandes,West Ham,M,1770,3.0,2,10.0,4.0,850,751.0,60.0,23.0,25.0,28.0,3,0,117.0,207.0,0.153,0.102,0.4,88.353,56.522,4.22,0.47
336659,Chemsdine Talbi,Sunderland,F,610,1.0,1,6.0,2.0,162,139.0,4.0,1.0,2.0,0.0,0,0,7.0,28.0,0.148,0.148,0.333,85.802,25.0,0.738,0.074
336659,Chemsdine Talbi,Sunderland,M,400,2.0,0,6.0,3.0,101,80.0,3.0,1.0,0.0,1.0,0,0,15.0,27.0,0.45,0.0,0.5,79.208,55.556,0.9,0.0
339201,Chris Rigg,Sunderland,M,379,0.0,0,3.0,0.0,97,70.0,6.0,2.0,5.0,6.0,0,0,15.0,33.0,0.0,0.0,0.0,72.165,45.455,1.9,0.297
341642,Jorrel Hato,Chelsea,D,324,0.0,0,2.0,0.0,193,168.0,10.0,6.0,3.0,1.0,2,0,20.0,37.0,0.0,0.0,0.0,87.047,54.054,4.444,0.764
342022,Michael Kayode,Brentford,D,2094,0.0,0,3.0,1.0,747,643.0,47.0,28.0,16.0,29.0,6,0,139.0,226.0,0.0,0.0,0.333,86.078,61.504,3.223,0.43
342063,Diego Coppola,Brighton,D,200,0.0,0,0.0,0.0,114,101.0,2.0,1.0,4.0,0.0,2,0,13.0,27.0,0.0,0.0,,88.596,48.148,1.35,1.35
342970,Leny Yoro,Manchester United,D,1151,0.0,0,4.0,1.0,652,578.0,23.0,16.0,11.0,2.0,0,0,56.0,99.0,0.0,0.0,0.25,88.65,56.566,3.05,0.215
343311,Stefanos Tzimas,Brighton,F,164,1.0,1,3.0,1.0,24,17.0,3.0,0.0,4.0,1.0,0,0,5.0,23.0,0.549,0.549,0.333,70.833,21.739,1.646,0.549
343576,Ben Gannon-Doak,Bournemouth,F,53,0.0,1,0.0,0.0,23,18.0,2.0,1.0,1.0,1.0,0,0,4.0,10.0,0.0,1.698,,78.261,40.0,5.094,0.425
343684,Thierno Barry,Everton,F,1379,5.0,0,20.0,9.0,238,141.0,2.0,3.0,28.0,5.0,2,0,102.0,268.0,0.326,0.0,0.45,59.244,38.06,0.326,0.587
344707,Callum Marshall,West Ham,F,58,0.0,0,1.0,0.0,4,2.0,0.0,2.0,0.0,0.0,0,0,2.0,8.0,0.0,0.0,0.0,50.0,25.0,3.103,0.0
347316,Lucas Bergvall,Tottenham,M,822,1.0,2,9.0,5.0,259,215.0,20.0,2.0,18.0,5.0,2,0,43.0,89.0,0.109,0.219,0.556,83.012,48.315,2.409,0.712
349799,Eliezer Mayenda,Sunderland,F,500,1.0,0,5.0,4.0,51,36.0,3.0,0.0,6.0,7.0,0,0,24.0,70.0,0.18,0.0,0.8,70.588,34.286,0.54,0.27
349799,Eliezer Mayenda,Sunderland,M,90,0.0,0,2.0,1.0,15,8.0,0.0,1.0,0.0,2.0,0,0,8.0,13.0,0.0,0.0,0.5,53.333,61.538,1.0,0.0
356041,Carlos Baleba,Brighton,M,1106,0.0,0,7.0,0.0,486,419.0,25.0,21.0,23.0,14.0,4,0,61.0,128.0,0.0,0.0,0.0,86.214,47.656,3.743,0.793
360114,Abdukodir Khusanov,Manchester City,D,650,0.0,0,0.0,0.0,468,430.0,17.0,16.0,7.0,5.0,2,0,27.0,46.0,0.0,0.0,,91.88,58.696,4.569,0.519
360268,Jamaldeen Jimoh,Aston Villa,M,8,0.0,0,0.0,0.0,7,6.0,0.0,0.0,0.0,1.0,0,0,1.0,2.0,0.0,0.0,,85.714,50.0,0.0,0.0
361485,Alex Tóth,Bournemouth,M,21,0.0,0,1.0,0.0,5,4.0,1.0,1.0,0.0,1.0,0,0,2.0,3.0,0.0,0.0,0.0,80.0,66.667,8.571,0.0
362711,Jair,Nottingham Forest,D,90,0.0,0,0.0,0.0,47,37.0,2.0,2.0,0.0,0.0,0,0,4.0,4.0,0.0,0.0,,78.723,100.0,4.0,0.0
363333,Julio Soler,Bournemouth,D,33,0.0,0,0.0,0.0,23,20.0,1.0,0.0,1.0,2.0,0,0,3.0,5.0,0.0,0.0,,86.957,60.0,2.727,0.682
363695,Murillo,Nottingham Forest,D,1551,1.0,0,5.0,4.0,806,673.0,27.0,27.0,15.0,7.0,3,0,62.0,107.0,0.058,0.0,0.8,83.499,57.944,3.133,0.392
364566,George Hemmings,Aston Villa,M,25,0.0,0,0.0,0.0,17,17.0,0.0,0.0,1.0,0.0,0,0,0.0,1.0,0.0,0.0,,100.0,0.0,0.0,0.9
365331,Noah Sadiki,Sunderland,M,1684,0.0,0,4.0,1.0,666,566.0,28.0,23.0,18.0,22.0,5,0,70.0,125.0,0.0,0.0,0.25,84.985,56.0,2.726,0.508
366735,Josh Acheampong,Chelsea,D,485,1.0,0,2.0,2.0,345,314.0,7.0,8.0,1.0,5.0,0,0,32.0,51.0,0.186,0.0,1.0,91.014,62.745,2.784,0.046
368030,Eli Junior Kroupi,Bournemouth,F,430,6.0,0,11.0,8.0,102,67.0,2.0,3.0,5.0,2.0,2,0,10.0,28.0,1.256,0.0,0.727,65.686,35.714,1.047,0.68
368030,Eli Junior Kroupi,Bournemouth,M,357,2.0,0,6.0,4.0,105,75.0,4.0,2.0,4.0,5.0,1,0,12.0,38.0,0.504,0.0,0.667,71.429,31.579,1.513,0.504
375915,Quilindschy Hartman,Burnley,D,1339,0.0,4,5.0,2.0,514,390.0,31.0,20.0,8.0,2.0,1,0,45.0,86.0,0.0,0.269,0.4,75.875,52.326,3.428,0.202
380681,Divine Mukasa,Manchester City,M,25,0.0,0,0.0,0.0,19,18.0,0.0,0.0,1.0,0.0,0,0,0.0,6.0,0.0,0.0,,94.737,0.0,0.0,0.9
382452,Patrick Dorgu,Manchester United,D,144,0.0,0,2.0,1.0,55,41.0,7.0,2.0,3.0,2.0,1,0,16.0,33.0,0.0,0.0,0.5,74.545,48.485,5.625,1.094
382452,Patrick Dorgu,Manchester United,F,90,0.0,0,1.0,0.0,28,23.0,4.0,0.0,3.0,2.0,1,0,9.0,20.0,0.0,0.0,0.0,82.143,45.0,4.0,1.75
382452,Patrick Dorgu,Manchester United,M,1114,3.0,3,13.0,7.0,382,290.0,36.0,12.0,13.0,37.0,3,0,113.0,198.0,0.242,0.242,0.538,75.916,57.071,3.878,0.505
383685,Yankuba Minteh,Brighton,F,108,0.0,0,3.0,2.0,46,25.0,5.0,0.0,0.0,0.0,0,0,11.0,23.0,0.0,0.0,0.667,54.348,47.826,4.167,0.0
383685,Yankuba Minteh,Brighton,M,1504,1.0,4,18.0,6.0,366,245.0,29.0,10.0,17.0,16.0,0,0,101.0,208.0,0.06,0.239,0.333,66.94,48.558,2.334,0.254
383770,Jack Fletcher,Manchester United,M,107,0.0,0,1.0,0.0,45,37.0,5.0,1.0,2.0,1.0,0,0,7.0,18.0,0.0,0.0,0.0,82.222,38.889,5.047,0.421
388013,Andrés García,Aston Villa,D,37,0.0,0,0.0,0.0,17,17.0,0.0,0.0,0.0,0.0,0,0,0.0,2.0,0.0,0.0,,100.0,0.0,0.0,0.0
389315,Joshua King,Fulham,F,67,0.0,0,1.0,0.0,17,14.0,0.0,0.0,0.0,1.0,0,0,3.0,6.0,0.0,0.0,0.0,82.353,50.0,0.0,0.0
389315,Joshua King,Fulham,M,828,0.0,1,10.0,6.0,207,166.0,19.0,2.0,7.0,19.0,3,0,49.0,93.0,0.0,0.109,0.6,80.193,52.688,2.283,0.516
391822,Fer López,Wolves,F,171,0.0,1,2.0,1.0,86,66.0,1.0,0.0,5.0,2.0,1,0,7.0,24.0,0.0,0.526,0.5,76.744,29.167,0.526,1.184
391822,Fer López,Wolves,M,65,0.0,0,0.0,0.0,17,9.0,0.0,0.0,1.0,2.0,0,0,3.0,8.0,0.0,0.0,,52.941,37.5,0.0,0.346
392270,Marc Guiu,Chelsea,F,235,0.0,1,10.0,2.0,25,17.0,0.0,0.0,9.0,2.0,1,0,7.0,27.0,0.0,0.383,0.2,68.0,25.926,0.0,1.245
392270,Marc Guiu,Sunderland,F,23,0.0,0,1.0,0.0,5,3.0,0.0,0.0,0.0,0.0,0,0,1.0,5.0,0.0,0.0,0.0,60.0,20.0,0.0,0.0
392482,Charalampos Kostoulas,Brighton,F,228,2.0,1,11.0,5.0,66,47.0,9.0,1.0,5.0,7.0,2,0,39.0,79.0,0.789,0.395,0.455,71.212,49.367,3.947,1.283
401278,Mohamadou Kanté,West Ham,M,28,0.0,0,1.0,0.0,7,4.0,1.0,0.0,0.0,0.0,0,0,2.0,6.0,0.0,0.0,0.0,57.143,33.333,3.214,0.0
402329,Ayden Heaven,Manchester United,D,644,0.0,1,2.0,0.0,359,325.0,16.0,1.0,4.0,5.0,1,0,41.0,61.0,0.0,0.14,0.0,90.529,67.213,2.376,0.28
402432,Ben Winterburn,Bournemouth,M,13,0.0,0,0.0,0.0,1,0.0,0.0,0.0,0.0,0.0,0,0,0.0,1.0,0.0,0.0,,0.0,0.0,0.0,0.0
402640,Romain Esse,Crystal Palace,M,55,0.0,0,0.0,0.0,20,13.0,2.0,0.0,2.0,2.0,0,0,6.0,15.0,0.0,0.0,,65.0,40.0,3.273,0.818
403554,Christantus Uche,Crystal Palace,M,170,0.0,0,4.0,2.0,52,29.0,1.0,0.0,3.0,5.0,0,0,11.0,37.0,0.0,0.0,0.5,55.769,29.73,0.529,0.397
404574,Luis Guilherme,West Ham,F,121,0.0,0,1.0,0.0,30,27.0,1.0,0.0,0.0,0.0,0,0,3.0,14.0,0.0,0.0,0.0,90.0,21.429,0.744,0.0
404769,Bendito Mantato,Manchester United,F,15,0.0,0,0.0,0.0,5,5.0,0.0,0.0,0.0,0.0,0,0,0.0,1.0,0.0,0.0,,100.0,0.0,0.0,0.0
405360,Harrison Armstrong,Everton,M,315,0.0,0,0.0,0.0,100,83.0,7.0,4.0,5.0,9.0,0,0,19.0,42.0,0.0,0.0,,83.0,45.238,3.143,0.357
405530,Ezra Mayers,West Ham,D,15,0.0,0,0.0,0.0,1,0.0,0.0,1.0,0.0,0.0,0,0,0.0,0.0,0.0,0.0,,0.0,,6.0,0.0
407806,Rayan,Bournemouth,F,22,0.0,1,0.0,0.0,10,9.0,0.0,0.0,0.0,0.0,0,0,2.0,6.0,0.0,4.091,,90.0,33.333,0.0,0.0
409303,El Hadji Malick Diouf,West Ham,D,1046,0.0,2,4.0,1.0,359,270.0,21.0,15.0,14.0,11.0,3,0,57.0,113.0,0.0,0.172,0.25,75.209,50.442,3.098,0.559
409303,El Hadji Malick Diouf,West Ham,M,443,0.0,1,5.0,1.0,143,106.0,2.0,1.0,3.0,3.0,0,0,13.0,32.0,0.0,0.203,0.2,74.126,40.625,0.609,0.152
412719,Veljko Milosavljević,Bournemouth,D,373,0.0,0,1.0,0.0,189,160.0,5.0,4.0,0.0,0.0,0,0,17.0,34.0,0.0,0.0,0.0,84.656,50.0,2.172,0.0
412759,Jaydee Canvot,Crystal Palace,D,366,0.0,0,1.0,0.0,171,148.0,16.0,4.0,6.0,1.0,1,0,27.0,44.0,0.0,0.0,0.0,86.55,61.364,4.918,0.615
425733,Estêvão,Chelsea,F,236,1.0,0,3.0,2.0,84,71.0,5.0,2.0,5.0,1.0,2,0,16.0,46.0,0.381,0.0,0.667,84.524,34.783,2.669,1.239
425733,Estêvão,Chelsea,M,449,1.0,2,10.0,5.0,143,113.0,4.0,0.0,5.0,5.0,1,0,25.0,72.0,0.2,0.401,0.5,79.021,34.722,0.802,0.451
436443,Jonah Kusi-Asare,Fulham,F,53,0.0,0,0.0,0.0,9,7.0,0.0,0.0,2.0,1.0,1,0,2.0,8.0,0.0,0.0,,77.778,25.0,0.0,2.547
442044,Max Dowman,Arsenal,M,36,0.0,0,2.0,0.0,4,4.0,2.0,0.0,0.0,2.0,0,0,5.0,13.0,0.0,0.0,0.0,100.0,38.462,5.0,0.0
452685,Rio Ngumoha,Liverpool,F,107,1.0,0,1.0,1.0,49,42.0,1.0,0.0,1.0,2.0,0,0,9.0,17.0,0.841,0.0,1.0,85.714,52.941,0.841,0.21
453101,Bradley Burrowes,Aston Villa,M,16,0.0,0,0.0,0.0,5,3.0,0.0,0.0,0.0,1.0,0,0,1.0,3.0,0.0,0.0,,60.0,33.333,0.0,0.0
456206,Mateus Mané,Wolves,F,280,0.0,1,7.0,3.0,54,39.0,4.0,1.0,5.0,7.0,0,0,21.0,49.0,0.0,0.321,0.429,72.222,42.857,1.607,0.402
456206,Mateus Mané,Wolves,M,446,2.0,0,9.0,7.0,101,85.0,7.0,1.0,8.0,14.0,0,0,25.0,62.0,0.404,0.0,0.778,84.158,40.323,1.614,0.404
467839,Jun'ai Byfield,Tottenham,D,10,0.0,0,0.0,0.0,5,4.0,0.0,0.0,0.0,0.0,0,0,1.0,1.0,0.0,0.0,,80.0,100.0,0.0,0.0
553065,Ezra Mayers,West Ham,D,111,0.0,0,0.0,0.0,75,63.0,0.0,0.0,0.0,0.0,0,0,4.0,6.0,0.0,0.0,,84.0,66.667,0.0,0.0
557413,Joel Drakes-Thomas,Crystal Palace,F,25,0.0,0,0.0,0.0,11,8.0,1.0,0.0,1.0,0.0,0,0,1.0,3.0,0.0,0.0,,72.727,33.333,3.6,0.9
557462,Shea Lacey,Manchester United,F,23,0.0,0,3.0,1.0,3,3.0,1.0,0.0,0.0,0.0,0,0,2.0,3.0,0.0,0.0,0.333,100.0,66.667,3.913,0.0
