fixture,team,home_team,away_team,home_goals,away_goals,final_score,Shots on Goal,Shots off Goal,Total Shots,Blocked Shots,Shots insidebox,Shots outsidebox,Fouls,Corner Kicks,Offsides,Ball Possession,Yellow Cards,Red Cards,Goalkeeper Saves,Total passes,Passes accurate,Passes %,expected_goals,goals_prevented
Rennes vs Marseille,Rennes,Rennes,Marseille,1,0,1-0,5,2,12,5,8,4,8,1,5,0.28,2,1,2,284,220,0.77,1.47,0
Rennes vs Marseille,Marseille,Rennes,Marseille,1,0,1-0,2,13,24,9,15,9,11,12,0,0.72,3,0,4,718,658,0.92,1.71,0
Lens vs Lyon,Lens,Lens,Lyon,0,1,0-1,5,9,18,4,11,7,13,12,5,0.55,2,0,2,444,377,0.85,1.38,1
Lens vs Lyon,Lyon,Lens,Lyon,0,1,0-1,3,7,11,1,8,3,20,8,1,0.45,3,0,4,371,298,0.8,1.41,1
Monaco vs Le Havre,Monaco,Monaco,Le Havre,3,1,3-1,3,5,13,5,7,6,5,5,5,0.74,0,0,3,725,643,0.89,1.76,-1
Monaco vs Le Havre,Le Havre,Monaco,Le Havre,3,1,3-1,4,3,9,2,5,4,14,4,1,0.26,1,0,1,243,175,0.72,0.6,-1
Nice vs Toulouse,Nice,Nice,Toulouse,0,1,0-1,2,5,13,6,4,9,12,9,0,0.57,2,0,1,472,403,0.85,0.79,0
Nice vs Toulouse,Toulouse,Nice,Toulouse,0,1,0-1,2,6,10,2,7,3,13,4,0,0.43,3,0,2,362,306,0.85,0.61,0
Stade Brestois 29 vs Lille,Stade Brestois 29,Stade Brestois 29,Lille,3,3,3-3,5,8,18,5,12,6,11,2,1,0.46,2,0,3,366,272,0.74,2.01,0
Stade Brestois 29 vs Lille,Lille,Stade Brestois 29,Lille,3,3,3-3,6,0,10,4,7,3,13,2,2,0.54,1,0,2,441,363,0.82,1.62,0
Angers vs Paris FC,Angers,Angers,Paris FC,1,0,1-0,2,3,8,3,5,3,14,3,0,0.32,2,1,7,277,206,0.74,0.97,0
Angers vs Paris FC,Paris FC,Angers,Paris FC,1,0,1-0,7,6,17,4,5,12,10,7,3,0.68,1,0,1,589,531,0.9,0.92,0
Auxerre vs Lorient,Auxerre,Auxerre,Lorient,1,0,1-0,3,3,7,1,4,3,18,4,0,0.44,3,0,3,361,291,0.81,1.44,0
Auxerre vs Lorient,Lorient,Auxerre,Lorient,1,0,1-0,3,6,14,5,11,3,14,4,2,0.56,2,0,2,465,392,0.84,1.37,0
Metz vs Strasbourg,Metz,Metz,Strasbourg,0,1,0-1,0,2,2,0,2,0,16,3,1,0.38,2,0,2,349,272,0.78,0.3,0
Metz vs Strasbourg,Strasbourg,Metz,Strasbourg,0,1,0-1,4,2,9,3,4,5,13,3,1,0.62,2,0,0,585,521,0.89,0.62,0
Nantes vs Paris Saint Germain,Nantes,Nantes,Paris Saint Germain,0,1,0-1,0,5,5,0,2,3,6,2,0,0.29,1,0,3,304,224,0.74,0.14,0
Nantes vs Paris Saint Germain,Paris Saint Germain,Nantes,Paris Saint Germain,0,1,0-1,4,7,18,7,12,6,6,7,1,0.71,1,0,0,744,680,0.91,1.43,0
Paris Saint Germain vs Angers,Paris Saint Germain,Paris Saint Germain,Angers,1,0,1-0,4,13,21,4,8,13,3,12,1,0.84,0,0,0,981,918,0.94,1.85,0
Paris Saint Germain vs Angers,Angers,Paris Saint Germain,Angers,1,0,1-0,0,3,3,0,3,0,9,0,1,0.16,0,0,3,195,141,0.72,0.24,0
Marseille vs Paris FC,Marseille,Marseille,Paris FC,5,2,5-2,7,4,11,0,9,2,9,5,1,0.61,1,0,2,590,539,0.91,2.83,-2
Marseille vs Paris FC,Paris FC,Marseille,Paris FC,5,2,5-2,4,4,8,0,6,2,12,2,1,0.39,0,0,2,380,333,0.88,1.09,-2
Nice vs Auxerre,Nice,Nice,Auxerre,3,1,3-1,6,9,16,1,9,7,10,5,1,0.55,2,0,7,478,417,0.87,1.94,0
Nice vs Auxerre,Auxerre,Nice,Auxerre,3,1,3-1,8,2,12,2,8,4,15,4,0,0.45,2,1,4,389,309,0.79,1.51,0
Lyon vs Metz,Lyon,Lyon,Metz,3,0,3-0,8,3,13,2,9,4,13,4,1,0.53,0,0,2,542,500,0.92,2.77,0
Lyon vs Metz,Metz,Lyon,Metz,3,0,3-0,2,3,11,6,7,4,15,3,3,0.47,2,0,5,485,442,0.91,0.56,0
Lorient vs Rennes,Lorient,Lorient,Rennes,4,0,4-0,7,9,22,6,13,9,18,3,4,0.51,6,0,1,486,428,0.88,3.04,0
Lorient vs Rennes,Rennes,Lorient,Rennes,4,0,4-0,1,3,4,0,0,4,7,2,2,0.49,0,2,3,476,413,0.87,0.08,0
Strasbourg vs Nantes,Strasbourg,Strasbourg,Nantes,1,0,1-0,4,6,15,5,9,6,11,7,4,0.49,2,0,2,448,394,0.88,1.78,0
Strasbourg vs Nantes,Nantes,Strasbourg,Nantes,1,0,1-0,2,2,9,5,7,2,9,6,2,0.51,2,0,3,474,394,0.83,0.44,0
Toulouse vs Stade Brestois 29,Toulouse,Toulouse,Stade Brestois 29,2,0,2-0,3,3,6,0,6,0,14,3,3,0.47,0,0,2,387,314,0.81,1.28,0
Toulouse vs Stade Brestois 29,Stade Brestois 29,Toulouse,Stade Brestois 29,2,0,2-0,2,6,16,8,10,6,10,9,2,0.53,1,0,1,417,344,0.82,0.97,0
Le Havre vs Lens,Le Havre,Le Havre,Lens,1,2,1-2,6,7,18,5,11,7,17,7,2,0.57,3,0,1,526,438,0.83,1.89,0
Le Havre vs Lens,Lens,Le Havre,Lens,1,2,1-2,3,2,6,1,4,2,16,0,0,0.43,1,0,5,407,348,0.86,1.07,0
Lille vs Monaco,Lille,Lille,Monaco,1,0,1-0,1,13,18,4,10,8,7,8,2,0.5,1,0,2,417,345,0.83,2.92,0
Lille vs Monaco,Monaco,Lille,Monaco,1,0,1-0,1,4,6,1,5,1,14,3,0,0.5,2,0,0,425,338,0.8,1.25,0
Lens vs Stade Brestois 29,Lens,Lens,Stade Brestois 29,3,1,3-1,10,9,30,11,26,4,7,15,2,0.68,1,0,1,581,495,0.85,3.99,2
Lens vs Stade Brestois 29,Stade Brestois 29,Lens,Stade Brestois 29,3,1,3-1,2,2,9,5,7,2,12,1,0,0.32,3,1,7,284,207,0.73,1.08,2
Lorient vs Lille,Lorient,Lorient,Lille,1,7,1-7,2,3,6,1,5,1,14,3,3,0.41,3,0,5,363,305,0.84,1.5,0
Lorient vs Lille,Lille,Lorient,Lille,1,7,1-7,11,3,20,6,15,5,18,8,2,0.59,3,0,1,538,467,0.87,3.49,0
Nantes vs Auxerre,Nantes,Nantes,Auxerre,1,0,1-0,3,0,4,1,1,3,13,3,1,0.43,1,0,4,345,270,0.78,0.48,0
Nantes vs Auxerre,Auxerre,Nantes,Auxerre,1,0,1-0,4,3,14,7,8,6,11,9,6,0.57,3,0,2,439,365,0.83,0.68,0
Toulouse vs Paris Saint Germain,Toulouse,Toulouse,Paris Saint Germain,3,6,3-6,6,3,14,5,8,6,7,5,1,0.24,1,0,2,268,207,0.77,2.22,0
Toulouse vs Paris Saint Germain,Paris Saint Germain,Toulouse,Paris Saint Germain,3,6,3-6,8,3,13,2,9,4,11,7,0,0.76,0,0,3,860,805,0.94,2.62,0
Angers vs Rennes,Angers,Angers,Rennes,1,1,1-1,7,3,10,0,6,4,9,1,4,0.37,2,0,6,383,334,0.87,1.23,0
Angers vs Rennes,Rennes,Angers,Rennes,1,1,1-1,7,4,15,4,9,6,11,7,0,0.63,2,0,6,676,612,0.91,1.46,0
Monaco vs Strasbourg,Monaco,Monaco,Strasbourg,3,2,3-2,4,4,12,4,10,2,13,6,4,0.43,2,0,2,383,321,0.84,1.94,0
Monaco vs Strasbourg,Strasbourg,Monaco,Strasbourg,3,2,3-2,4,5,12,3,10,2,12,5,2,0.57,1,1,1,525,461,0.88,1.62,0
Le Havre vs Nice,Le Havre,Le Havre,Nice,3,1,3-1,8,2,12,2,8,4,13,0,0,0.41,1,0,2,326,256,0.79,2.56,0
Le Havre vs Nice,Nice,Le Havre,Nice,3,1,3-1,3,2,7,2,5,2,16,5,0,0.59,4,0,5,475,406,0.85,0.63,0
Paris FC vs Metz,Paris FC,Paris FC,Metz,3,2,3-2,9,12,24,3,19,5,4,14,0,0.51,1,0,0,485,426,0.88,3.21,0
Paris FC vs Metz,Metz,Paris FC,Metz,3,2,3-2,2,7,14,5,10,4,8,6,1,0.49,1,1,6,472,414,0.88,1.84,0
Lyon vs Marseille,Lyon,Lyon,Marseille,1,0,1-0,6,7,18,5,12,6,16,9,1,0.58,2,0,2,429,371,0.86,3.04,0
Lyon vs Marseille,Marseille,Lyon,Marseille,1,0,1-0,2,1,5,2,3,2,11,4,1,0.42,2,1,4,321,252,0.79,0.77,0
Marseille vs Lorient,Marseille,Marseille,Lorient,4,0,4-0,8,2,15,5,10,5,18,10,1,0.72,3,0,1,800,746,0.93,2.26,-1
Marseille vs Lorient,Lorient,Marseille,Lorient,4,0,4-0,1,1,4,2,3,1,5,0,0,0.28,2,1,4,306,257,0.84,0.14,-1
Nice vs Nantes,Nice,Nice,Nantes,1,0,1-0,8,8,19,3,13,6,16,7,7,0.59,2,0,3,489,421,0.86,1.75,0
Nice vs Nantes,Nantes,Nice,Nantes,1,0,1-0,3,7,14,4,7,7,14,4,0,0.41,0,0,7,348,275,0.79,0.75,0
Auxerre vs Monaco,Auxerre,Auxerre,Monaco,1,2,1-2,2,4,9,3,4,5,12,5,0,0.33,3,1,1,282,203,0.72,0.67,0
Auxerre vs Monaco,Monaco,Auxerre,Monaco,1,2,1-2,3,6,13,4,12,1,19,8,1,0.67,6,0,2,574,486,0.85,1.42,0
Lille vs Toulouse,Lille,Lille,Toulouse,2,1,2-1,5,7,20,8,14,6,12,7,1,0.7,2,0,3,553,479,0.87,2.21,0
Lille vs Toulouse,Toulouse,Lille,Toulouse,2,1,2-1,4,3,9,2,5,4,10,6,2,0.3,4,1,3,231,171,0.74,0.81,0
Paris Saint Germain vs Lens,Paris Saint Germain,Paris Saint Germain,Lens,2,0,2-0,6,3,14,5,6,8,10,4,0,0.68,1,0,3,771,713,0.92,1.07,0
Paris Saint Germain vs Lens,Lens,Paris Saint Germain,Lens,2,0,2-0,3,7,11,1,6,5,8,3,0,0.32,2,0,4,352,293,0.83,1.16,0
Strasbourg vs Le Havre,Strasbourg,Strasbourg,Le Havre,1,0,1-0,7,1,9,1,8,1,8,4,1,0.49,2,1,1,453,398,0.88,1.36,0
Strasbourg vs Le Havre,Le Havre,Strasbourg,Le Havre,1,0,1-0,1,7,10,2,5,5,16,3,1,0.51,2,0,5,468,406,0.87,0.65,0
Stade Brestois 29 vs Paris FC,Stade Brestois 29,Stade Brestois 29,Paris FC,1,2,1-2,8,7,23,8,14,9,11,6,3,0.46,0,0,2,401,316,0.79,2.57,0
Stade Brestois 29 vs Paris FC,Paris FC,Stade Brestois 29,Paris FC,1,2,1-2,4,1,7,2,5,2,10,1,1,0.54,3,1,6,487,405,0.83,1.55,0
Metz vs Angers,Metz,Metz,Angers,1,1,1-1,5,1,9,3,7,2,10,4,1,0.55,0,0,4,542,481,0.89,1.71,2
Metz vs Angers,Angers,Metz,Angers,1,1,1-1,4,6,10,0,7,3,7,3,3,0.45,1,0,4,443,387,0.87,2.27,2
Rennes vs Lyon,Rennes,Rennes,Lyon,3,1,3-1,5,9,23,9,13,10,18,5,3,0.48,2,0,4,449,386,0.86,2.19,-1
Rennes vs Lyon,Lyon,Rennes,Lyon,3,1,3-1,5,0,8,3,7,1,13,4,0,0.52,2,1,2,492,420,0.85,1.71,-1
Lyon vs Angers,Lyon,Lyon,Angers,1,0,1-0,5,7,16,4,10,6,16,7,1,0.67,2,0,2,583,529,0.91,1.81,1
Lyon vs Angers,Angers,Lyon,Angers,1,0,1-0,2,4,10,4,8,2,10,4,1,0.33,2,0,4,284,227,0.8,1.18,1
Nantes vs Rennes,Nantes,Nantes,Rennes,2,2,2-2,4,6,16,6,10,6,14,4,1,0.43,2,0,2,361,290,0.8,2.11,0
Nantes vs Rennes,Rennes,Nantes,Rennes,2,2,2-2,4,4,8,0,5,3,18,4,3,0.57,2,0,2,495,429,0.87,1.37,0
Stade Brestois 29 vs Nice,Stade Brestois 29,Stade Brestois 29,Nice,4,1,4-1,5,4,11,2,6,5,17,2,0,0.38,1,0,3,376,290,0.77,2.03,-2
Stade Brestois 29 vs Nice,Nice,Stade Brestois 29,Nice,4,1,4-1,4,10,21,7,16,5,11,7,1,0.62,3,0,1,605,538,0.89,2.33,-2
Lens vs Lille,Lens,Lens,Lille,3,0,3-0,6,7,15,2,10,5,17,4,4,0.38,1,0,3,326,256,0.79,3.54,0
Lens vs Lille,Lille,Lens,Lille,3,0,3-0,3,6,17,8,13,4,11,10,1,0.62,3,0,3,539,453,0.84,1.9,0
Paris FC vs Strasbourg,Paris FC,Paris FC,Strasbourg,2,3,2-3,6,10,18,2,12,6,11,4,2,0.61,1,0,0,634,576,0.91,1.6,0
Paris FC vs Strasbourg,Strasbourg,Paris FC,Strasbourg,2,3,2-3,4,2,8,2,7,1,10,2,1,0.39,5,0,4,414,344,0.83,2.38,0
Monaco vs Metz,Monaco,Monaco,Metz,5,2,5-2,6,7,16,3,12,4,15,4,3,0.43,1,0,1,410,342,0.83,3.5,-1
Monaco vs Metz,Metz,Monaco,Metz,5,2,5-2,3,2,8,3,6,2,6,5,0,0.57,0,0,2,551,464,0.84,2.16,-1
Auxerre vs Toulouse,Auxerre,Auxerre,Toulouse,1,0,1-0,1,3,6,2,5,1,12,3,0,0.4,1,1,3,300,231,0.77,0.75,0
Auxerre vs Toulouse,Toulouse,Auxerre,Toulouse,1,0,1-0,3,6,13,4,12,1,20,4,0,0.6,6,0,0,450,392,0.87,2.33,0
Le Havre vs Lorient,Le Havre,Le Havre,Lorient,1,1,1-1,2,9,13,2,10,3,20,6,0,0.6,3,0,3,555,472,0.85,2.47,0
Le Havre vs Lorient,Lorient,Le Havre,Lorient,1,1,1-1,4,4,8,0,5,3,15,2,0,0.4,6,0,0,378,302,0.8,1.21,0
Marseille vs Paris Saint Germain,Marseille,Marseille,Paris Saint Germain,1,0,1-0,1,5,9,3,8,1,16,5,2,0.32,3,0,5,308,245,0.8,1.14,0
Marseille vs Paris Saint Germain,Paris Saint Germain,Marseille,Paris Saint Germain,1,0,1-0,5,6,12,1,4,8,7,3,1,0.68,1,0,1,669,611,0.91,0.67,0
Strasbourg vs Marseille,Strasbourg,Strasbourg,Marseille,1,2,1-2,1,6,9,2,7,2,13,5,2,0.4,2,0,7,393,323,0.82,1.36,0
Strasbourg vs Marseille,Marseille,Strasbourg,Marseille,1,2,1-2,9,5,16,2,10,6,15,4,1,0.6,4,0,0,588,518,0.88,2.02,0
Lorient vs Monaco,Lorient,Lorient,Monaco,3,1,3-1,8,5,19,6,12,7,10,2,0,0.47,2,0,1,511,449,0.88,1.98,0
Lorient vs Monaco,Monaco,Lorient,Monaco,3,1,3-1,2,3,5,0,2,3,11,4,1,0.53,3,1,5,570,516,0.91,0.92,0
Toulouse vs Nantes,Toulouse,Toulouse,Nantes,2,2,2-2,7,8,20,5,15,5,18,1,2,0.46,2,0,0,404,335,0.83,2.15,0
Toulouse vs Nantes,Nantes,Toulouse,Nantes,2,2,2-2,2,4,12,6,7,5,12,4,1,0.54,3,0,5,498,427,0.86,1.46,0
Paris Saint Germain vs Auxerre,Paris Saint Germain,Paris Saint Germain,Auxerre,2,0,2-0,8,4,15,3,10,5,17,5,1,0.66,1,0,2,672,607,0.9,1.77,0
Paris Saint Germain vs Auxerre,Auxerre,Paris Saint Germain,Auxerre,2,0,2-0,3,4,12,5,7,5,10,5,4,0.34,2,0,6,333,256,0.77,0.71,0
Nice vs Paris FC,Nice,Nice,Paris FC,1,1,1-1,5,2,11,4,8,3,14,5,1,0.44,1,0,2,392,319,0.81,0.96,0
Nice vs Paris FC,Paris FC,Nice,Paris FC,1,1,1-1,3,3,13,7,8,5,14,5,1,0.56,1,0,4,512,437,0.85,1.84,0
Angers vs Stade Brestois 29,Angers,Angers,Stade Brestois 29,0,2,0-2,2,5,11,4,7,4,13,11,2,0.57,1,0,1,452,384,0.85,0.48,0
Angers vs Stade Brestois 29,Stade Brestois 29,Angers,Stade Brestois 29,0,2,0-2,3,3,7,1,6,1,13,4,1,0.43,1,0,2,366,266,0.73,1.56,0
Lille vs Lyon,Lille,Lille,Lyon,0,1,0-1,3,4,14,7,9,5,20,3,1,0.54,4,0,1,429,363,0.85,1.47,0
Lille vs Lyon,Lyon,Lille,Lyon,0,1,0-1,2,1,5,2,4,1,24,4,1,0.46,4,0,3,369,300,0.81,0.52,0
Metz vs Le Havre,Metz,Metz,Le Havre,0,0,0-0,0,5,7,2,6,1,16,4,1,0.53,2,0,2,421,376,0.89,0.47,0
Metz vs Le Havre,Le Havre,Metz,Le Havre,0,0,0-0,2,2,10,6,1,9,16,6,2,0.47,2,0,0,367,306,0.83,0.27,0
Rennes vs Lens,Rennes,Rennes,Lens,0,0,0-0,2,6,14,6,10,4,16,8,1,0.67,3,0,2,529,464,0.88,1.19,0
Rennes vs Lens,Lens,Rennes,Lens,0,0,0-0,2,8,13,3,11,2,9,4,0,0.33,3,1,2,257,181,0.7,1.04,0
Paris FC vs Lorient,Paris FC,Paris FC,Lorient,2,0,2-0,2,6,10,2,7,3,19,1,3,0.59,0,0,3,653,597,0.91,1.02,0
Paris FC vs Lorient,Lorient,Paris FC,Lorient,2,0,2-0,3,4,8,1,4,4,10,5,2,0.41,3,0,0,452,382,0.85,0.97,0
Metz vs Marseille,Metz,Metz,Marseille,0,3,0-3,1,2,4,1,1,3,8,4,2,0.38,0,0,6,375,322,0.86,0.16,0
Metz vs Marseille,Marseille,Metz,Marseille,0,3,0-3,9,10,21,2,11,10,7,4,2,0.62,0,0,1,639,586,0.92,2.71,0
Stade Brestois 29 vs Nantes,Stade Brestois 29,Stade Brestois 29,Nantes,0,0,0-0,5,5,17,7,9,8,11,12,1,0.51,2,0,0,388,318,0.82,1.51,1
Stade Brestois 29 vs Nantes,Nantes,Stade Brestois 29,Nantes,0,0,0-0,0,4,6,2,5,1,12,3,3,0.49,1,0,5,390,328,0.84,0.15,1
Auxerre vs Lens,Auxerre,Auxerre,Lens,1,2,1-2,2,7,18,9,9,9,10,2,0,0.57,3,0,2,514,420,0.82,1.71,0
Auxerre vs Lens,Lens,Auxerre,Lens,1,2,1-2,4,1,7,2,5,2,21,2,2,0.43,7,1,1,397,324,0.82,0.41,0
Lyon vs Toulouse,Lyon,Lyon,Toulouse,1,2,1-2,3,7,13,3,10,3,13,8,2,0.69,1,0,2,583,504,0.86,1.17,0
Lyon vs Toulouse,Toulouse,Lyon,Toulouse,1,2,1-2,3,5,14,6,10,4,17,5,0,0.31,3,0,2,257,183,0.71,1.18,0
Monaco vs Nice,Monaco,Monaco,Nice,2,2,2-2,6,10,20,4,12,8,10,6,4,0.66,1,0,0,527,448,0.85,2.98,0
Monaco vs Nice,Nice,Monaco,Nice,2,2,2-2,2,2,9,5,5,4,9,7,2,0.34,3,1,4,272,186,0.68,1.15,0
Strasbourg vs Angers,Strasbourg,Strasbourg,Angers,5,0,5-0,12,3,18,3,14,4,12,2,2,0.66,2,0,1,781,706,0.9,4.73,0
Strasbourg vs Angers,Angers,Strasbourg,Angers,5,0,5-0,1,1,5,3,4,1,11,5,2,0.34,2,0,7,400,310,0.78,0.32,0
Le Havre vs Rennes,Le Havre,Le Havre,Rennes,2,2,2-2,2,7,10,1,5,5,13,3,3,0.43,1,0,1,390,316,0.81,1.71,0
Le Havre vs Rennes,Rennes,Le Havre,Rennes,2,2,2-2,3,4,9,2,6,3,9,4,2,0.57,2,0,0,543,463,0.85,1.11,0
Lille vs Paris Saint Germain,Lille,Lille,Paris Saint Germain,1,1,1-1,3,2,9,4,8,1,11,3,1,0.38,1,0,4,389,317,0.81,0.65,0
Lille vs Paris Saint Germain,Paris Saint Germain,Lille,Paris Saint Germain,1,1,1-1,5,7,17,5,9,8,12,5,0,0.62,1,0,2,656,600,0.91,1.5,0
Paris Saint Germain vs Strasbourg,Paris Saint Germain,Paris Saint Germain,Strasbourg,3,3,3-3,9,7,21,5,11,10,12,4,0,0.71,2,0,4,783,717,0.92,2.67,0
Paris Saint Germain vs Strasbourg,Strasbourg,Paris Saint Germain,Strasbourg,3,3,3-3,7,3,12,2,9,3,15,1,0,0.29,1,0,6,309,257,0.83,2.15,0
Nice vs Lyon,Nice,Nice,Lyon,3,2,3-2,4,1,5,0,5,0,10,1,2,0.31,1,0,5,252,192,0.76,0.6,-1
Nice vs Lyon,Lyon,Nice,Lyon,3,2,3-2,7,7,29,15,16,13,11,16,0,0.69,2,0,1,544,477,0.88,3.39,-1
Angers vs Monaco,Angers,Angers,Monaco,1,1,1-1,3,4,16,9,10,6,15,10,0,0.42,2,0,3,397,327,0.82,1.77,0
Angers vs Monaco,Monaco,Angers,Monaco,1,1,1-1,4,4,11,3,8,3,14,3,0,0.58,2,0,2,568,488,0.86,1.88,0
Marseille vs Le Havre,Marseille,Marseille,Le Havre,6,2,6-2,11,4,18,3,11,7,17,2,3,0.74,2,0,1,684,640,0.94,4.19,-1
Marseille vs Le Havre,Le Havre,Marseille,Le Havre,6,2,6-2,3,3,8,2,6,2,13,1,3,0.26,2,1,5,238,181,0.76,0.48,-1
Lens vs Paris FC,Lens,Lens,Paris FC,2,1,2-1,3,4,11,4,10,1,11,11,2,0.43,2,0,2,402,327,0.81,1.63,0
Lens vs Paris FC,Paris FC,Lens,Paris FC,2,1,2-1,3,2,9,4,7,2,8,3,2,0.57,2,0,1,567,479,0.84,0.52,0
Rennes vs Auxerre,Rennes,Rennes,Auxerre,2,2,2-2,7,6,19,6,14,5,11,6,2,0.52,1,0,2,418,338,0.81,2.03,0
Rennes vs Auxerre,Auxerre,Rennes,Auxerre,2,2,2-2,4,2,7,1,3,4,15,2,2,0.48,3,0,5,395,308,0.78,1.51,0
Toulouse vs Metz,Toulouse,Toulouse,Metz,4,0,4-0,7,6,16,3,13,3,14,5,1,0.36,2,0,2,325,272,0.84,2.54,0
Toulouse vs Metz,Metz,Toulouse,Metz,4,0,4-0,2,0,2,0,1,1,11,1,1,0.64,1,1,3,608,545,0.9,0.08,0
Lorient vs Stade Brestois 29,Lorient,Lorient,Stade Brestois 29,3,3,3-3,7,3,12,2,10,2,13,5,4,0.5,3,0,2,390,321,0.82,1.2,0
Lorient vs Stade Brestois 29,Stade Brestois 29,Lorient,Stade Brestois 29,3,3,3-3,4,3,8,1,7,1,16,2,0,0.5,2,0,4,405,340,0.84,1.59,0
Nantes vs Lille,Nantes,Nantes,Lille,0,2,0-2,3,3,8,2,4,4,12,5,0,0.37,1,0,3,295,220,0.75,0.45,0
Nantes vs Lille,Lille,Nantes,Lille,0,2,0-2,5,10,23,8,19,4,15,9,0,0.63,4,0,2,531,460,0.87,2.6,0
Paris FC vs Nantes,Paris FC,Paris FC,Nantes,1,2,1-2,3,7,14,4,10,4,10,8,9,0.68,3,0,1,548,487,0.89,1.19,0
Paris FC vs Nantes,Nantes,Paris FC,Nantes,1,2,1-2,3,5,11,3,5,6,13,2,1,0.32,2,0,2,270,205,0.76,0.9,0
Stade Brestois 29 vs Paris Saint Germain,Stade Brestois 29,Stade Brestois 29,Paris Saint Germain,0,3,0-3,2,5,8,1,4,4,10,2,2,0.25,1,0,5,259,191,0.74,1.62,0
Stade Brestois 29 vs Paris Saint Germain,Paris Saint Germain,Stade Brestois 29,Paris Saint Germain,0,3,0-3,8,8,18,2,9,9,10,7,2,0.75,1,0,2,808,751,0.93,2.07,0
Monaco vs Toulouse,Monaco,Monaco,Toulouse,1,0,1-0,5,4,14,5,13,1,15,2,0,0.54,3,0,2,418,322,0.77,3.08,1
Monaco vs Toulouse,Toulouse,Monaco,Toulouse,1,0,1-0,2,5,10,3,7,3,18,5,0,0.46,4,0,4,350,246,0.7,0.68,1
Lens vs Marseille,Lens,Lens,Marseille,2,1,2-1,5,3,8,0,6,2,12,4,3,0.31,3,0,2,339,271,0.8,1.8,0
Lens vs Marseille,Marseille,Lens,Marseille,2,1,2-1,3,6,17,8,9,8,9,8,1,0.69,3,0,4,762,690,0.91,0.66,0
Lille vs Metz,Lille,Lille,Metz,6,1,6-1,12,8,23,3,18,5,18,7,1,0.62,3,0,3,552,479,0.87,2.92,-1
Lille vs Metz,Metz,Lille,Metz,6,1,6-1,4,5,10,1,9,1,12,8,0,0.38,2,0,6,317,249,0.79,1.29,-1
Angers vs Lorient,Angers,Angers,Lorient,2,0,2-0,4,1,7,2,5,2,14,1,0,0.37,1,0,4,380,317,0.83,0.93,-1
Angers vs Lorient,Lorient,Angers,Lorient,2,0,2-0,4,8,23,11,14,9,6,6,1,0.63,0,0,2,616,547,0.89,1.99,-1
Rennes vs Nice,Rennes,Rennes,Nice,1,2,1-2,7,5,19,7,9,10,13,7,3,0.58,5,0,1,480,422,0.88,1.74,0
Rennes vs Nice,Nice,Rennes,Nice,1,2,1-2,3,3,8,2,3,5,22,3,2,0.42,2,0,6,349,271,0.78,0.73,0
Auxerre vs Le Havre,Auxerre,Auxerre,Le Havre,0,1,0-1,3,4,14,7,8,6,21,13,0,0.51,2,0,3,341,280,0.82,0.61,1
Auxerre vs Le Havre,Le Havre,Auxerre,Le Havre,0,1,0-1,4,4,9,1,6,3,12,5,2,0.49,3,0,3,349,287,0.82,0.94,1
Lyon vs Strasbourg,Lyon,Lyon,Strasbourg,2,1,2-1,3,2,8,3,8,0,15,4,2,0.48,0,0,1,385,316,0.82,1.67,0
Lyon vs Strasbourg,Strasbourg,Lyon,Strasbourg,2,1,2-1,2,3,7,2,4,3,19,2,1,0.52,4,1,2,434,365,0.84,0.49,0
Nice vs Lille,Nice,Nice,Lille,2,0,2-0,4,4,8,0,4,4,11,2,1,0.32,3,0,4,290,223,0.77,1.77,0
Nice vs Lille,Lille,Nice,Lille,2,0,2-0,4,8,21,9,9,12,10,13,0,0.68,3,0,2,593,516,0.87,0.99,0
Lorient vs Paris Saint Germain,Lorient,Lorient,Paris Saint Germain,1,1,1-1,2,3,5,0,3,2,5,0,4,0.22,0,0,7,229,167,0.73,0.23,0
Lorient vs Paris Saint Germain,Paris Saint Germain,Lorient,Paris Saint Germain,1,1,1-1,8,3,15,4,7,8,13,8,0,0.78,2,0,1,827,773,0.93,1.49,0
Le Havre vs Stade Brestois 29,Le Havre,Le Havre,Stade Brestois 29,1,0,1-0,3,4,13,6,8,5,12,5,2,0.46,1,0,2,412,351,0.85,1.01,0
Le Havre vs Stade Brestois 29,Stade Brestois 29,Le Havre,Stade Brestois 29,1,0,1-0,2,4,8,2,5,3,11,1,1,0.54,3,0,2,497,412,0.83,0.55,0
Metz vs Lens,Metz,Metz,Lens,2,0,2-0,7,8,16,1,10,6,15,2,0,0.46,3,1,2,456,392,0.86,3.42,0
Metz vs Lens,Lens,Metz,Lens,2,0,2-0,2,5,10,3,6,4,15,5,3,0.54,2,0,4,524,459,0.88,1.32,0
Marseille vs Angers,Marseille,Marseille,Angers,2,2,2-2,6,4,11,1,8,3,11,1,1,0.59,2,0,4,636,564,0.89,1.33,0
Marseille vs Angers,Angers,Marseille,Angers,2,2,2-2,6,2,12,4,7,5,7,5,3,0.41,1,0,4,427,349,0.82,1.04,0
Nantes vs Monaco,Nantes,Nantes,Monaco,3,5,3-5,5,8,18,5,12,6,13,1,0,0.48,3,0,4,370,286,0.77,1.62,0
Nantes vs Monaco,Monaco,Nantes,Monaco,3,5,3-5,9,7,19,3,19,0,17,3,2,0.52,7,0,2,396,328,0.83,4.31,0
Strasbourg vs Auxerre,Strasbourg,Strasbourg,Auxerre,3,0,3-0,9,8,18,1,14,4,11,4,1,0.64,1,0,1,690,626,0.91,4.06,0
Strasbourg vs Auxerre,Auxerre,Strasbourg,Auxerre,3,0,3-0,1,4,6,1,5,1,16,3,1,0.36,1,0,6,380,318,0.84,0.43,0
Toulouse vs Rennes,Toulouse,Toulouse,Rennes,2,2,2-2,4,7,15,4,9,6,9,5,0,0.55,2,0,3,431,354,0.82,1.55,0
Toulouse vs Rennes,Rennes,Toulouse,Rennes,2,2,2-2,5,4,11,2,7,4,12,8,2,0.45,3,0,2,356,277,0.78,1.58,0
Paris FC vs Lyon,Paris FC,Paris FC,Lyon,3,3,3-3,3,3,11,5,5,6,18,4,1,0.52,6,1,1,457,389,0.85,0.62,-1
Paris FC vs Lyon,Lyon,Paris FC,Lyon,3,3,3-3,4,1,7,2,4,3,16,2,5,0.48,2,1,0,431,368,0.85,1.25,-1
Paris Saint Germain vs Nice,Paris Saint Germain,Paris Saint Germain,Nice,1,0,1-0,8,9,28,11,16,12,12,11,2,0.77,3,0,2,805,760,0.94,2.29,0
Paris Saint Germain vs Nice,Nice,Paris Saint Germain,Nice,1,0,1-0,2,0,5,3,3,2,5,1,1,0.23,1,0,7,247,182,0.74,0.48,0
Monaco vs Paris FC,Monaco,Monaco,Paris FC,0,1,0-1,1,5,10,4,4,6,10,3,3,0.55,3,0,0,517,422,0.82,0.61,0
Monaco vs Paris FC,Paris FC,Monaco,Paris FC,0,1,0-1,1,4,9,4,7,2,12,2,0,0.45,2,0,3,420,333,0.79,0.85,0
Auxerre vs Marseille,Auxerre,Auxerre,Marseille,0,1,0-1,4,3,9,2,9,0,12,3,2,0.49,3,1,1,450,386,0.86,1.17,0
Auxerre vs Marseille,Marseille,Auxerre,Marseille,0,1,0-1,2,4,6,0,4,2,14,3,2,0.51,4,1,4,477,420,0.88,0.52,0
Rennes vs Strasbourg,Rennes,Rennes,Strasbourg,4,1,4-1,6,3,13,4,10,3,15,6,2,0.41,1,0,1,400,335,0.84,2.35,0
Rennes vs Strasbourg,Strasbourg,Rennes,Strasbourg,4,1,4-1,2,10,20,8,14,6,9,5,3,0.59,1,0,2,586,524,0.89,1.6,0
Lille vs Angers,Lille,Lille,Angers,1,0,1-0,4,8,15,3,11,4,10,9,1,0.54,1,0,1,545,466,0.86,2.04,0
Lille vs Angers,Angers,Lille,Angers,1,0,1-0,1,1,6,4,2,4,10,2,3,0.46,0,0,2,469,396,0.84,0.37,0
Nantes vs Metz,Nantes,Nantes,Metz,0,2,0-2,4,6,16,6,9,7,8,8,1,0.52,1,0,5,363,302,0.83,0.81,0
Nantes vs Metz,Metz,Nantes,Metz,0,2,0-2,7,7,14,0,9,5,8,5,3,0.48,3,0,4,336,275,0.82,1.34,0
Toulouse vs Le Havre,Toulouse,Toulouse,Le Havre,0,0,0-0,2,9,18,7,15,3,12,10,0,0.46,1,0,3,335,262,0.78,1.12,0
Toulouse vs Le Havre,Le Havre,Toulouse,Le Havre,0,0,0-0,3,4,9,2,4,5,14,2,2,0.54,2,0,2,427,344,0.81,1.3,0
Lens vs Lorient,Lens,Lens,Lorient,3,0,3-0,6,2,9,1,8,1,8,7,2,0.58,2,0,3,627,560,0.89,2.09,0
Lens vs Lorient,Lorient,Lens,Lorient,3,0,3-0,3,4,12,5,9,3,10,6,0,0.42,2,0,2,434,378,0.87,1.82,0
Stade Brestois 29 vs Lyon,Stade Brestois 29,Stade Brestois 29,Lyon,0,0,0-0,3,6,13,4,11,2,19,12,2,0.5,1,0,2,383,313,0.82,1.49,1
Stade Brestois 29 vs Lyon,Lyon,Stade Brestois 29,Lyon,0,0,0-0,2,1,4,1,1,3,6,2,1,0.5,0,1,3,411,339,0.82,0.2,1
Paris FC vs Rennes,Paris FC,Paris FC,Rennes,0,1,0-1,4,9,20,7,14,6,9,8,4,0.52,4,0,2,442,362,0.82,1.98,0
Paris FC vs Rennes,Rennes,Paris FC,Rennes,0,1,0-1,3,5,10,2,7,3,13,9,2,0.48,2,0,4,398,328,0.82,0.75,0
Marseille vs Stade Brestois 29,Marseille,Marseille,Stade Brestois 29,3,0,3-0,7,8,19,4,10,9,12,6,0,0.64,0,0,2,658,605,0.92,3.46,-1
Marseille vs Stade Brestois 29,Stade Brestois 29,Marseille,Stade Brestois 29,3,0,3-0,2,2,4,0,3,1,10,2,2,0.36,1,0,4,375,304,0.81,0.74,-1
Le Havre vs Nantes,Le Havre,Le Havre,Nantes,1,1,1-1,4,7,17,6,11,6,15,8,4,0.65,3,0,1,470,402,0.86,0.94,0
Le Havre vs Nantes,Nantes,Le Havre,Nantes,1,1,1-1,2,0,5,3,2,3,13,3,3,0.35,3,0,3,266,189,0.71,0.21,0
Monaco vs Lens,Monaco,Monaco,Lens,1,4,1-4,6,6,16,4,14,2,15,5,2,0.5,1,1,7,460,388,0.84,2.83,1
Monaco vs Lens,Lens,Monaco,Lens,1,4,1-4,12,3,20,5,15,5,19,4,2,0.5,2,0,5,459,396,0.86,3.16,1
Lorient vs Toulouse,Lorient,Lorient,Toulouse,1,1,1-1,2,6,10,2,5,5,6,6,1,0.5,0,0,1,399,325,0.81,1.36,0
Lorient vs Toulouse,Toulouse,Lorient,Toulouse,1,1,1-1,2,1,6,3,5,1,18,4,3,0.5,4,0,1,413,346,0.84,1.32,0
Angers vs Auxerre,Angers,Angers,Auxerre,2,0,2-0,5,3,9,1,2,7,19,3,2,0.49,2,0,5,444,373,0.84,0.66,-1
Angers vs Auxerre,Auxerre,Angers,Auxerre,2,0,2-0,5,5,12,2,6,6,14,3,2,0.51,2,0,4,465,391,0.84,0.7,-1
Strasbourg vs Lille,Strasbourg,Strasbourg,Lille,2,0,2-0,2,2,5,1,3,2,9,1,1,0.42,4,0,4,357,289,0.81,1.07,0
Strasbourg vs Lille,Lille,Strasbourg,Lille,2,0,2-0,4,2,6,0,2,4,20,4,1,0.58,3,1,0,484,413,0.85,0.28,0
Metz vs Nice,Metz,Metz,Nice,2,1,2-1,2,4,9,3,3,6,12,6,0,0.49,2,0,3,421,351,0.83,1.58,0
Metz vs Nice,Nice,Metz,Nice,2,1,2-1,4,5,11,2,8,3,19,3,0,0.51,4,0,0,435,390,0.9,0.95,0
Lyon vs Paris Saint Germain,Lyon,Lyon,Paris Saint Germain,2,3,2-3,2,4,9,3,5,4,10,5,2,0.28,6,1,1,271,211,0.78,0.69,-1
Lyon vs Paris Saint Germain,Paris Saint Germain,Lyon,Paris Saint Germain,2,3,2-3,4,4,9,1,6,3,8,5,2,0.72,2,0,0,729,656,0.9,1.42,-1
Nice vs Marseille,Nice,Nice,Marseille,1,5,1-5,7,3,15,5,8,7,9,8,3,0.53,2,0,6,507,454,0.9,1.19,0
Nice vs Marseille,Marseille,Nice,Marseille,1,5,1-5,11,1,13,1,11,2,10,6,1,0.47,2,0,6,468,413,0.88,2.86,0
Lens vs Strasbourg,Lens,Lens,Strasbourg,1,0,1-0,5,3,13,5,10,3,13,3,3,0.55,2,1,1,552,472,0.86,1.92,0
Lens vs Strasbourg,Strasbourg,Lens,Strasbourg,1,0,1-0,1,3,7,3,5,2,13,1,2,0.45,3,1,4,461,384,0.83,0.46,0
Rennes vs Monaco,Rennes,Rennes,Monaco,4,1,4-1,9,3,17,5,10,7,3,4,1,0.5,0,0,2,497,421,0.85,3.69,0
Rennes vs Monaco,Monaco,Rennes,Monaco,4,1,4-1,3,2,13,8,10,3,13,6,5,0.5,1,1,4,486,431,0.89,1.33,0
Paris Saint Germain vs Le Havre,Paris Saint Germain,Paris Saint Germain,Le Havre,3,0,3-0,11,13,31,7,22,9,10,6,3,0.65,2,0,3,599,526,0.88,3.46,0
Paris Saint Germain vs Le Havre,Le Havre,Paris Saint Germain,Le Havre,3,0,3-0,4,6,12,2,7,5,8,4,3,0.35,1,0,8,313,235,0.75,1.19,0
Auxerre vs Lyon,Auxerre,Auxerre,Lyon,0,0,0-0,5,3,12,4,9,3,10,7,2,0.3,1,0,7,237,175,0.74,2.07,1
Auxerre vs Lyon,Lyon,Auxerre,Lyon,0,0,0-0,7,5,16,4,9,7,11,11,3,0.7,3,0,5,548,475,0.87,1.57,1
Nantes vs Lorient,Nantes,Nantes,Lorient,1,1,1-1,1,5,9,3,7,2,17,1,0,0.56,1,0,1,496,419,0.84,0.84,0
Nantes vs Lorient,Lorient,Nantes,Lorient,1,1,1-1,1,4,7,2,4,3,17,1,2,0.44,1,0,0,399,331,0.83,0.32,0
Toulouse vs Angers,Toulouse,Toulouse,Angers,0,1,0-1,6,15,25,4,20,5,15,11,1,0.54,1,0,1,464,392,0.84,1.98,1
Toulouse vs Angers,Angers,Toulouse,Angers,0,1,0-1,2,3,6,1,2,4,15,1,1,0.46,3,0,6,418,333,0.8,0.43,1
Stade Brestois 29 vs Metz,Stade Brestois 29,Stade Brestois 29,Metz,3,2,3-2,7,11,20,2,15,5,11,6,0,0.56,2,0,2,516,435,0.84,3.11,0
Stade Brestois 29 vs Metz,Metz,Stade Brestois 29,Metz,3,2,3-2,3,3,7,1,4,3,8,2,0,0.44,3,0,4,406,331,0.82,1.05,0
Lille vs Paris FC,Lille,Lille,Paris FC,4,2,4-2,10,3,17,4,13,4,9,9,1,0.52,1,0,1,475,395,0.83,4.03,1
Lille vs Paris FC,Paris FC,Lille,Paris FC,4,2,4-2,3,1,6,2,4,2,12,4,3,0.48,2,0,7,440,353,0.8,1.52,1
Metz vs Rennes,Metz,Metz,Rennes,0,1,0-1,5,6,16,5,11,5,9,6,4,0.52,0,0,1,482,414,0.86,1.02,0
Metz vs Rennes,Rennes,Metz,Rennes,0,1,0-1,2,3,9,4,5,4,8,3,1,0.48,0,0,5,459,374,0.81,0.78,0
Monaco vs Paris Saint Germain,Monaco,Monaco,Paris Saint Germain,1,0,1-0,5,2,10,3,6,4,10,4,3,0.43,3,1,4,407,316,0.78,0.52,0
Monaco vs Paris Saint Germain,Paris Saint Germain,Monaco,Paris Saint Germain,1,0,1-0,4,9,17,4,14,3,13,4,1,0.57,1,0,4,534,445,0.83,1.33,0
Paris FC vs Auxerre,Paris FC,Paris FC,Auxerre,1,1,1-1,2,7,11,2,8,3,11,4,2,0.55,2,0,2,511,451,0.88,1.8,0
Paris FC vs Auxerre,Auxerre,Paris FC,Auxerre,1,1,1-1,3,4,11,4,6,5,17,3,0,0.45,1,0,1,419,357,0.85,1.11,0
Marseille vs Toulouse,Marseille,Marseille,Toulouse,2,2,2-2,5,8,20,7,11,9,7,9,1,0.77,2,0,2,714,660,0.92,1.8,0
Marseille vs Toulouse,Toulouse,Marseille,Toulouse,2,2,2-2,4,1,6,1,4,2,10,1,1,0.23,1,0,2,217,157,0.72,0.7,0
Strasbourg vs Stade Brestois 29,Strasbourg,Strasbourg,Stade Brestois 29,1,2,1-2,6,7,14,1,9,5,12,5,1,0.57,0,0,2,548,484,0.88,0.8,0
Strasbourg vs Stade Brestois 29,Stade Brestois 29,Strasbourg,Stade Brestois 29,1,2,1-2,4,3,7,0,2,5,14,0,1,0.43,3,0,5,421,347,0.82,1.05,0
Angers vs Lens,Angers,Angers,Lens,1,2,1-2,5,2,7,0,5,2,7,2,5,0.45,1,0,4,425,330,0.78,1.16,0
Angers vs Lens,Lens,Angers,Lens,1,2,1-2,6,10,17,1,11,6,11,8,2,0.55,1,0,4,514,440,0.86,2.05,0
Lorient vs Nice,Lorient,Lorient,Nice,3,1,3-1,7,9,18,2,14,4,7,3,0,0.43,1,0,2,428,364,0.85,2.38,0
Lorient vs Nice,Nice,Lorient,Nice,3,1,3-1,2,3,9,4,7,2,11,7,1,0.57,2,0,4,560,486,0.87,0.82,0
Le Havre vs Lille,Le Havre,Le Havre,Lille,0,1,0-1,7,3,14,4,8,6,15,6,1,0.43,1,0,1,341,263,0.77,1.18,1
Le Havre vs Lille,Lille,Le Havre,Lille,0,1,0-1,2,3,8,3,6,2,13,2,5,0.57,3,1,7,485,403,0.83,1.62,1
Lyon vs Nantes,Lyon,Lyon,Nantes,3,0,3-0,8,10,20,2,15,5,14,7,2,0.72,1,0,2,612,553,0.9,2.35,0
Lyon vs Nantes,Nantes,Lyon,Nantes,3,0,3-0,2,4,6,0,5,1,9,0,1,0.28,2,1,4,243,175,0.72,0.86,0
Stade Brestois 29 vs Monaco,Stade Brestois 29,Stade Brestois 29,Monaco,1,0,1-0,4,5,12,3,4,8,17,2,0,0.4,2,1,2,320,225,0.7,1.53,0
Stade Brestois 29 vs Monaco,Monaco,Stade Brestois 29,Monaco,1,0,1-0,2,7,10,1,8,2,15,3,2,0.6,4,0,3,476,390,0.82,0.6,0
Lille vs Marseille,Lille,Lille,Marseille,1,0,1-0,2,0,5,3,4,1,9,2,2,0.42,1,0,2,423,352,0.83,0.35,0
Lille vs Marseille,Marseille,Lille,Marseille,1,0,1-0,2,1,6,3,3,3,11,5,1,0.58,1,0,1,570,501,0.88,0.53,0
Nantes vs Lens,Nantes,Nantes,Lens,1,2,1-2,4,4,10,2,5,5,8,1,0,0.34,2,0,4,287,216,0.75,1.19,0
Nantes vs Lens,Lens,Nantes,Lens,1,2,1-2,6,8,20,6,16,4,13,12,3,0.66,0,0,3,534,461,0.86,2.3,0
Toulouse vs Strasbourg,Toulouse,Toulouse,Strasbourg,1,0,1-0,3,2,6,1,3,3,21,1,1,0.28,3,0,0,302,239,0.79,0.5,0
Toulouse vs Strasbourg,Strasbourg,Toulouse,Strasbourg,1,0,1-0,0,1,3,2,2,1,13,2,3,0.72,3,0,2,782,727,0.93,0.05,0
Paris Saint Germain vs Rennes,Paris Saint Germain,Paris Saint Germain,Rennes,5,0,5-0,9,7,20,4,14,6,9,8,0,0.66,0,0,2,715,658,0.92,2.23,-1
Paris Saint Germain vs Rennes,Rennes,Paris Saint Germain,Rennes,5,0,5-0,2,2,6,2,1,5,5,6,2,0.34,3,1,4,355,305,0.86,0.24,-1
Nice vs Angers,Nice,Nice,Angers,0,1,0-1,3,8,13,2,8,5,11,4,1,0.5,1,1,3,517,429,0.83,1.31,1
Nice vs Angers,Angers,Nice,Angers,0,1,0-1,4,2,8,2,5,3,9,1,1,0.5,1,0,3,534,454,0.85,0.83,1
Auxerre vs Metz,Auxerre,Auxerre,Metz,3,1,3-1,7,4,14,3,8,6,10,5,2,0.39,2,0,2,340,285,0.84,1.94,0
Auxerre vs Metz,Metz,Auxerre,Metz,3,1,3-1,3,2,5,0,4,1,12,3,1,0.61,1,0,4,545,486,0.89,0.55,0
Le Havre vs Paris FC,Le Havre,Le Havre,Paris FC,0,0,0-0,2,7,13,4,9,4,10,7,0,0.44,0,0,2,389,328,0.84,1.71,0
Le Havre vs Paris FC,Paris FC,Le Havre,Paris FC,0,0,0-0,2,8,13,3,9,4,13,2,0,0.56,2,0,2,515,454,0.88,1.23,0
Lorient vs Lyon,Lorient,Lorient,Lyon,1,0,1-0,6,6,14,2,8,6,12,1,2,0.4,2,0,4,300,236,0.79,2.57,0
Lorient vs Lyon,Lyon,Lorient,Lyon,1,0,1-0,4,2,7,1,6,1,21,7,0,0.6,2,1,5,438,373,0.85,0.43,0
Angers vs Nantes,Angers,Angers,Nantes,4,1,4-1,9,6,20,5,8,12,17,6,1,0.54,1,0,3,484,413,0.85,2.39,0
Angers vs Nantes,Nantes,Angers,Nantes,4,1,4-1,4,2,7,1,4,3,13,3,1,0.46,2,0,5,406,326,0.8,0.35,0
Rennes vs Stade Brestois 29,Rennes,Rennes,Stade Brestois 29,3,1,3-1,5,1,9,3,6,3,16,5,2,0.61,2,0,6,490,406,0.83,2.23,0
Rennes vs Stade Brestois 29,Stade Brestois 29,Rennes,Stade Brestois 29,3,1,3-1,7,5,14,2,9,5,22,7,4,0.39,3,0,2,300,218,0.73,0.82,0
Metz vs Paris Saint Germain,Metz,Metz,Paris Saint Germain,2,3,2-3,5,1,9,3,4,5,10,4,0,0.41,2,0,6,461,395,0.86,0.62,0
Metz vs Paris Saint Germain,Paris Saint Germain,Metz,Paris Saint Germain,2,3,2-3,9,4,14,1,10,4,10,4,0,0.59,1,0,3,681,627,0.92,1.85,0
Paris FC vs Toulouse,Paris FC,Paris FC,Toulouse,0,3,0-3,2,4,9,3,3,6,12,7,2,0.65,3,0,1,607,548,0.9,0.46,0
Paris FC vs Toulouse,Toulouse,Paris FC,Toulouse,0,3,0-3,4,3,7,0,7,0,14,4,2,0.35,1,0,2,321,264,0.82,2.54,0
Lyon vs Le Havre,Lyon,Lyon,Le Havre,1,0,1-0,4,8,18,6,14,4,14,5,2,0.57,2,0,4,368,310,0.84,2.56,0
Lyon vs Le Havre,Le Havre,Lyon,Le Havre,1,0,1-0,4,6,10,0,7,3,18,4,3,0.43,4,0,3,271,213,0.79,1.31,0
Strasbourg vs Lorient,Strasbourg,Strasbourg,Lorient,0,0,0-0,2,6,12,4,7,5,6,11,1,0.63,1,0,2,688,641,0.93,0.69,0
Strasbourg vs Lorient,Lorient,Strasbourg,Lorient,0,0,0-0,2,7,9,0,5,4,3,3,2,0.37,0,0,1,421,361,0.86,0.53,0
Auxerre vs Lille,Auxerre,Auxerre,Lille,3,4,3-4,8,5,18,5,13,5,21,10,0,0.45,5,2,1,350,300,0.86,2.97,0
Auxerre vs Lille,Lille,Auxerre,Lille,3,4,3-4,5,1,8,2,4,4,10,3,0,0.55,2,2,6,449,376,0.84,0.52,0
Lens vs Nice,Lens,Lens,Nice,2,0,2-0,5,5,15,5,8,7,17,2,0,0.46,0,0,4,418,344,0.82,1.65,-1
Lens vs Nice,Nice,Lens,Nice,2,0,2-0,4,2,8,2,4,4,13,5,2,0.54,2,0,4,493,421,0.85,0.76,-1
Marseille vs Monaco,Marseille,Marseille,Monaco,1,0,1-0,8,6,18,4,12,6,11,3,0,0.58,2,0,5,495,406,0.82,1.79,1
Marseille vs Monaco,Monaco,Marseille,Monaco,1,0,1-0,7,4,18,7,12,6,11,7,6,0.42,1,0,6,348,285,0.82,2.21,1
Toulouse vs Lens,Toulouse,Toulouse,Lens,0,3,0-3,2,3,8,3,6,2,16,2,0,0.32,2,1,4,268,199,0.74,0.66,0
Toulouse vs Lens,Lens,Toulouse,Lens,0,3,0-3,7,8,16,1,11,5,16,8,0,0.68,3,0,2,571,509,0.89,1.62,0
Monaco vs Lyon,Monaco,Monaco,Lyon,1,3,1-3,2,1,6,3,2,4,14,7,0,0.45,2,1,6,371,303,0.82,0.69,0
Monaco vs Lyon,Lyon,Monaco,Lyon,1,3,1-3,9,3,13,1,7,6,12,2,0,0.55,3,0,1,478,407,0.85,1.4,0
Nice vs Strasbourg,Nice,Nice,Strasbourg,1,1,1-1,6,9,19,4,13,6,12,5,1,0.45,1,0,2,443,384,0.87,2.75,0
Nice vs Strasbourg,Strasbourg,Nice,Strasbourg,1,1,1-1,5,2,8,1,6,2,12,7,1,0.55,2,0,5,541,468,0.87,1.35,0
Lille vs Rennes,Lille,Lille,Rennes,0,2,0-2,3,5,13,5,9,4,4,4,0,0.39,1,1,2,380,315,0.83,0.85,0
Lille vs Rennes,Rennes,Lille,Rennes,0,2,0-2,4,9,18,5,12,6,14,7,2,0.61,1,0,3,605,540,0.89,1.57,0
Marseille vs Nantes,Marseille,Marseille,Nantes,0,2,0-2,4,4,11,3,6,5,17,6,3,0.56,2,2,7,466,406,0.87,0.75,0
Marseille vs Nantes,Nantes,Marseille,Nantes,0,2,0-2,9,2,15,4,12,3,20,3,4,0.44,3,0,4,380,325,0.86,3.63,0
Lorient vs Metz,Lorient,Lorient,Metz,1,1,1-1,5,8,16,3,11,5,9,4,3,0.43,1,0,1,433,365,0.84,1.44,0
Lorient vs Metz,Metz,Lorient,Metz,1,1,1-1,2,3,8,3,4,4,8,4,1,0.57,2,0,4,581,522,0.9,0.41,0
Stade Brestois 29 vs Auxerre,Stade Brestois 29,Stade Brestois 29,Auxerre,2,0,2-0,4,4,11,3,7,4,16,7,1,0.5,3,0,1,451,369,0.82,1.88,0
Stade Brestois 29 vs Auxerre,Auxerre,Stade Brestois 29,Auxerre,2,0,2-0,1,5,10,4,7,3,9,6,0,0.5,2,0,2,450,374,0.83,0.74,0
Le Havre vs Angers,Le Havre,Le Havre,Angers,2,1,2-1,6,3,11,2,8,3,15,6,1,0.5,1,0,2,398,325,0.82,1.02,0
Le Havre vs Angers,Angers,Le Havre,Angers,2,1,2-1,3,3,9,3,6,3,8,6,2,0.5,1,0,3,409,313,0.77,0.55,0
Paris Saint Germain vs Paris FC,Paris Saint Germain,Paris Saint Germain,Paris FC,2,1,2-1,6,10,20,4,11,9,7,7,0,0.7,1,0,2,782,708,0.91,1.71,0
Paris Saint Germain vs Paris FC,Paris FC,Paris Saint Germain,Paris FC,2,1,2-1,3,3,6,0,3,3,4,1,2,0.3,0,0,4,332,262,0.79,1.01,0
Monaco vs Lorient,Monaco,Monaco,Lorient,1,3,1-3,7,5,14,2,9,5,16,4,0,0.62,1,0,1,583,527,0.9,1.25,1
Monaco vs Lorient,Lorient,Monaco,Lorient,1,3,1-3,4,7,14,3,8,6,9,3,1,0.38,0,0,6,371,320,0.86,1.38,1
Paris Saint Germain vs Lille,Paris Saint Germain,Paris Saint Germain,Lille,3,0,3-0,7,4,13,2,6,7,14,4,1,0.61,0,0,4,705,645,0.91,1.4,0
Paris Saint Germain vs Lille,Lille,Paris Saint Germain,Lille,3,0,3-0,4,2,7,1,5,2,6,2,3,0.39,1,0,4,436,369,0.85,1.14,0
Lens vs Auxerre,Lens,Lens,Auxerre,1,0,1-0,7,7,19,5,13,6,19,1,2,0.48,2,0,0,407,329,0.81,2.66,0
Lens vs Auxerre,Auxerre,Lens,Auxerre,1,0,1-0,0,4,5,1,5,0,20,5,0,0.52,5,0,6,434,335,0.77,0.55,0
Toulouse vs Nice,Toulouse,Toulouse,Nice,5,1,5-1,10,7,22,5,17,5,12,6,0,0.43,1,0,5,387,323,0.83,1.84,-1
Toulouse vs Nice,Nice,Toulouse,Nice,5,1,5-1,6,5,15,4,13,2,17,7,1,0.57,2,0,4,516,439,0.85,1.99,-1
Angers vs Marseille,Angers,Angers,Marseille,2,5,2-5,3,2,7,2,6,1,9,6,1,0.34,1,0,6,356,301,0.85,0.94,0
Angers vs Marseille,Marseille,Angers,Marseille,2,5,2-5,11,8,23,4,14,9,8,2,1,0.66,1,0,1,725,673,0.93,3.28,0
Strasbourg vs Metz,Strasbourg,Strasbourg,Metz,2,1,2-1,6,3,14,5,8,6,12,4,2,0.48,2,0,1,479,433,0.9,1.12,0
Strasbourg vs Metz,Metz,Strasbourg,Metz,2,1,2-1,2,4,9,3,4,5,12,1,1,0.52,3,0,5,525,463,0.88,1.08,0
Nantes vs Paris FC,Nantes,Nantes,Paris FC,1,2,1-2,1,3,5,1,2,3,16,1,3,0.48,1,0,1,465,398,0.86,0.36,0
Nantes vs Paris FC,Paris FC,Nantes,Paris FC,1,2,1-2,3,2,10,5,5,5,14,2,0,0.52,3,0,1,501,428,0.85,0.97,0
Rennes vs Le Havre,Rennes,Rennes,Le Havre,1,1,1-1,7,5,19,7,10,9,18,10,5,0.54,1,0,3,392,315,0.8,2.61,0
Rennes vs Le Havre,Le Havre,Rennes,Le Havre,1,1,1-1,4,1,7,2,2,5,14,6,1,0.46,4,0,6,341,249,0.73,0.75,0
Lyon vs Stade Brestois 29,Lyon,Lyon,Stade Brestois 29,2,1,2-1,6,5,19,8,11,8,18,5,2,0.71,2,0,1,645,586,0.91,1.53,1
Lyon vs Stade Brestois 29,Stade Brestois 29,Lyon,Stade Brestois 29,2,1,2-1,2,3,5,0,4,1,8,0,1,0.29,0,1,4,264,185,0.7,0.69,1
Auxerre vs Paris Saint Germain,Auxerre,Auxerre,Paris Saint Germain,0,1,0-1,0,5,8,3,4,4,10,2,2,0.31,0,0,7,303,234,0.77,0.33,0
Auxerre vs Paris Saint Germain,Paris Saint Germain,Auxerre,Paris Saint Germain,0,1,0-1,8,3,16,5,9,7,12,7,0,0.69,1,0,0,692,623,0.9,2.22,0
Rennes vs Lorient,Rennes,Rennes,Lorient,0,2,0-2,5,10,22,7,13,9,18,9,3,0.69,2,0,2,546,483,0.88,1.76,1
Rennes vs Lorient,Lorient,Rennes,Lorient,0,2,0-2,4,1,6,1,5,1,7,3,1,0.31,0,0,5,259,175,0.68,1.29,1
Le Havre vs Monaco,Le Havre,Le Havre,Monaco,0,0,0-0,1,4,7,2,3,4,9,5,1,0.47,0,0,2,349,266,0.76,0.25,0
Le Havre vs Monaco,Monaco,Le Havre,Monaco,0,0,0-0,2,7,10,1,6,4,20,6,5,0.53,3,0,0,402,334,0.83,0.5,0
Marseille vs Lens,Marseille,Marseille,Lens,3,1,3-1,5,2,10,3,4,6,18,2,1,0.54,0,0,1,556,497,0.89,1.0,0
Marseille vs Lens,Lens,Marseille,Lens,3,1,3-1,2,2,7,3,4,3,16,2,4,0.46,3,0,2,471,411,0.87,1.01,0
Nantes vs Nice,Nantes,Nantes,Nice,1,4,1-4,5,11,20,4,14,6,11,4,0,0.56,2,0,0,447,337,0.75,1.59,0
Nantes vs Nice,Nice,Nantes,Nice,1,4,1-4,4,3,7,0,4,3,15,2,3,0.44,3,0,5,370,270,0.73,1.12,0
Stade Brestois 29 vs Toulouse,Stade Brestois 29,Stade Brestois 29,Toulouse,0,2,0-2,5,5,13,3,6,7,16,3,1,0.55,2,0,3,498,399,0.8,1.0,0
Stade Brestois 29 vs Toulouse,Toulouse,Stade Brestois 29,Toulouse,0,2,0-2,5,2,8,1,4,4,16,2,4,0.45,3,0,4,422,340,0.81,0.37,0
Metz vs Lyon,Metz,Metz,Lyon,2,5,2-5,6,2,15,7,7,8,10,6,4,0.53,1,0,5,470,404,0.86,1.3,0
Metz vs Lyon,Lyon,Metz,Lyon,2,5,2-5,10,1,13,2,10,3,5,4,2,0.47,0,0,4,432,355,0.82,2.59,0
Paris FC vs Angers,Paris FC,Paris FC,Angers,0,0,0-0,1,5,8,2,6,2,14,2,2,0.63,1,0,1,624,545,0.87,0.8,0
Paris FC vs Angers,Angers,Paris FC,Angers,0,0,0-0,1,4,7,2,5,2,7,1,1,0.37,1,0,1,365,287,0.79,0.64,0
Lille vs Strasbourg,Lille,Lille,Strasbourg,1,4,1-4,6,11,20,3,17,3,11,8,0,0.47,2,0,2,414,350,0.85,1.89,1
Lille vs Strasbourg,Strasbourg,Lille,Strasbourg,1,4,1-4,6,6,15,3,11,4,13,1,1,0.53,2,0,5,481,421,0.88,3.19,1
Lens vs Le Havre,Lens,Lens,Le Havre,1,0,1-0,3,9,15,3,10,5,20,4,0,0.54,1,0,2,473,399,0.84,2.08,0
Lens vs Le Havre,Le Havre,Lens,Le Havre,1,0,1-0,2,5,8,1,4,4,10,3,0,0.46,2,0,2,410,319,0.78,0.55,0
Paris FC vs Marseille,Paris FC,Paris FC,Marseille,2,2,2-2,4,3,9,2,7,2,12,4,5,0.52,1,0,2,492,429,0.87,1.53,0
Paris FC vs Marseille,Marseille,Paris FC,Marseille,2,2,2-2,4,9,18,5,15,3,15,4,1,0.48,4,0,2,464,397,0.86,2.63,0
Lorient vs Nantes,Lorient,Lorient,Nantes,2,1,2-1,4,1,5,0,3,2,12,1,2,0.57,4,0,1,566,495,0.87,0.52,0
Lorient vs Nantes,Nantes,Lorient,Nantes,2,1,2-1,2,6,10,2,8,2,18,4,2,0.43,5,0,2,419,352,0.84,1.42,0
Monaco vs Rennes,Monaco,Monaco,Rennes,4,0,4-0,6,5,14,3,14,0,15,5,3,0.46,1,0,4,418,331,0.79,2.21,-1
Monaco vs Rennes,Rennes,Monaco,Rennes,4,0,4-0,4,3,8,1,7,1,9,2,5,0.54,2,0,2,496,413,0.83,0.38,-1
Lyon vs Lille,Lyon,Lyon,Lille,1,0,1-0,2,1,3,1,3,0,15,2,1,0.42,1,0,4,415,338,0.81,0.54,0
Lyon vs Lille,Lille,Lyon,Lille,1,0,1-0,4,5,11,2,3,8,11,7,1,0.58,4,0,1,560,500,0.89,0.53,0
Angers vs Metz,Angers,Angers,Metz,1,0,1-0,7,5,17,5,12,5,11,4,1,0.67,2,0,1,666,613,0.92,1.5,0
Angers vs Metz,Metz,Angers,Metz,1,0,1-0,0,2,5,3,4,1,11,3,1,0.33,2,1,6,328,262,0.8,0.45,0
Nice vs Stade Brestois 29,Nice,Nice,Stade Brestois 29,2,2,2-2,7,2,15,6,10,5,15,6,1,0.6,5,0,1,507,427,0.84,1.2,0
Nice vs Stade Brestois 29,Stade Brestois 29,Nice,Stade Brestois 29,2,2,2-2,2,6,12,4,6,6,21,5,0,0.4,3,0,5,338,261,0.77,1.68,0
Toulouse vs Auxerre,Toulouse,Toulouse,Auxerre,0,0,0-0,4,4,12,4,5,7,12,5,2,0.5,1,0,2,459,382,0.83,0.7,0
Toulouse vs Auxerre,Auxerre,Toulouse,Auxerre,0,0,0-0,2,4,8,2,5,3,13,4,1,0.5,2,0,4,463,376,0.81,0.91,0
Strasbourg vs Paris Saint Germain,Strasbourg,Strasbourg,Paris Saint Germain,1,2,1-2,4,2,9,3,9,0,8,5,5,0.32,1,0,2,319,269,0.84,2.31,0
Strasbourg vs Paris Saint Germain,Paris Saint Germain,Strasbourg,Paris Saint Germain,1,2,1-2,4,4,13,5,10,3,6,6,0,0.68,0,1,3,698,636,0.91,1.34,0
Metz vs Lille,Metz,Metz,Lille,0,0,0-0,2,3,6,1,2,4,12,1,3,0.42,1,0,2,318,254,0.8,0.63,0
Metz vs Lille,Lille,Metz,Lille,0,0,0-0,2,8,16,6,12,4,9,6,1,0.58,1,0,2,442,370,0.84,1.65,0
Lens vs Rennes,Lens,Lens,Rennes,3,1,3-1,3,3,9,3,4,5,13,4,2,0.51,4,1,0,432,365,0.84,1.16,-1
Lens vs Rennes,Rennes,Lens,Rennes,3,1,3-1,1,8,14,5,9,5,17,4,1,0.49,2,0,0,398,340,0.85,1.5,-1
Stade Brestois 29 vs Lorient,Stade Brestois 29,Stade Brestois 29,Lorient,2,0,2-0,5,4,12,3,7,5,11,7,2,0.42,2,0,2,360,281,0.78,1.73,0
Stade Brestois 29 vs Lorient,Lorient,Stade Brestois 29,Lorient,2,0,2-0,2,7,13,4,4,9,10,7,1,0.58,0,0,2,515,443,0.86,0.74,0
Nantes vs Lyon,Nantes,Nantes,Lyon,0,1,0-1,2,8,13,3,8,5,13,5,3,0.54,4,0,2,436,363,0.83,0.76,0
Nantes vs Lyon,Lyon,Nantes,Lyon,0,1,0-1,3,6,10,1,8,2,11,4,0,0.46,2,1,2,390,321,0.82,1.41,0
Nice vs Monaco,Nice,Nice,Monaco,0,0,0-0,3,7,13,3,5,8,10,8,2,0.44,2,0,2,328,242,0.74,0.57,0
Nice vs Monaco,Monaco,Nice,Monaco,0,0,0-0,2,6,10,2,8,2,11,6,1,0.56,2,0,3,433,337,0.78,0.62,0
Angers vs Toulouse,Angers,Angers,Toulouse,1,0,1-0,4,7,12,1,6,6,11,3,1,0.51,3,0,5,473,411,0.87,1.03,0
Angers vs Toulouse,Toulouse,Angers,Toulouse,1,0,1-0,5,5,12,2,4,8,16,5,0,0.49,2,0,3,446,377,0.85,0.51,0
Auxerre vs Paris FC,Auxerre,Auxerre,Paris FC,0,0,0-0,2,6,12,4,8,4,8,7,2,0.49,1,0,4,415,340,0.82,0.94,0
Auxerre vs Paris FC,Paris FC,Auxerre,Paris FC,0,0,0-0,4,3,7,0,6,1,11,4,3,0.51,4,0,2,455,384,0.84,0.77,0
Le Havre vs Strasbourg,Le Havre,Le Havre,Strasbourg,2,1,2-1,7,5,15,3,9,6,15,9,2,0.51,2,0,2,388,332,0.86,0.91,0
Le Havre vs Strasbourg,Strasbourg,Le Havre,Strasbourg,2,1,2-1,3,1,10,6,5,5,12,3,1,0.49,1,1,5,387,331,0.86,0.42,0
Paris Saint Germain vs Marseille,Paris Saint Germain,Paris Saint Germain,Marseille,5,0,5-0,7,12,22,3,20,2,11,5,3,0.58,2,0,3,548,491,0.9,4.39,-2
Paris Saint Germain vs Marseille,Marseille,Paris Saint Germain,Marseille,5,0,5-0,3,2,9,4,5,4,18,2,1,0.42,2,0,3,395,321,0.81,0.66,-2
