player_id,name,team,position,minutes,goals,assists,shots_total,shots_on,passes_total,accurate_passes,tackles,interceptions,fouls_committed,fouls_drawn,yellow_cards,red_cards,duels_won,duels_total,goals_per_90,assists_per_90,shots_accuracy,pass_accuracy_pct,duel_success_rate,defensive_contrib_per_90,discipline_index
0,Mathis Jangeal,Paris Saint Germain,F,10,0.0,0.0,0.0,0.0,9,9.0,0.0,0.0,1.0,0.0,0,0,0.0,2.0,0.0,0.0,,100.0,0.0,0.0,2.25
0,Pape Cabral,Monaco,M,9,0.0,0.0,1.0,1.0,13,13.0,1.0,1.0,0.0,0.0,0,0,1.0,3.0,0.0,0.0,1.0,100.0,33.333,20.0,0.0
6,Leonardo Balerdi,Marseille,D,566,0.0,0.0,5.0,2.0,458,435.0,17.0,6.0,6.0,7.0,2,0,39.0,58.0,0.0,0.0,0.4,94.978,67.241,3.657,0.557
9,Achraf Hakimi,Paris Saint Germain,D,385,0.0,0.0,3.0,1.0,365,335.0,8.0,2.0,4.0,3.0,1,0,13.0,39.0,0.0,0.0,0.333,91.781,33.333,2.338,0.468
9,Achraf Hakimi,Paris Saint Germain,F,90,0.0,0.0,2.0,1.0,78,67.0,3.0,0.0,1.0,2.0,0,0,7.0,11.0,0.0,0.0,0.5,85.897,63.636,3.0,0.25
33,Lucas Hernández,Paris Saint Germain,D,399,0.0,0.0,2.0,1.0,371,347.0,2.0,4.0,9.0,5.0,2,0,15.0,31.0,0.0,0.0,0.5,93.531,48.387,1.353,0.959
68,Clinton Mata,Lyon,D,703,0.0,0.0,2.0,0.0,516,476.0,10.0,6.0,5.0,7.0,2,0,21.0,38.0,0.0,0.0,0.0,92.248,55.263,2.048,0.416
81,Krépin Diatta,Monaco,D,90,0.0,0.0,0.0,0.0,51,45.0,2.0,1.0,1.0,1.0,0,0,8.0,12.0,0.0,0.0,,88.235,66.667,3.0,0.25
81,Krépin Diatta,Monaco,M,192,0.0,1.0,1.0,0.0,100,79.0,8.0,6.0,1.0,3.0,0,0,14.0,21.0,0.0,0.469,0.0,79.0,66.667,6.562,0.117
102,Djibril Sidibé,Toulouse,D,249,1.0,0.0,1.0,1.0,107,85.0,5.0,1.0,4.0,1.0,1,0,8.0,14.0,0.361,0.0,1.0,79.439,57.143,2.169,0.723
102,Djibril Sidibé,Toulouse,M,234,0.0,0.0,1.0,0.0,89,62.0,4.0,3.0,3.0,2.0,0,0,9.0,13.0,0.0,0.0,0.0,69.663,69.231,2.692,0.288
105,Fodé Ballo-Touré,Metz,D,71,0.0,0.0,0.0,0.0,67,62.0,1.0,2.0,1.0,5.0,0,0,9.0,12.0,0.0,0.0,,92.537,75.0,3.803,0.317
105,Fodé Ballo-Touré,Metz,M,154,0.0,0.0,1.0,0.0,65,60.0,5.0,0.0,0.0,2.0,0,0,10.0,15.0,0.0,0.0,0.0,92.308,66.667,2.922,0.0
107,Sofiane Diop,Nice,F,386,4.0,1.0,9.0,5.0,157,120.0,2.0,2.0,6.0,12.0,2,0,20.0,46.0,0.933,0.233,0.556,76.433,43.478,0.933,0.816
107,Sofiane Diop,Nice,M,73,0.0,0.0,1.0,0.0,40,34.0,1.0,1.0,0.0,2.0,0,0,6.0,12.0,0.0,0.0,0.0,85.0,50.0,2.466,0.0
109,Aleksandr Golovin,Monaco,M,248,0.0,0.0,1.0,0.0,115,95.0,4.0,2.0,5.0,2.0,0,0,11.0,26.0,0.0,0.0,0.0,82.609,42.308,2.177,0.454
120,Willem Geubbels,Paris FC,F,362,1.0,0.0,11.0,3.0,76,57.0,0.0,0.0,6.0,1.0,0,0,13.0,39.0,0.249,0.0,0.273,75.0,33.333,0.0,0.373
153,Ousmane Dembélé,Paris Saint Germain,F,181,2.0,1.0,7.0,2.0,163,143.0,2.0,0.0,1.0,1.0,0,0,9.0,19.0,0.994,0.497,0.286,87.73,47.368,0.994,0.124
175,Eric Dier,Monaco,D,540,1.0,0.0,2.0,2.0,485,450.0,5.0,8.0,6.0,3.0,0,0,18.0,36.0,0.167,0.0,1.0,92.784,50.0,2.167,0.25
231,Jordan Teze,Monaco,D,317,0.0,0.0,1.0,0.0,162,134.0,18.0,4.0,2.0,4.0,1,0,27.0,43.0,0.0,0.0,0.0,82.716,62.791,6.246,0.426
231,Jordan Teze,Monaco,M,264,0.0,0.0,2.0,1.0,144,120.0,2.0,1.0,6.0,2.0,1,0,4.0,20.0,0.0,0.0,0.5,83.333,20.0,1.023,0.852
240,Pablo Rosario,Nice,M,28,0.0,0.0,2.0,1.0,16,15.0,1.0,0.0,0.0,0.0,0,0,3.0,5.0,0.0,0.0,0.5,93.75,60.0,3.214,0.0
257,Marquinhos,Paris Saint Germain,D,180,0.0,0.0,0.0,0.0,179,169.0,6.0,0.0,0.0,0.0,0,0,12.0,15.0,0.0,0.0,,94.413,80.0,3.0,0.0
261,Thilo Kehrer,Monaco,D,308,0.0,0.0,5.0,1.0,305,271.0,7.0,2.0,3.0,3.0,2,1,23.0,34.0,0.0,0.0,0.2,88.852,67.647,2.63,1.388
264,Thomas Meunier,Lille,D,341,0.0,0.0,3.0,0.0,148,118.0,2.0,5.0,3.0,0.0,1,0,5.0,15.0,0.0,0.0,0.0,79.73,33.333,1.848,0.462
272,Adrien Rabiot,Marseille,M,90,0.0,0.0,1.0,0.0,41,39.0,0.0,0.0,2.0,1.0,1,0,1.0,5.0,0.0,0.0,0.0,95.122,20.0,0.0,1.5
328,Fabián Ruiz,Paris Saint Germain,M,350,1.0,1.0,4.0,2.0,410,378.0,4.0,4.0,0.0,1.0,0,0,6.0,13.0,0.257,0.257,0.5,92.195,46.154,2.057,0.0
375,Chancel Mbemba,Lille,D,226,0.0,0.0,1.0,1.0,164,155.0,11.0,1.0,4.0,2.0,2,0,19.0,30.0,0.0,0.0,1.0,94.512,63.333,4.779,1.195
407,Benjamin Stambouli,Metz,M,444,0.0,0.0,2.0,0.0,224,180.0,10.0,3.0,7.0,2.0,0,0,18.0,36.0,0.0,0.0,0.0,80.357,50.0,2.635,0.355
409,Nabil Bentaleb,Lille,M,200,1.0,0.0,4.0,3.0,166,141.0,2.0,0.0,3.0,4.0,1,0,10.0,16.0,0.45,0.0,0.75,84.94,62.5,0.9,0.788
421,Breel Embolo,Rennes,F,362,2.0,0.0,7.0,5.0,59,39.0,4.0,2.0,12.0,8.0,0,0,17.0,46.0,0.497,0.0,0.714,66.102,36.957,1.492,0.746
483,Khvicha Kvaratskhelia,Paris Saint Germain,F,234,0.0,0.0,8.0,3.0,132,116.0,4.0,2.0,2.0,8.0,0,0,19.0,37.0,0.0,0.0,0.375,87.879,51.351,2.308,0.192
519,Corentin Tolisso,Lyon,F,90,0.0,0.0,2.0,0.0,32,26.0,0.0,0.0,2.0,3.0,0,0,7.0,15.0,0.0,0.0,0.0,81.25,46.667,0.0,0.5
519,Corentin Tolisso,Lyon,M,606,2.0,0.0,9.0,7.0,354,302.0,10.0,7.0,12.0,12.0,1,0,40.0,83.0,0.297,0.0,0.778,85.311,48.193,2.525,0.594
529,Nicolás Tagliafico,Lyon,D,346,0.0,1.0,3.0,0.0,194,168.0,9.0,4.0,8.0,9.0,1,0,26.0,48.0,0.0,0.26,0.0,86.598,54.167,3.382,0.78
647,Anthony Lopes,Nantes,G,720,0.0,0.0,0.0,0.0,306,242.0,0.0,0.0,0.0,6.0,1,0,9.0,11.0,0.0,0.0,,79.085,81.818,0.0,0.125
664,Lucas Tousart,Stade Brestois 29,M,26,0.0,0.0,0.0,0.0,9,9.0,3.0,1.0,2.0,0.0,0,0,3.0,9.0,0.0,0.0,,100.0,33.333,13.846,1.731
896,Angel Gomes,Marseille,M,575,1.0,0.0,5.0,2.0,412,376.0,6.0,1.0,11.0,5.0,2,0,18.0,38.0,0.157,0.0,0.4,91.262,47.368,1.096,0.743
897,Mason Greenwood,Marseille,F,211,0.0,0.0,3.0,1.0,122,102.0,0.0,0.0,2.0,0.0,0,0,5.0,18.0,0.0,0.0,0.333,83.607,27.778,0.0,0.213
897,Mason Greenwood,Marseille,M,394,6.0,3.0,16.0,10.0,226,190.0,1.0,2.0,2.0,7.0,0,0,12.0,29.0,1.371,0.685,0.625,84.071,41.379,0.685,0.114
924,Francis Coquelin,Nantes,M,151,0.0,0.0,1.0,1.0,69,59.0,2.0,2.0,3.0,1.0,1,0,7.0,11.0,0.0,0.0,1.0,85.507,63.636,2.384,1.043
926,Geoffrey Kondogbia,Marseille,D,45,0.0,0.0,0.0,0.0,40,37.0,0.0,0.0,0.0,0.0,0,0,0.0,0.0,0.0,0.0,,92.5,,0.0,0.0
926,Geoffrey Kondogbia,Marseille,M,61,0.0,0.0,0.0,0.0,57,52.0,2.0,0.0,0.0,1.0,0,0,7.0,9.0,0.0,0.0,,91.228,77.778,2.951,0.0
927,Kang-in Lee,Paris Saint Germain,M,414,0.0,0.0,7.0,4.0,324,302.0,4.0,1.0,4.0,4.0,1,0,14.0,31.0,0.0,0.0,0.571,93.21,45.161,1.087,0.435
943,Ulisses Garcia,Marseille,D,147,0.0,0.0,1.0,0.0,61,55.0,3.0,0.0,2.0,1.0,1,0,6.0,10.0,0.0,0.0,0.0,90.164,60.0,1.837,0.918
961,Felix Mambimbi,Le Havre,F,138,0.0,0.0,3.0,1.0,24,15.0,3.0,2.0,6.0,1.0,0,0,7.0,20.0,0.0,0.0,0.333,62.5,35.0,3.261,0.978
963,Lukáš Hrádecký,Monaco,G,259,0.0,0.0,0.0,0.0,98,71.0,1.0,0.0,0.0,0.0,0,0,3.0,3.0,0.0,0.0,,72.449,100.0,0.347,0.0
1031,Igor Silva,Lorient,D,270,0.0,0.0,1.0,0.0,158,138.0,3.0,5.0,4.0,3.0,1,0,10.0,16.0,0.0,0.0,0.0,87.342,62.5,2.667,0.667
1101,Takumi Minamino,Monaco,F,74,0.0,0.0,0.0,0.0,10,6.0,0.0,0.0,1.0,0.0,0,0,1.0,6.0,0.0,0.0,,60.0,16.667,0.0,0.304
1101,Takumi Minamino,Monaco,M,421,2.0,2.0,6.0,3.0,149,114.0,1.0,1.0,4.0,1.0,1,0,4.0,24.0,0.428,0.428,0.5,76.51,16.667,0.428,0.428
1135,Odsonne Édouard,Lens,F,248,2.0,0.0,5.0,4.0,49,42.0,1.0,0.0,3.0,2.0,1,0,11.0,31.0,0.726,0.0,0.8,85.714,35.484,0.363,0.635
1138,Timothy Weah,Marseille,D,151,0.0,0.0,1.0,0.0,75,64.0,5.0,1.0,0.0,0.0,0,0,9.0,15.0,0.0,0.0,0.0,85.333,60.0,3.576,0.0
1138,Timothy Weah,Marseille,F,64,0.0,0.0,0.0,0.0,44,40.0,3.0,1.0,2.0,0.0,0,0,3.0,7.0,0.0,0.0,,90.909,42.857,5.625,0.703
1138,Timothy Weah,Marseille,M,260,0.0,0.0,2.0,2.0,90,77.0,7.0,2.0,4.0,3.0,1,0,13.0,20.0,0.0,0.0,1.0,85.556,65.0,3.115,0.692
1142,Yvon Mvogo,Lorient,G,450,0.0,0.0,0.0,0.0,153,109.0,0.0,0.0,0.0,1.0,0,0,2.0,2.0,0.0,0.0,,71.242,100.0,0.0,0.0
1337,Berke Özer,Lille,G,630,0.0,1.0,0.0,0.0,252,198.0,1.0,0.0,0.0,5.0,0,0,8.0,11.0,0.0,0.143,,78.571,72.727,0.143,0.0
1456,Ainsley Maitland-Niles,Lyon,D,630,0.0,2.0,6.0,2.0,325,287.0,17.0,11.0,7.0,2.0,0,0,25.0,53.0,0.0,0.286,0.333,88.308,47.17,4.0,0.25
1456,Ainsley Maitland-Niles,Lyon,M,90,0.0,0.0,0.0,0.0,23,13.0,1.0,2.0,3.0,1.0,0,0,5.0,9.0,0.0,0.0,,56.522,55.556,3.0,0.75
1465,Pierre-Emerick Aubameyang,Marseille,F,338,3.0,1.0,7.0,6.0,70,57.0,2.0,1.0,4.0,2.0,0,0,8.0,22.0,0.799,0.266,0.857,81.429,36.364,0.799,0.266
1567,Aïssa Mandi,Lille,D,463,0.0,0.0,0.0,0.0,305,273.0,8.0,9.0,6.0,5.0,2,0,20.0,32.0,0.0,0.0,,89.508,62.5,3.305,0.68
1800,Kevin Trapp,Paris FC,G,90,0.0,0.0,0.0,0.0,31,24.0,0.0,0.0,0.0,1.0,0,0,1.0,1.0,0.0,0.0,,77.419,100.0,0.0,0.0
1910,Maxime López,Paris FC,M,720,0.0,2.0,4.0,4.0,681,629.0,9.0,1.0,13.0,3.0,1,0,15.0,47.0,0.0,0.25,1.0,92.364,31.915,1.25,0.531
1914,Morgan Sanson,Nice,M,100,0.0,0.0,1.0,0.0,40,35.0,2.0,0.0,4.0,2.0,0,0,5.0,19.0,0.0,0.0,0.0,87.5,26.316,1.8,0.9
1922,Florian Thauvin,Lens,F,593,2.0,0.0,11.0,6.0,252,195.0,8.0,2.0,5.0,13.0,3,0,36.0,83.0,0.304,0.0,0.545,77.381,43.373,1.518,0.645
1945,Mbwana Ally Samatta,Le Havre,F,457,0.0,0.0,9.0,3.0,82,58.0,2.0,1.0,10.0,6.0,2,0,22.0,65.0,0.0,0.0,0.333,70.732,33.846,0.591,0.886
2096,Arnaud Bodart,Lille,G,90,0.0,0.0,0.0,0.0,31,24.0,0.0,0.0,0.0,0.0,0,0,0.0,0.0,0.0,0.0,,77.419,,0.0,0.0
2181,Georgiy Tsitaishvili,Metz,D,90,0.0,0.0,0.0,0.0,23,17.0,2.0,0.0,3.0,1.0,0,0,7.0,16.0,0.0,0.0,,73.913,43.75,2.0,0.75
2181,Georgiy Tsitaishvili,Metz,F,75,0.0,0.0,2.0,0.0,26,20.0,1.0,0.0,0.0,1.0,0,0,4.0,8.0,0.0,0.0,0.0,76.923,50.0,1.2,0.0
2181,Georgiy Tsitaishvili,Metz,M,196,0.0,1.0,3.0,0.0,56,45.0,0.0,1.0,4.0,3.0,0,0,6.0,14.0,0.0,0.459,0.0,80.357,42.857,0.459,0.459
2202,Hamari Traoré,Paris FC,D,316,0.0,0.0,1.0,0.0,182,160.0,9.0,4.0,4.0,1.0,1,0,17.0,26.0,0.0,0.0,0.0,87.912,65.385,3.703,0.57
2204,Benjamin André,Lille,M,540,0.0,1.0,4.0,1.0,307,257.0,11.0,7.0,11.0,4.0,3,0,34.0,69.0,0.0,0.167,0.25,83.713,49.275,3.0,0.958
2214,Romain Del Castillo,Stade Brestois 29,F,221,0.0,0.0,1.0,1.0,81,60.0,11.0,4.0,4.0,1.0,0,0,18.0,38.0,0.0,0.0,1.0,74.074,47.368,6.109,0.407
2214,Romain Del Castillo,Stade Brestois 29,M,352,4.0,2.0,7.0,5.0,133,96.0,9.0,2.0,9.0,7.0,0,0,25.0,50.0,1.023,0.511,0.714,72.18,50.0,2.812,0.575
2284,Emerson Palmieri,Marseille,D,216,0.0,0.0,3.0,1.0,172,158.0,4.0,2.0,1.0,0.0,0,0,8.0,15.0,0.0,0.0,0.333,91.86,53.333,2.5,0.104
2284,Emerson Palmieri,Marseille,M,90,0.0,0.0,1.0,0.0,20,15.0,2.0,0.0,3.0,0.0,0,0,3.0,10.0,0.0,0.0,0.0,75.0,30.0,2.0,0.75
2295,Olivier Giroud,Lille,F,590,2.0,1.0,14.0,5.0,133,92.0,4.0,2.0,13.0,13.0,1,0,44.0,81.0,0.305,0.153,0.357,69.173,54.321,0.915,0.648
2336,Loic Négo,Le Havre,D,618,0.0,0.0,5.0,1.0,312,245.0,7.0,6.0,7.0,7.0,0,0,24.0,41.0,0.0,0.0,0.2,78.526,58.537,1.893,0.255
2483,Deiver Machado,Lens,M,211,0.0,0.0,4.0,1.0,74,63.0,1.0,3.0,3.0,6.0,0,0,10.0,25.0,0.0,0.0,0.25,85.135,40.0,1.706,0.32
2668,Mostafa Mohamed,Nantes,F,557,1.0,0.0,7.0,1.0,69,42.0,5.0,6.0,8.0,12.0,1,0,35.0,88.0,0.162,0.0,0.143,60.87,39.773,1.777,0.485
2725,Benjamin Pavard,Marseille,D,359,1.0,1.0,2.0,1.0,283,266.0,5.0,4.0,4.0,2.0,2,0,14.0,22.0,0.251,0.251,0.5,93.993,63.636,2.256,0.752
2735,Pierre-Emile Højbjerg,Marseille,M,659,1.0,0.0,12.0,4.0,576,540.0,3.0,5.0,11.0,10.0,0,0,28.0,49.0,0.137,0.0,0.333,93.75,57.143,1.093,0.376
2781,Moses Simon,Paris FC,F,390,2.0,2.0,7.0,4.0,79,63.0,0.0,4.0,2.0,6.0,0,0,9.0,37.0,0.462,0.462,0.571,79.747,24.324,0.923,0.115
2781,Moses Simon,Paris FC,M,201,0.0,0.0,4.0,1.0,49,43.0,2.0,1.0,0.0,0.0,0,0,10.0,26.0,0.0,0.0,0.25,87.755,38.462,1.343,0.0
2810,Denis Zakaria,Monaco,M,360,0.0,1.0,0.0,0.0,183,169.0,4.0,5.0,4.0,1.0,1,0,9.0,21.0,0.0,0.25,,92.35,42.857,2.25,0.5
2850,Karl-Johan Johnsson,Strasbourg,G,90,0.0,0.0,0.0,0.0,32,25.0,0.0,0.0,0.0,0.0,0,0,1.0,1.0,0.0,0.0,,78.125,100.0,0.0,0.0
2933,Ben Chilwell,Strasbourg,D,270,0.0,0.0,0.0,0.0,102,85.0,3.0,0.0,3.0,4.0,0,0,10.0,22.0,0.0,0.0,,83.333,45.455,1.0,0.25
2933,Ben Chilwell,Strasbourg,M,45,0.0,0.0,0.0,0.0,25,18.0,1.0,0.0,1.0,0.0,0,0,2.0,7.0,0.0,0.0,,72.0,28.571,2.0,0.5
2973,Amir Murillo,Marseille,D,408,2.0,0.0,2.0,2.0,206,177.0,8.0,1.0,12.0,6.0,4,0,20.0,46.0,0.441,0.0,1.0,85.922,43.478,1.985,1.544
2973,Amir Murillo,Marseille,M,78,0.0,0.0,1.0,0.0,37,30.0,0.0,0.0,1.0,1.0,0,0,3.0,4.0,0.0,0.0,0.0,81.081,75.0,0.0,0.288
3007,Przemysław Frankowski,Rennes,D,85,0.0,0.0,0.0,0.0,30,16.0,1.0,0.0,0.0,2.0,0,0,4.0,6.0,0.0,0.0,,53.333,66.667,1.059,0.0
3007,Przemysław Frankowski,Rennes,M,225,0.0,0.0,2.0,1.0,135,114.0,10.0,2.0,4.0,3.0,2,0,14.0,24.0,0.0,0.0,0.5,84.444,58.333,4.8,1.2
3240,Jean-Philippe Gbamin,Metz,D,651,1.0,0.0,2.0,1.0,537,482.0,19.0,4.0,5.0,1.0,0,0,31.0,55.0,0.138,0.0,0.5,89.758,56.364,3.18,0.173
4399,Hicham Boudaoui,Nice,M,617,1.0,2.0,8.0,5.0,253,214.0,6.0,8.0,9.0,12.0,2,0,27.0,63.0,0.146,0.292,0.625,84.585,42.857,2.042,0.62
6231,Facundo Medina,Marseille,D,146,0.0,0.0,0.0,0.0,133,127.0,4.0,0.0,3.0,3.0,0,0,8.0,13.0,0.0,0.0,,95.489,61.538,2.466,0.462
7313,Philipp Köhn,Monaco,G,461,0.0,0.0,0.0,0.0,114,102.0,0.0,1.0,0.0,1.0,0,0,2.0,2.0,0.0,0.0,,89.474,100.0,0.195,0.0
7578,Gideon Mensah,Auxerre,D,629,0.0,0.0,1.0,0.0,289,236.0,14.0,7.0,6.0,11.0,2,0,31.0,50.0,0.0,0.0,0.0,81.661,62.0,3.005,0.501
7578,Gideon Mensah,Auxerre,M,73,0.0,0.0,0.0,0.0,27,23.0,1.0,0.0,1.0,0.0,0,0,2.0,5.0,0.0,0.0,,85.185,40.0,1.233,0.308
8474,Thibault De Smet,Paris FC,D,413,0.0,0.0,2.0,0.0,264,232.0,6.0,1.0,4.0,7.0,0,0,17.0,28.0,0.0,0.0,0.0,87.879,60.714,1.525,0.218
8680,Charles Vanhoutte,Nice,M,432,0.0,1.0,0.0,0.0,244,205.0,12.0,4.0,7.0,1.0,2,0,27.0,44.0,0.0,0.208,,84.016,61.364,3.333,0.781
9363,Igor Paixão,Marseille,F,90,0.0,0.0,2.0,1.0,37,30.0,1.0,1.0,3.0,1.0,1,0,4.0,10.0,0.0,0.0,0.5,81.081,40.0,2.0,1.75
9363,Igor Paixão,Marseille,M,209,1.0,1.0,7.0,3.0,81,70.0,3.0,0.0,1.0,3.0,0,0,13.0,28.0,0.431,0.431,0.429,86.42,46.429,1.292,0.108
9700,Abner Vinícius,Lyon,D,393,0.0,0.0,2.0,1.0,168,144.0,7.0,2.0,6.0,2.0,2,0,13.0,27.0,0.0,0.0,0.5,85.714,48.148,2.061,0.802
10316,Caio Henrique,Monaco,D,413,0.0,0.0,0.0,0.0,210,166.0,5.0,2.0,4.0,4.0,1,0,11.0,27.0,0.0,0.0,,79.048,40.741,1.525,0.436
10316,Caio Henrique,Monaco,M,90,0.0,0.0,0.0,0.0,40,34.0,1.0,0.0,1.0,1.0,0,0,2.0,5.0,0.0,0.0,,85.0,40.0,1.0,0.25
15286,Mousa Tamari,Rennes,F,293,0.0,1.0,8.0,4.0,83,66.0,5.0,1.0,5.0,3.0,1,0,12.0,30.0,0.0,0.307,0.5,79.518,40.0,1.843,0.691
15793,Rasmus Nicolaisen,Toulouse,D,523,0.0,0.0,3.0,1.0,176,147.0,10.0,5.0,10.0,4.0,0,0,34.0,49.0,0.0,0.0,0.333,83.523,69.388,2.581,0.43
16367,Willian Pacho,Paris Saint Germain,D,318,0.0,0.0,1.0,0.0,306,299.0,9.0,2.0,1.0,1.0,0,0,12.0,16.0,0.0,0.0,0.0,97.712,75.0,3.113,0.071
18780,Rachid Ghezzal,Lyon,F,45,0.0,0.0,1.0,1.0,31,26.0,4.0,0.0,2.0,0.0,0,0,5.0,11.0,0.0,0.0,1.0,83.871,45.455,8.0,1.0
19030,Matt O'Riley,Marseille,M,371,1.0,1.0,3.0,2.0,236,210.0,5.0,4.0,8.0,0.0,1,0,8.0,28.0,0.243,0.243,0.667,88.983,28.571,2.183,0.728
19250,Billal Brahimi,Nice,F,8,0.0,0.0,0.0,0.0,3,3.0,0.0,0.0,0.0,0.0,0,0,0.0,0.0,0.0,0.0,,100.0,,0.0,0.0
19323,Joel Asoro,Metz,F,9,0.0,0.0,0.0,0.0,3,2.0,0.0,0.0,0.0,0.0,0,0,1.0,1.0,0.0,0.0,,66.667,100.0,0.0,0.0
19430,Nouha Dicko,Paris FC,F,45,1.0,1.0,2.0,1.0,7,4.0,0.0,0.0,3.0,1.0,0,0,3.0,10.0,2.0,2.0,0.5,57.143,30.0,0.0,1.5
19518,Maxime Colin,Metz,D,173,0.0,0.0,0.0,0.0,92,80.0,2.0,0.0,0.0,1.0,0,0,5.0,10.0,0.0,0.0,,86.957,50.0,1.04,0.0
19625,Danny Namaso,Auxerre,F,119,0.0,0.0,3.0,2.0,29,22.0,1.0,0.0,4.0,3.0,0,0,9.0,26.0,0.0,0.0,0.667,75.862,34.615,0.756,0.756
19625,Danny Namaso,Auxerre,M,439,2.0,0.0,7.0,3.0,124,97.0,7.0,1.0,12.0,12.0,1,0,32.0,76.0,0.41,0.0,0.429,78.226,42.105,1.64,0.82
20206,Gabriel Osho,Auxerre,D,134,0.0,0.0,0.0,0.0,74,69.0,3.0,1.0,2.0,1.0,0,0,6.0,11.0,0.0,0.0,,93.243,54.545,2.687,0.336
20521,Thomas Delaine,Le Havre,D,122,0.0,0.0,1.0,0.0,81,61.0,0.0,2.0,2.0,0.0,0,0,1.0,3.0,0.0,0.0,0.0,75.309,33.333,1.475,0.369
20525,Matthieu Udol,Lens,D,270,0.0,0.0,3.0,1.0,158,136.0,6.0,6.0,3.0,5.0,0,0,16.0,32.0,0.0,0.0,0.333,86.076,50.0,4.0,0.25
20525,Matthieu Udol,Lens,M,440,0.0,0.0,3.0,1.0,126,96.0,10.0,12.0,10.0,4.0,1,0,23.0,49.0,0.0,0.0,0.333,76.19,46.939,4.5,0.716
20529,Gauthier Hein,Metz,F,343,1.0,0.0,3.0,2.0,207,183.0,1.0,1.0,1.0,4.0,0,0,8.0,21.0,0.262,0.0,0.667,88.406,38.095,0.525,0.066
20529,Gauthier Hein,Metz,M,270,0.0,2.0,0.0,0.0,173,162.0,4.0,1.0,1.0,0.0,0,0,7.0,17.0,0.0,0.667,,93.642,41.176,1.667,0.083
20534,Cheick Tidiane Sabaly,Metz,F,450,0.0,1.0,1.0,0.0,103,83.0,10.0,3.0,4.0,7.0,0,0,21.0,54.0,0.0,0.2,0.0,80.583,38.889,2.6,0.2
20535,Habib Diallo,Metz,F,433,1.0,0.0,5.0,4.0,49,35.0,0.0,1.0,6.0,5.0,0,0,20.0,54.0,0.208,0.0,0.8,71.429,37.037,0.208,0.312
20542,Donovan Léon,Auxerre,G,501,0.0,0.0,0.0,0.0,176,84.0,1.0,0.0,1.0,3.0,0,1,6.0,8.0,0.0,0.0,,47.727,75.0,0.18,0.404
20546,Brendan Chardonnet,Stade Brestois 29,D,612,0.0,0.0,5.0,4.0,321,281.0,6.0,6.0,5.0,3.0,2,0,24.0,45.0,0.0,0.0,0.8,87.539,53.333,1.765,0.478
20554,Haris Belkebla,Angers,M,712,0.0,0.0,1.0,0.0,278,253.0,14.0,9.0,7.0,12.0,2,0,38.0,60.0,0.0,0.0,0.0,91.007,63.333,2.907,0.474
20558,Hugo Magnetti,Stade Brestois 29,M,612,0.0,0.0,4.0,1.0,259,220.0,18.0,7.0,12.0,3.0,2,0,24.0,49.0,0.0,0.0,0.25,84.942,48.98,3.676,0.735
20566,Yehvann Diouf,Nice,G,719,0.0,0.0,0.0,0.0,209,151.0,0.0,0.0,0.0,1.0,0,0,3.0,4.0,0.0,0.0,,72.249,75.0,0.0,0.0
20599,Julien López,Paris FC,F,27,0.0,0.0,0.0,0.0,7,5.0,0.0,1.0,0.0,0.0,0,0,0.0,2.0,0.0,0.0,,71.429,0.0,3.333,0.0
20600,Romain Perraud,Lille,D,532,1.0,1.0,6.0,2.0,281,240.0,9.0,6.0,5.0,12.0,2,0,28.0,51.0,0.169,0.169,0.333,85.409,54.902,2.538,0.55
20647,Pierre-Yves Hamel,Paris FC,F,79,0.0,0.0,0.0,0.0,9,6.0,0.0,1.0,2.0,0.0,0,0,2.0,8.0,0.0,0.0,,66.667,25.0,1.139,0.57
20692,Himad Abdelli,Angers,M,261,1.0,0.0,2.0,1.0,134,112.0,5.0,6.0,3.0,2.0,0,0,13.0,30.0,0.345,0.0,0.5,83.582,43.333,3.793,0.259
20704,Alimami Gory,Paris FC,F,159,1.0,0.0,2.0,1.0,32,30.0,2.0,0.0,3.0,4.0,0,0,6.0,14.0,0.566,0.0,0.5,93.75,42.857,1.132,0.425
20761,Florian Sotoca,Lens,F,38,0.0,0.0,0.0,0.0,10,5.0,0.0,2.0,1.0,1.0,0,0,3.0,8.0,0.0,0.0,,50.0,37.5,4.737,0.592
20762,Rémy Descamps,Lyon,G,360,0.0,0.0,0.0,0.0,110,78.0,0.0,0.0,0.0,0.0,0,0,0.0,1.0,0.0,0.0,,70.909,0.0,0.0,0.0
20850,Carlens Arcus,Angers,D,709,0.0,0.0,3.0,1.0,359,316.0,17.0,9.0,14.0,7.0,3,0,32.0,62.0,0.0,0.0,0.333,88.022,51.613,3.3,0.825
20869,Samir Sophian Chergui,Paris FC,D,554,0.0,0.0,1.0,1.0,303,281.0,11.0,5.0,4.0,1.0,0,0,23.0,41.0,0.0,0.0,1.0,92.739,56.098,2.599,0.162
20916,Christopher Wooh,Rennes,D,65,0.0,0.0,0.0,0.0,19,18.0,0.0,0.0,1.0,0.0,0,1,1.0,2.0,0.0,0.0,,94.737,50.0,0.0,3.115
20917,Laurent Abergel,Lorient,M,720,0.0,0.0,3.0,1.0,515,449.0,13.0,5.0,11.0,8.0,3,0,29.0,59.0,0.0,0.0,0.333,87.184,49.153,2.25,0.719
20925,Vincent Marchetti,Paris FC,M,255,1.0,0.0,8.0,4.0,115,103.0,1.0,3.0,2.0,2.0,1,0,10.0,19.0,0.353,0.0,0.5,89.565,52.632,1.412,0.529
21010,Elisha Owusu,Auxerre,M,638,0.0,0.0,2.0,0.0,232,187.0,25.0,8.0,12.0,4.0,3,0,35.0,66.0,0.0,0.0,0.0,80.603,53.03,4.655,0.846
21102,Valentin Rongier,Rennes,M,590,0.0,0.0,3.0,1.0,419,373.0,7.0,2.0,10.0,6.0,2,0,23.0,48.0,0.0,0.0,0.333,89.021,47.917,1.373,0.686
21103,Abdoulaye Touré,Le Havre,M,324,1.0,0.0,3.0,1.0,144,126.0,4.0,5.0,5.0,7.0,0,0,15.0,31.0,0.278,0.0,0.333,87.5,48.387,2.5,0.347
21145,Pierrick Capelle,Angers,M,53,0.0,0.0,0.0,0.0,20,16.0,1.0,1.0,0.0,0.0,0,0,1.0,4.0,0.0,0.0,,80.0,25.0,3.396,0.0
21248,Grégoire Coudert,Stade Brestois 29,G,211,0.0,0.0,0.0,0.0,71,40.0,0.0,0.0,0.0,0.0,0,0,0.0,0.0,0.0,0.0,,56.338,,0.0,0.0
21381,Jordan Lefort,Angers,D,720,0.0,1.0,2.0,0.0,376,324.0,12.0,9.0,1.0,6.0,1,0,29.0,39.0,0.0,0.125,0.0,86.17,74.359,2.625,0.156
21497,Ludovic Blas,Rennes,F,63,0.0,0.0,1.0,0.0,14,12.0,0.0,0.0,0.0,2.0,0,0,2.0,6.0,0.0,0.0,0.0,85.714,33.333,0.0,0.0
21497,Ludovic Blas,Rennes,M,396,2.0,1.0,9.0,5.0,179,157.0,4.0,5.0,3.0,11.0,0,0,22.0,51.0,0.455,0.227,0.556,87.709,43.137,2.045,0.17
21568,Ruben Aguilar,Lens,M,627,0.0,0.0,4.0,1.0,266,220.0,13.0,7.0,5.0,3.0,1,0,25.0,41.0,0.0,0.0,0.25,82.707,60.976,2.871,0.323
21570,Nicolas Cozza,Nantes,D,441,0.0,0.0,0.0,0.0,141,97.0,4.0,3.0,5.0,6.0,0,0,19.0,32.0,0.0,0.0,,68.794,59.375,1.429,0.255
21618,Jim Allevinah,Angers,F,79,0.0,0.0,1.0,0.0,11,10.0,1.0,0.0,0.0,2.0,0,0,4.0,9.0,0.0,0.0,0.0,90.909,44.444,1.139,0.0
21628,Brice Samba,Rennes,G,725,0.0,0.0,0.0,0.0,316,239.0,1.0,0.0,0.0,2.0,0,0,3.0,3.0,0.0,0.0,,75.633,100.0,0.124,0.0
21635,Jonathan Gradit,Lens,D,450,0.0,0.0,1.0,0.0,211,193.0,15.0,11.0,10.0,4.0,0,0,29.0,54.0,0.0,0.0,0.0,91.469,53.704,5.2,0.5
21640,Jessy Deminguet,Metz,M,347,0.0,0.0,0.0,0.0,148,130.0,9.0,6.0,5.0,5.0,2,0,15.0,34.0,0.0,0.0,,87.838,44.118,3.89,0.843
21641,Godson Kyeremeh,Le Havre,F,67,0.0,1.0,1.0,0.0,11,9.0,2.0,0.0,0.0,5.0,0,0,8.0,13.0,0.0,1.343,0.0,81.818,61.538,2.687,0.0
21694,Nayef Aguerd,Marseille,D,450,2.0,0.0,2.0,2.0,431,402.0,5.0,6.0,8.0,3.0,1,0,25.0,39.0,0.4,0.0,1.0,93.271,64.103,2.2,0.6
21715,Wesley Saïd,Lens,F,521,2.0,2.0,10.0,6.0,134,106.0,5.0,4.0,13.0,3.0,0,0,20.0,53.0,0.345,0.345,0.6,79.104,37.736,1.555,0.561
22003,Mathieu Cafaro,Paris FC,M,38,0.0,0.0,3.0,1.0,19,15.0,0.0,0.0,1.0,2.0,0,0,2.0,3.0,0.0,0.0,0.333,78.947,66.667,0.0,0.592
22086,Timothée Kolodziejczak,Paris FC,D,95,0.0,0.0,0.0,0.0,86,77.0,0.0,1.0,0.0,1.0,0,0,2.0,6.0,0.0,0.0,,89.535,33.333,0.947,0.0
22134,Kelvin Amian,Nantes,D,720,0.0,0.0,3.0,0.0,317,253.0,11.0,3.0,9.0,8.0,2,0,31.0,53.0,0.0,0.0,0.0,79.811,58.491,1.75,0.531
22163,Dante,Nice,D,141,0.0,0.0,1.0,1.0,87,79.0,2.0,2.0,2.0,1.0,0,0,5.0,9.0,0.0,0.0,1.0,90.805,55.556,2.553,0.319
22166,Malang Sarr,Lens,D,720,0.0,0.0,4.0,1.0,359,310.0,18.0,15.0,3.0,5.0,2,0,41.0,56.0,0.0,0.0,0.25,86.351,73.214,4.125,0.344
22170,Pierre Lees Melou,Paris FC,M,466,1.0,0.0,3.0,2.0,289,253.0,14.0,4.0,12.0,4.0,1,0,23.0,47.0,0.193,0.0,0.667,87.543,48.936,3.476,0.773
22170,Pierre Lees Melou,Stade Brestois 29,M,180,0.0,0.0,3.0,0.0,97,79.0,8.0,0.0,2.0,5.0,0,0,15.0,26.0,0.0,0.0,0.0,81.443,57.692,4.0,0.25
22171,Jean-Victor Makengo,Lorient,F,201,0.0,0.0,1.0,1.0,72,58.0,1.0,2.0,2.0,5.0,0,0,8.0,23.0,0.0,0.0,1.0,80.556,34.783,1.343,0.224
22171,Jean-Victor Makengo,Lorient,M,55,0.0,1.0,2.0,1.0,22,19.0,3.0,0.0,1.0,3.0,0,0,7.0,12.0,0.0,1.636,0.5,86.364,58.333,4.909,0.409
22220,Hervé Koffi,Angers,G,720,0.0,0.0,0.0,0.0,211,136.0,1.0,0.0,1.0,2.0,0,0,4.0,6.0,0.0,0.0,,64.455,66.667,0.125,0.031
22229,Jonathan Ikoné,Paris FC,F,62,0.0,0.0,0.0,0.0,26,24.0,1.0,0.0,0.0,1.0,0,0,4.0,9.0,0.0,0.0,,92.308,44.444,1.452,0.0
22241,Bingourou Kamara,Lorient,G,270,0.0,0.0,0.0,0.0,67,53.0,0.0,0.0,0.0,1.0,0,0,1.0,1.0,0.0,0.0,,79.104,100.0,0.0,0.0
22247,Kenny Lala,Stade Brestois 29,D,708,0.0,1.0,0.0,0.0,345,266.0,9.0,4.0,2.0,9.0,1,0,25.0,52.0,0.0,0.127,,77.101,48.077,1.653,0.191
22261,Adrien Thomasson,Lens,M,720,1.0,4.0,7.0,3.0,339,273.0,20.0,7.0,15.0,11.0,2,0,38.0,80.0,0.125,0.5,0.429,80.531,47.5,3.375,0.719
22264,Ludovic Ajorque,Stade Brestois 29,F,715,1.0,3.0,12.0,4.0,212,145.0,8.0,2.0,17.0,14.0,3,0,84.0,142.0,0.126,0.378,0.333,68.396,59.155,1.259,0.913
22842,Jean-Philippe Krasso,Paris FC,F,296,2.0,1.0,8.0,6.0,70,47.0,2.0,0.0,3.0,5.0,0,0,20.0,59.0,0.608,0.304,0.75,67.143,33.898,0.608,0.228
23363,Noah Cadiou,Lorient,M,52,0.0,0.0,0.0,0.0,36,28.0,3.0,2.0,0.0,1.0,0,0,5.0,8.0,0.0,0.0,,77.778,62.5,8.654,0.0
23637,Yanis Zouaoui,Le Havre,D,593,0.0,0.0,4.0,1.0,242,181.0,6.0,6.0,11.0,4.0,4,0,21.0,56.0,0.0,0.0,0.25,74.793,37.5,1.821,1.024
23643,Morgan Guilavogui,Lens,F,311,1.0,0.0,5.0,1.0,113,84.0,12.0,1.0,4.0,9.0,0,0,34.0,46.0,0.289,0.0,0.2,74.336,73.913,3.762,0.289
24147,Mahdi Camara,Rennes,M,398,0.0,0.0,1.0,1.0,180,164.0,14.0,5.0,7.0,7.0,0,1,28.0,48.0,0.0,0.0,1.0,91.111,58.333,4.296,0.848
25008,Jonathan Clauss,Nice,D,30,0.0,0.0,0.0,0.0,11,8.0,2.0,1.0,1.0,0.0,0,0,2.0,3.0,0.0,0.0,,72.727,66.667,9.0,0.75
25008,Jonathan Clauss,Nice,M,539,0.0,1.0,4.0,1.0,269,212.0,11.0,9.0,6.0,4.0,0,0,22.0,45.0,0.0,0.167,0.25,78.81,48.889,3.34,0.25
25916,Moussa Niakhaté,Lyon,D,643,0.0,0.0,1.0,0.0,543,489.0,8.0,8.0,14.0,7.0,2,0,45.0,70.0,0.0,0.0,0.0,90.055,64.286,2.24,0.77
26519,Hyun-Seok Hong,Nantes,M,286,0.0,0.0,3.0,2.0,74,57.0,9.0,3.0,0.0,1.0,0,0,13.0,21.0,0.0,0.0,0.667,77.027,61.905,3.776,0.0
30423,Hans Hateboer,Rennes,M,21,0.0,0.0,0.0,0.0,8,8.0,0.0,0.0,2.0,0.0,0,0,1.0,3.0,0.0,0.0,,100.0,33.333,0.0,2.143
30525,Pol Lirola,Marseille,D,18,0.0,0.0,0.0,0.0,5,4.0,0.0,0.0,0.0,0.0,0,0,1.0,3.0,0.0,0.0,,80.0,33.333,0.0,0.0
30531,Jérémie Boga,Nice,F,414,2.0,1.0,9.0,3.0,136,112.0,2.0,3.0,0.0,8.0,0,0,20.0,35.0,0.435,0.217,0.333,82.353,57.143,1.087,0.0
30748,Assane Dioussé,Auxerre,M,40,0.0,0.0,1.0,0.0,16,13.0,0.0,0.0,3.0,0.0,1,0,0.0,3.0,0.0,0.0,0.0,81.25,0.0,0.0,3.937
30807,Seko Fofana,Rennes,M,582,1.0,0.0,7.0,2.0,314,285.0,3.0,2.0,3.0,11.0,0,0,31.0,52.0,0.155,0.0,0.286,90.764,59.615,0.773,0.116
31016,Francisco Sierralta,Auxerre,D,611,1.0,0.0,2.0,1.0,312,280.0,7.0,6.0,4.0,4.0,1,0,36.0,53.0,0.147,0.0,0.5,89.744,67.925,1.915,0.295
31057,Hamed Junior Traorè,Marseille,M,86,0.0,0.0,1.0,1.0,16,12.0,1.0,0.0,1.0,2.0,0,0,5.0,8.0,0.0,0.0,1.0,75.0,62.5,1.047,0.262
33165,Ayumu Seko,Le Havre,D,111,0.0,0.0,1.0,0.0,27,24.0,1.0,1.0,0.0,0.0,0,0,2.0,4.0,0.0,0.0,0.0,88.889,50.0,1.622,0.0
33165,Ayumu Seko,Le Havre,M,534,0.0,0.0,2.0,0.0,192,149.0,8.0,4.0,12.0,8.0,1,0,21.0,37.0,0.0,0.0,0.0,77.604,56.757,2.022,0.674
36827,Jeffrey de Lange,Marseille,G,180,0.0,0.0,0.0,0.0,32,30.0,0.0,0.0,0.0,0.0,0,0,0.0,0.0,0.0,0.0,,93.75,,0.0,0.0
36932,Younes Namli,Le Havre,F,147,0.0,1.0,1.0,0.0,60,42.0,6.0,4.0,1.0,2.0,0,0,12.0,23.0,0.0,0.612,0.0,70.0,52.174,6.122,0.153
36932,Younes Namli,Le Havre,M,58,0.0,0.0,0.0,0.0,9,5.0,2.0,0.0,2.0,0.0,0,0,3.0,7.0,0.0,0.0,,55.556,42.857,3.103,0.776
37151,Calvin Verdonk,Lille,D,170,0.0,0.0,0.0,0.0,121,98.0,3.0,3.0,3.0,1.0,1,0,11.0,17.0,0.0,0.0,,80.992,64.706,3.176,0.926
39115,Aron Dønnum,Toulouse,F,270,1.0,1.0,4.0,2.0,96,77.0,4.0,5.0,6.0,4.0,2,0,11.0,23.0,0.333,0.333,0.5,80.208,47.826,3.0,1.167
39115,Aron Dønnum,Toulouse,M,450,1.0,1.0,5.0,4.0,160,134.0,12.0,3.0,5.0,7.0,2,0,26.0,56.0,0.2,0.2,0.8,83.75,46.429,3.0,0.65
40384,Radosław Majecki,Stade Brestois 29,G,505,0.0,0.0,0.0,0.0,170,98.0,0.0,0.0,1.0,1.0,0,1,3.0,5.0,0.0,0.0,,57.647,60.0,0.0,0.401
41146,Florent Hanin,Angers,D,206,0.0,0.0,0.0,0.0,81,64.0,4.0,1.0,2.0,0.0,0,0,7.0,17.0,0.0,0.0,,79.012,41.176,2.184,0.218
41146,Florent Hanin,Angers,M,72,0.0,0.0,0.0,0.0,20,14.0,1.0,0.0,0.0,0.0,0,0,1.0,4.0,0.0,0.0,,70.0,25.0,1.25,0.0
41323,Mama Baldé,Stade Brestois 29,F,249,1.0,1.0,5.0,2.0,52,39.0,6.0,0.0,5.0,5.0,0,0,17.0,37.0,0.361,0.361,0.4,75.0,45.946,2.169,0.452
41323,Mama Baldé,Stade Brestois 29,M,45,0.0,0.0,1.0,1.0,8,5.0,0.0,1.0,0.0,0.0,0,0,1.0,5.0,0.0,0.0,1.0,62.5,20.0,2.0,0.0
41585,Gonçalo Ramos,Paris Saint Germain,F,571,1.0,0.0,15.0,8.0,130,101.0,4.0,1.0,6.0,8.0,1,0,24.0,48.0,0.158,0.0,0.533,77.692,50.0,0.788,0.394
42086,Youssef El Arabi,Nantes,F,76,1.0,0.0,1.0,1.0,20,12.0,1.0,0.0,4.0,2.0,0,0,6.0,13.0,1.184,0.0,1.0,60.0,46.154,1.184,1.184
44594,Saud Abdulhamid,Lens,D,98,0.0,1.0,0.0,0.0,57,49.0,7.0,0.0,0.0,1.0,0,0,9.0,14.0,0.0,0.918,,85.965,64.286,6.429,0.0
47296,Gerónimo Rulli,Marseille,G,540,0.0,0.0,0.0,0.0,185,138.0,1.0,0.0,0.0,6.0,0,0,8.0,8.0,0.0,0.0,,74.595,100.0,0.167,0.0
47480,Mohammed Salisu,Monaco,D,270,0.0,0.0,2.0,0.0,297,271.0,9.0,2.0,8.0,2.0,2,0,22.0,31.0,0.0,0.0,0.0,91.246,70.968,3.667,1.333
49583,Ali Abdi,Nice,M,79,0.0,0.0,0.0,0.0,20,14.0,1.0,2.0,2.0,1.0,2,1,3.0,9.0,0.0,0.0,,70.0,33.333,3.418,5.127
50026,Chidozie Awaziem,Nantes,D,720,0.0,0.0,1.0,1.0,536,469.0,6.0,7.0,7.0,6.0,4,0,30.0,49.0,0.0,0.0,1.0,87.5,61.224,1.625,0.719
50030,Montassar Talbi,Lorient,D,720,0.0,0.0,3.0,0.0,352,324.0,6.0,6.0,1.0,4.0,1,0,28.0,47.0,0.0,0.0,0.0,92.045,59.574,1.5,0.156
50735,Mark McKenzie,Toulouse,D,656,0.0,0.0,0.0,0.0,286,247.0,10.0,5.0,8.0,2.0,2,0,20.0,42.0,0.0,0.0,,86.364,47.619,2.058,0.549
50956,Cristian Cásseres Jr.,Toulouse,M,556,0.0,0.0,4.0,2.0,251,208.0,15.0,9.0,6.0,11.0,1,0,32.0,51.0,0.0,0.0,0.5,82.869,62.745,3.885,0.405
51293,Thelonius Bair,Auxerre,F,23,0.0,0.0,0.0,0.0,4,3.0,0.0,0.0,0.0,0.0,0,0,3.0,5.0,0.0,0.0,,75.0,60.0,0.0,0.0
51295,Derek Cornelius,Marseille,D,56,0.0,0.0,0.0,0.0,14,12.0,0.0,1.0,0.0,2.0,0,0,2.0,3.0,0.0,0.0,,85.714,66.667,1.607,0.0
61142,Dominik Greif,Lyon,G,360,0.0,0.0,0.0,0.0,146,125.0,0.0,0.0,0.0,1.0,0,0,2.0,3.0,0.0,0.0,,85.616,66.667,0.0,0.0
64255,Gautier Lloris,Le Havre,D,664,0.0,1.0,2.0,1.0,470,437.0,10.0,9.0,10.0,4.0,1,1,30.0,50.0,0.0,0.136,0.5,92.979,60.0,2.575,0.745
66013,Uroš Radaković,Nantes,D,14,0.0,0.0,0.0,0.0,3,0.0,0.0,0.0,1.0,0.0,0,0,2.0,4.0,0.0,0.0,,0.0,50.0,0.0,1.607
66387,Pavel Šulc,Lyon,M,239,2.0,1.0,7.0,3.0,69,53.0,2.0,2.0,7.0,1.0,2,0,11.0,32.0,0.753,0.377,0.429,76.812,34.375,1.506,1.412
67889,Hakon Arnar Haraldsson,Lille,F,66,0.0,0.0,0.0,0.0,21,17.0,2.0,0.0,1.0,1.0,0,0,4.0,6.0,0.0,0.0,,80.952,66.667,2.727,0.341
67889,Hakon Arnar Haraldsson,Lille,M,503,3.0,0.0,9.0,3.0,253,217.0,8.0,1.0,10.0,10.0,0,0,25.0,57.0,0.537,0.0,0.333,85.771,43.86,1.61,0.447
68177,Giorgi Abuashvili,Metz,F,27,0.0,0.0,0.0,0.0,14,12.0,2.0,0.0,1.0,1.0,0,0,5.0,8.0,0.0,0.0,,85.714,62.5,6.667,0.833
68177,Giorgi Abuashvili,Metz,M,169,0.0,0.0,4.0,1.0,66,60.0,3.0,0.0,2.0,1.0,1,0,6.0,23.0,0.0,0.0,0.25,90.909,26.087,1.598,0.799
68483,Bertuğ Yıldırım,Rennes,F,2,0.0,0.0,0.0,0.0,4,2.0,0.0,0.0,0.0,0.0,0,0,0.0,0.0,0.0,0.0,,50.0,,0.0,0.0
69971,Terem Moffi,Nice,F,320,2.0,0.0,9.0,4.0,49,36.0,0.0,0.0,1.0,2.0,0,0,8.0,21.0,0.562,0.0,0.444,73.469,38.095,0.0,0.07
70747,Julio Enciso,Strasbourg,F,65,0.0,0.0,5.0,3.0,20,14.0,1.0,0.0,1.0,0.0,0,0,2.0,5.0,0.0,0.0,0.6,70.0,40.0,1.385,0.346
70747,Julio Enciso,Strasbourg,M,18,0.0,0.0,1.0,1.0,7,4.0,0.0,0.0,0.0,1.0,0,0,1.0,2.0,0.0,0.0,1.0,57.143,50.0,0.0,0.0
72457,Aiyegun Tosin,Lorient,F,423,3.0,0.0,11.0,6.0,87,67.0,3.0,1.0,5.0,6.0,1,0,18.0,42.0,0.638,0.0,0.545,77.011,42.857,0.851,0.479
80752,Tanner Tessmann,Lyon,M,642,1.0,0.0,10.0,4.0,361,315.0,12.0,7.0,6.0,11.0,0,0,34.0,64.0,0.14,0.0,0.4,87.258,53.125,2.664,0.21
83831,Ilan Kebbal,Paris FC,F,427,4.0,2.0,7.0,5.0,262,219.0,4.0,1.0,2.0,11.0,1,0,18.0,34.0,0.843,0.422,0.714,83.588,52.941,1.054,0.316
83831,Ilan Kebbal,Paris FC,M,267,0.0,1.0,6.0,3.0,193,169.0,5.0,1.0,1.0,7.0,0,0,23.0,34.0,0.0,0.337,0.5,87.565,67.647,2.022,0.084
84128,Yann Gboho,Toulouse,F,551,2.0,1.0,7.0,3.0,123,94.0,6.0,2.0,4.0,12.0,0,0,38.0,84.0,0.327,0.163,0.429,76.423,45.238,1.307,0.163
84128,Yann Gboho,Toulouse,M,90,1.0,0.0,1.0,1.0,28,19.0,1.0,1.0,0.0,3.0,0,0,7.0,9.0,1.0,0.0,1.0,67.857,77.778,2.0,0.0
84218,Adama Camara,Paris FC,M,477,0.0,0.0,4.0,1.0,204,176.0,15.0,6.0,6.0,3.0,0,0,26.0,54.0,0.0,0.0,0.25,86.275,48.148,3.962,0.283
85041,Amine Gouiri,Marseille,F,292,1.0,1.0,6.0,4.0,81,67.0,1.0,1.0,0.0,0.0,0,0,6.0,14.0,0.308,0.308,0.667,82.716,42.857,0.616,0.0
85041,Amine Gouiri,Marseille,M,89,0.0,0.0,1.0,1.0,25,22.0,2.0,0.0,0.0,2.0,0,0,4.0,7.0,0.0,0.0,1.0,88.0,57.143,2.022,0.0
85914,Julien Le Cardinal,Stade Brestois 29,D,282,1.0,0.0,5.0,2.0,123,99.0,5.0,3.0,2.0,4.0,1,0,23.0,37.0,0.319,0.0,0.4,80.488,62.162,2.553,0.479
90594,Junior Dina Ebimbe,Stade Brestois 29,M,190,1.0,0.0,4.0,2.0,34,23.0,6.0,0.0,3.0,1.0,0,0,10.0,18.0,0.474,0.0,0.5,67.647,55.556,2.842,0.355
90617,Lassine Sinayoko,Auxerre,F,436,3.0,0.0,10.0,7.0,90,68.0,4.0,4.0,3.0,9.0,1,0,25.0,60.0,0.619,0.0,0.7,75.556,41.667,1.651,0.361
90617,Lassine Sinayoko,Auxerre,M,231,0.0,1.0,3.0,0.0,58,43.0,5.0,1.0,3.0,8.0,0,0,18.0,46.0,0.0,0.39,0.0,74.138,39.13,2.338,0.292
96331,Koffi Kouao,Metz,D,444,0.0,0.0,1.0,0.0,223,204.0,11.0,1.0,10.0,6.0,2,0,23.0,49.0,0.0,0.0,0.0,91.48,46.939,2.432,0.912
96331,Koffi Kouao,Metz,M,269,0.0,0.0,1.0,1.0,96,79.0,10.0,2.0,1.0,7.0,0,0,20.0,33.0,0.0,0.0,1.0,82.292,60.606,4.015,0.084
99576,Osame Sahraoui,Lille,F,115,1.0,2.0,4.0,2.0,58,45.0,1.0,1.0,1.0,8.0,0,0,13.0,23.0,0.783,1.565,0.5,77.586,56.522,1.565,0.196
105154,Isak Jansson,Nice,F,263,0.0,0.0,5.0,3.0,58,41.0,4.0,3.0,4.0,4.0,1,0,10.0,31.0,0.0,0.0,0.6,70.69,32.258,2.395,0.684
118345,Abu Francis,Toulouse,M,339,0.0,0.0,1.0,0.0,147,123.0,15.0,4.0,3.0,4.0,1,0,24.0,35.0,0.0,0.0,0.0,83.673,68.571,5.044,0.465
119853,Mory Diaw,Le Havre,G,720,0.0,1.0,0.0,0.0,269,198.0,1.0,1.0,0.0,1.0,0,0,5.0,6.0,0.0,0.125,,73.606,83.333,0.25,0.0
126757,Lilian Brassier,Rennes,D,218,0.0,0.0,0.0,0.0,175,154.0,6.0,1.0,0.0,1.0,0,0,11.0,20.0,0.0,0.0,,88.0,55.0,2.89,0.0
128287,Joris Chotard,Stade Brestois 29,M,555,1.0,0.0,4.0,3.0,237,202.0,14.0,7.0,6.0,3.0,0,0,22.0,42.0,0.162,0.0,0.75,85.232,52.381,3.405,0.243
128342,Rassoul Ndiaye,Le Havre,M,487,3.0,0.0,7.0,4.0,151,135.0,11.0,2.0,4.0,8.0,0,0,25.0,45.0,0.554,0.0,0.571,89.404,55.556,2.402,0.185
128384,Vitinha,Paris Saint Germain,M,472,1.0,3.0,9.0,5.0,689,651.0,5.0,3.0,1.0,7.0,0,0,16.0,28.0,0.191,0.572,0.556,94.485,57.143,1.525,0.048
128987,Salis Abdul Samed,Nice,M,202,0.0,0.0,0.0,0.0,105,98.0,2.0,4.0,5.0,2.0,1,0,7.0,19.0,0.0,0.0,,93.333,36.842,2.673,1.002
129681,Anthony Rouault,Rennes,D,635,1.0,0.0,1.0,1.0,442,396.0,13.0,9.0,9.0,2.0,1,0,27.0,54.0,0.142,0.0,1.0,89.593,50.0,3.118,0.461
129695,Dilane Bakwa,Strasbourg,F,107,1.0,2.0,1.0,1.0,42,37.0,1.0,1.0,0.0,4.0,0,0,10.0,16.0,0.841,1.682,1.0,88.095,62.5,1.682,0.0
135749,Félix Correia,Lille,F,24,0.0,0.0,0.0,0.0,11,9.0,2.0,1.0,0.0,0.0,0,0,2.0,2.0,0.0,0.0,,81.818,100.0,11.25,0.0
135749,Félix Correia,Lille,M,535,0.0,3.0,4.0,2.0,195,154.0,5.0,7.0,3.0,7.0,0,0,18.0,41.0,0.0,0.505,0.5,78.974,43.902,2.019,0.126
135775,Ansu Fati,Monaco,F,140,3.0,0.0,5.0,3.0,57,45.0,3.0,0.0,1.0,0.0,0,0,5.0,12.0,1.929,0.0,0.6,78.947,41.667,1.929,0.161
135775,Ansu Fati,Monaco,M,90,2.0,0.0,3.0,2.0,38,33.0,1.0,0.0,0.0,0.0,0,0,4.0,10.0,2.0,0.0,0.667,86.842,40.0,1.0,0.0
137296,Hyeok-kyu Kwon,Nantes,M,318,0.0,0.0,1.0,0.0,93,84.0,6.0,4.0,5.0,7.0,0,0,16.0,34.0,0.0,0.0,0.0,90.323,47.059,2.83,0.354
138835,Folarin Balogun,Monaco,F,360,2.0,1.0,12.0,5.0,80,56.0,2.0,2.0,6.0,4.0,0,0,16.0,37.0,0.5,0.25,0.417,70.0,43.243,1.0,0.375
142691,Alexsandro Ribeiro,Lille,D,314,0.0,0.0,3.0,2.0,279,250.0,6.0,8.0,5.0,4.0,0,0,22.0,32.0,0.0,0.0,0.667,89.606,68.75,4.013,0.358
144319,Sambou Soumano,Lorient,F,316,2.0,2.0,7.0,5.0,56,42.0,1.0,2.0,8.0,9.0,1,0,22.0,58.0,0.57,0.57,0.714,75.0,37.931,0.854,0.854
145476,Reda Khadra,Le Havre,F,85,0.0,0.0,2.0,2.0,17,13.0,0.0,0.0,2.0,0.0,0,0,5.0,10.0,0.0,0.0,1.0,76.471,50.0,0.0,0.529
145476,Reda Khadra,Le Havre,M,21,0.0,0.0,0.0,0.0,5,4.0,2.0,0.0,0.0,0.0,0,0,3.0,4.0,0.0,0.0,,80.0,75.0,8.571,0.0
147835,Andrew Omobamidele,Strasbourg,D,106,0.0,0.0,0.0,0.0,93,90.0,0.0,3.0,2.0,0.0,0,0,0.0,5.0,0.0,0.0,,96.774,0.0,2.547,0.425
152669,Darlin Yongwa,Lorient,D,69,0.0,0.0,0.0,0.0,31,22.0,1.0,1.0,2.0,2.0,0,0,4.0,10.0,0.0,0.0,,70.968,40.0,2.609,0.652
152669,Darlin Yongwa,Lorient,M,10,0.0,0.0,0.0,0.0,7,5.0,0.0,0.0,1.0,0.0,0,1,1.0,2.0,0.0,0.0,,71.429,50.0,0.0,20.25
156465,Issa Soumaré,Le Havre,F,360,1.0,1.0,3.0,2.0,75,58.0,6.0,0.0,7.0,13.0,0,0,32.0,66.0,0.25,0.25,0.667,77.333,48.485,1.5,0.438
156465,Issa Soumaré,Le Havre,M,360,2.0,1.0,10.0,5.0,93,69.0,4.0,3.0,8.0,8.0,1,0,29.0,62.0,0.5,0.25,0.5,74.194,46.774,1.75,0.75
157912,Boubacar Traoré,Metz,M,604,1.0,0.0,6.0,2.0,287,252.0,21.0,3.0,13.0,1.0,2,0,30.0,62.0,0.149,0.0,0.333,87.805,48.387,3.576,0.782
158065,Tiago Gouveia,Nice,F,32,0.0,0.0,1.0,1.0,10,7.0,2.0,0.0,0.0,2.0,0,0,6.0,12.0,0.0,0.0,1.0,70.0,50.0,5.625,0.0
158065,Tiago Gouveia,Nice,M,62,0.0,0.0,2.0,0.0,29,25.0,2.0,0.0,1.0,0.0,0,0,3.0,9.0,0.0,0.0,0.0,86.207,33.333,2.903,0.363
158532,Jonathan Fischer,Metz,G,720,0.0,0.0,0.0,0.0,314,272.0,0.0,0.0,0.0,3.0,0,0,7.0,8.0,0.0,0.0,,86.624,87.5,0.0,0.0
158551,Joel Mugisha Mvuka,Lorient,M,273,0.0,0.0,1.0,0.0,76,59.0,7.0,5.0,3.0,7.0,0,0,19.0,35.0,0.0,0.0,0.0,77.632,54.286,3.956,0.247
161622,Matthis Abline,Nantes,F,264,0.0,0.0,4.0,2.0,46,32.0,5.0,0.0,6.0,4.0,0,0,17.0,39.0,0.0,0.0,0.5,69.565,43.59,1.705,0.511
161622,Matthis Abline,Nantes,M,270,0.0,1.0,8.0,2.0,45,31.0,2.0,2.0,5.0,5.0,0,0,24.0,39.0,0.0,0.333,0.25,68.889,61.538,1.333,0.417
161671,Ilya Zabarnyi,Paris Saint Germain,D,562,1.0,0.0,1.0,1.0,522,485.0,11.0,6.0,4.0,1.0,0,0,14.0,32.0,0.16,0.0,1.0,92.912,43.75,2.722,0.16
161747,Guéla Doué,Strasbourg,D,203,1.0,1.0,1.0,1.0,132,116.0,6.0,3.0,3.0,4.0,0,0,17.0,28.0,0.443,0.443,1.0,87.879,60.714,3.99,0.333
161747,Guéla Doué,Strasbourg,M,90,0.0,1.0,0.0,0.0,22,20.0,3.0,0.0,3.0,4.0,0,0,8.0,19.0,0.0,1.0,,90.909,42.105,3.0,0.75
161904,Bradley Barcola,Paris Saint Germain,F,468,4.0,0.0,15.0,9.0,194,168.0,9.0,3.0,5.0,5.0,1,0,27.0,59.0,0.769,0.0,0.6,86.598,45.763,2.308,0.433
162236,Formose Mendy,Lorient,D,135,0.0,0.0,0.0,0.0,86,74.0,3.0,3.0,2.0,3.0,1,0,9.0,15.0,0.0,0.0,,86.047,60.0,4.0,1.0
162443,Étienne Youte Kinkoue,Le Havre,D,142,0.0,0.0,0.0,0.0,59,52.0,1.0,0.0,2.0,0.0,1,0,1.0,6.0,0.0,0.0,,88.136,16.667,0.634,0.951
162443,Étienne Youte Kinkoue,Le Havre,M,78,0.0,0.0,0.0,0.0,20,12.0,2.0,0.0,0.0,0.0,0,0,2.0,3.0,0.0,0.0,,60.0,66.667,2.308,0.0
162453,Lucas Chevalier,Paris Saint Germain,G,720,0.0,0.0,0.0,0.0,188,172.0,0.0,0.0,0.0,0.0,0,0,0.0,0.0,0.0,0.0,,91.489,,0.0,0.0
162465,Melvin Bard,Nice,D,224,0.0,0.0,1.0,0.0,156,128.0,5.0,2.0,2.0,2.0,1,0,14.0,22.0,0.0,0.0,0.0,82.051,63.636,2.812,0.603
162465,Melvin Bard,Nice,M,450,1.0,0.0,5.0,2.0,166,131.0,3.0,3.0,3.0,6.0,0,0,16.0,39.0,0.2,0.0,0.4,78.916,41.026,1.2,0.15
162568,Soumaila Coulibaly,Stade Brestois 29,D,90,0.0,0.0,1.0,1.0,63,57.0,1.0,2.0,1.0,3.0,0,0,5.0,6.0,0.0,0.0,1.0,90.476,83.333,3.0,0.25
162590,Tyler Morton,Lyon,M,602,1.0,0.0,3.0,2.0,359,316.0,13.0,1.0,11.0,5.0,0,1,27.0,51.0,0.15,0.0,0.667,88.022,52.941,2.093,0.71
163004,Esteban Lepaul,Angers,F,175,1.0,0.0,3.0,1.0,36,22.0,0.0,0.0,2.0,1.0,0,0,3.0,12.0,0.514,0.0,0.333,61.111,25.0,0.0,0.257
163004,Esteban Lepaul,Rennes,F,528,3.0,2.0,11.0,6.0,108,87.0,2.0,0.0,8.0,1.0,0,0,9.0,38.0,0.511,0.341,0.545,80.556,23.684,0.341,0.341
163032,Fabian Rieder,Rennes,M,139,0.0,0.0,1.0,0.0,34,28.0,3.0,2.0,2.0,1.0,0,0,5.0,18.0,0.0,0.0,0.0,82.353,27.778,3.237,0.324
174625,Fodé Doucouré,Le Havre,D,89,0.0,0.0,1.0,0.0,42,29.0,3.0,0.0,1.0,0.0,0,0,3.0,6.0,0.0,0.0,0.0,69.048,50.0,3.034,0.253
174625,Fodé Doucouré,Le Havre,M,342,2.0,0.0,6.0,4.0,93,81.0,11.0,4.0,2.0,1.0,0,0,18.0,35.0,0.526,0.0,0.667,87.097,51.429,3.947,0.132
174660,Lilian Raolisoa,Angers,D,19,0.0,1.0,0.0,0.0,13,10.0,0.0,0.0,0.0,0.0,0,0,1.0,2.0,0.0,4.737,,76.923,50.0,0.0,0.0
174660,Lilian Raolisoa,Angers,F,152,0.0,0.0,0.0,0.0,36,24.0,2.0,0.0,2.0,3.0,0,0,11.0,18.0,0.0,0.0,,66.667,61.111,1.184,0.296
174660,Lilian Raolisoa,Angers,M,309,0.0,0.0,0.0,0.0,110,80.0,12.0,3.0,6.0,1.0,0,0,18.0,37.0,0.0,0.0,,72.727,48.649,4.369,0.437
174703,Théo Le Bris,Lorient,M,391,2.0,1.0,5.0,4.0,129,115.0,9.0,1.0,2.0,2.0,0,0,16.0,26.0,0.46,0.23,0.8,89.147,61.538,2.302,0.115
174708,Yassin Belkhdim,Angers,M,693,0.0,1.0,4.0,2.0,268,232.0,19.0,8.0,9.0,10.0,2,0,33.0,57.0,0.0,0.13,0.5,86.567,57.895,3.506,0.552
174724,Frank Magri,Toulouse,F,633,4.0,0.0,15.0,8.0,99,74.0,4.0,3.0,14.0,10.0,2,0,43.0,103.0,0.569,0.0,0.533,74.747,41.748,0.995,0.782
174881,Moustapha Mbow,Paris FC,D,630,0.0,0.0,3.0,1.0,427,398.0,13.0,10.0,6.0,4.0,1,0,29.0,47.0,0.0,0.0,0.333,93.208,61.702,3.286,0.357
174915,Josué Casimir,Auxerre,D,226,0.0,0.0,1.0,0.0,86,61.0,5.0,3.0,5.0,4.0,3,1,14.0,26.0,0.0,0.0,0.0,70.93,53.846,3.186,2.489
174915,Josué Casimir,Auxerre,F,90,0.0,0.0,2.0,2.0,24,18.0,6.0,1.0,2.0,1.0,0,0,11.0,18.0,0.0,0.0,1.0,75.0,61.111,7.0,0.5
174915,Josué Casimir,Auxerre,M,244,0.0,0.0,4.0,2.0,58,47.0,3.0,0.0,4.0,7.0,0,0,12.0,29.0,0.0,0.0,0.5,81.034,41.379,1.107,0.369
174927,Arouna Sangante,Le Havre,D,611,0.0,0.0,0.0,0.0,416,370.0,8.0,8.0,10.0,12.0,2,0,35.0,58.0,0.0,0.0,,88.942,60.345,2.357,0.663
174937,Yassine Kechta,Le Havre,M,489,1.0,1.0,6.0,3.0,142,114.0,9.0,3.0,14.0,6.0,1,0,19.0,55.0,0.184,0.184,0.5,80.282,34.545,2.209,0.828
180496,Georges Mikautadze,Lyon,F,179,1.0,0.0,8.0,4.0,32,27.0,0.0,1.0,0.0,1.0,0,0,6.0,14.0,0.503,0.0,0.5,84.375,42.857,0.503,0.0
181827,Conrad Jaden Egan-Riley,Marseille,D,209,0.0,0.0,0.0,0.0,191,178.0,4.0,0.0,1.0,2.0,0,1,8.0,12.0,0.0,0.0,,93.194,66.667,1.722,0.969
188319,Kevin Carlos Omoruyi,Nice,F,252,0.0,0.0,8.0,5.0,34,25.0,0.0,0.0,7.0,9.0,1,0,16.0,35.0,0.0,0.0,0.625,73.529,45.714,0.0,0.982
190686,Sékou Mara,Auxerre,F,292,0.0,0.0,4.0,3.0,58,44.0,3.0,0.0,6.0,6.0,0,0,19.0,45.0,0.0,0.0,0.75,75.862,42.222,0.925,0.462
191189,Clement Akpa,Auxerre,D,545,0.0,0.0,2.0,0.0,331,270.0,13.0,6.0,2.0,12.0,1,0,41.0,57.0,0.0,0.0,0.0,81.571,71.93,3.138,0.248
191240,Marvin Senaya,Auxerre,D,635,0.0,0.0,3.0,2.0,233,177.0,22.0,13.0,8.0,16.0,2,0,55.0,82.0,0.0,0.0,0.667,75.966,67.073,4.961,0.567
191240,Marvin Senaya,Auxerre,M,73,0.0,0.0,0.0,0.0,21,18.0,1.0,0.0,2.0,2.0,1,0,4.0,9.0,0.0,0.0,,85.714,44.444,1.233,1.849
191289,Amine Sbai,Angers,M,71,0.0,0.0,0.0,0.0,17,11.0,0.0,1.0,0.0,1.0,0,0,4.0,11.0,0.0,0.0,,64.706,36.364,1.268,0.0
193293,Ruben Kluivert,Lyon,D,117,0.0,1.0,0.0,0.0,85,79.0,4.0,1.0,2.0,1.0,0,0,10.0,15.0,0.0,0.769,,92.941,66.667,3.846,0.385
193501,Bamo Meïté,Lorient,D,450,0.0,0.0,2.0,1.0,243,210.0,4.0,2.0,5.0,6.0,2,0,23.0,45.0,0.0,0.0,0.5,86.42,51.111,1.2,0.65
193617,Tom Louchet,Nice,M,324,0.0,2.0,2.0,0.0,125,104.0,11.0,4.0,5.0,4.0,0,0,20.0,37.0,0.0,0.556,0.0,83.2,54.054,4.167,0.347
193681,Théo De Percin,Auxerre,G,225,0.0,0.0,0.0,0.0,79,41.0,0.0,0.0,0.0,1.0,0,0,2.0,2.0,0.0,0.0,,51.899,100.0,0.0,0.0
193952,Johann Lepenant,Nantes,M,529,0.0,1.0,5.0,2.0,194,162.0,22.0,6.0,3.0,16.0,0,0,45.0,74.0,0.0,0.17,0.4,83.505,60.811,4.764,0.128
193953,Lamine Sy,Auxerre,D,31,0.0,0.0,0.0,0.0,12,9.0,2.0,0.0,0.0,1.0,0,0,3.0,3.0,0.0,0.0,,75.0,100.0,5.806,0.0
194981,Obed Nkambadio,Paris FC,G,630,0.0,0.0,0.0,0.0,268,211.0,0.0,0.0,0.0,0.0,0,0,1.0,1.0,0.0,0.0,,78.731,100.0,0.0,0.0
195512,Martín Satriano,Lyon,F,261,0.0,1.0,3.0,1.0,59,55.0,0.0,1.0,5.0,2.0,0,0,8.0,27.0,0.0,0.345,0.333,93.22,29.63,0.345,0.431
196187,Alidu Seidu,Rennes,D,383,0.0,1.0,1.0,0.0,262,235.0,16.0,10.0,1.0,10.0,1,0,34.0,52.0,0.0,0.235,0.0,89.695,65.385,6.11,0.294
197771,Yassine Benhattab,Nantes,F,87,0.0,0.0,0.0,0.0,22,16.0,2.0,0.0,2.0,0.0,0,0,5.0,8.0,0.0,0.0,,72.727,62.5,2.069,0.517
197771,Yassine Benhattab,Nantes,M,284,0.0,0.0,1.0,0.0,90,67.0,6.0,0.0,1.0,2.0,0,0,10.0,19.0,0.0,0.0,0.0,74.444,52.632,1.901,0.079
199871,Adam Karabec,Lyon,F,75,0.0,0.0,0.0,0.0,13,11.0,0.0,1.0,1.0,1.0,0,0,3.0,7.0,0.0,0.0,,84.615,42.857,1.2,0.3
199871,Adam Karabec,Lyon,M,408,1.0,0.0,3.0,2.0,125,101.0,1.0,0.0,7.0,10.0,0,0,18.0,32.0,0.221,0.0,0.667,80.8,56.25,0.221,0.386
200873,Mohamed Bamba,Lorient,F,406,1.0,1.0,6.0,3.0,64,46.0,2.0,1.0,10.0,5.0,2,0,16.0,52.0,0.222,0.222,0.5,71.875,30.769,0.665,0.998
203762,Emanuel Emegha,Strasbourg,F,227,2.0,2.0,8.0,6.0,19,16.0,0.0,0.0,6.0,5.0,2,0,7.0,15.0,0.793,0.793,0.75,84.211,46.667,0.0,1.388
215827,Fredrik Oppegård,Auxerre,D,199,0.0,0.0,0.0,0.0,56,42.0,9.0,2.0,1.0,0.0,1,1,12.0,19.0,0.0,0.0,,75.0,63.158,4.975,1.47
226803,Sebastian Nanasi,Strasbourg,F,45,0.0,0.0,0.0,0.0,17,15.0,0.0,0.0,0.0,0.0,0,0,0.0,3.0,0.0,0.0,,88.235,0.0,0.0,0.0
226803,Sebastian Nanasi,Strasbourg,M,19,0.0,0.0,0.0,0.0,5,5.0,1.0,0.0,1.0,0.0,0,0,1.0,2.0,0.0,0.0,,100.0,50.0,4.737,1.184
237249,Mikayil Faye,Rennes,D,12,0.0,0.0,0.0,0.0,9,7.0,0.0,0.0,0.0,0.0,0,0,1.0,1.0,0.0,0.0,,77.778,100.0,0.0,0.0
263482,Nuno Mendes,Paris Saint Germain,D,306,1.0,1.0,2.0,2.0,222,203.0,5.0,2.0,2.0,6.0,0,0,15.0,35.0,0.294,0.294,1.0,91.441,42.857,2.059,0.147
264383,Warren Kamanzi,Toulouse,D,148,0.0,0.0,1.0,0.0,52,45.0,5.0,0.0,0.0,2.0,0,0,10.0,15.0,0.0,0.0,0.0,86.538,66.667,3.041,0.0
264383,Warren Kamanzi,Toulouse,M,121,0.0,0.0,1.0,1.0,27,23.0,1.0,0.0,1.0,1.0,0,0,6.0,15.0,0.0,0.0,1.0,85.185,40.0,0.744,0.186
266013,Otávio,Paris FC,D,534,0.0,0.0,2.0,0.0,411,368.0,13.0,10.0,9.0,11.0,1,1,33.0,52.0,0.0,0.0,0.0,89.538,63.462,3.876,0.885
266200,Mayckel Lahdo,Nantes,F,86,1.0,0.0,2.0,1.0,19,17.0,0.0,0.0,2.0,0.0,0,0,0.0,6.0,1.047,0.0,0.5,89.474,0.0,0.0,0.523
266200,Mayckel Lahdo,Nantes,M,141,0.0,0.0,0.0,0.0,38,33.0,4.0,0.0,3.0,3.0,1,0,11.0,22.0,0.0,0.0,,86.842,50.0,2.553,1.117
270509,Andy Diouf,Lens,M,90,0.0,0.0,2.0,1.0,40,33.0,1.0,0.0,0.0,1.0,0,0,5.0,9.0,0.0,0.0,0.5,82.5,55.556,1.0,0.0
271540,Ousmane Camara,Angers,D,604,0.0,0.0,1.0,0.0,249,219.0,13.0,8.0,5.0,2.0,1,0,26.0,43.0,0.0,0.0,0.0,87.952,60.465,3.129,0.335
271542,Ismael Doukouré,Strasbourg,D,494,0.0,1.0,1.0,0.0,335,301.0,2.0,5.0,3.0,4.0,2,0,20.0,30.0,0.0,0.182,0.0,89.851,66.667,1.275,0.501
271542,Ismael Doukouré,Strasbourg,M,90,0.0,0.0,0.0,0.0,53,45.0,4.0,2.0,0.0,1.0,0,0,6.0,8.0,0.0,0.0,,84.906,75.0,6.0,0.0
272460,Quentin Merlin,Rennes,D,90,0.0,1.0,0.0,0.0,28,19.0,3.0,0.0,0.0,3.0,0,0,6.0,16.0,0.0,1.0,,67.857,37.5,3.0,0.0
272460,Quentin Merlin,Rennes,M,625,0.0,1.0,4.0,2.0,307,245.0,4.0,5.0,2.0,5.0,0,0,16.0,33.0,0.0,0.144,0.5,79.805,48.485,1.296,0.072
274267,Bradley Locko,Stade Brestois 29,D,712,0.0,1.0,2.0,1.0,244,192.0,25.0,4.0,5.0,3.0,0,0,35.0,77.0,0.0,0.126,0.5,78.689,45.455,3.666,0.158
274300,Maghnes Akliouche,Monaco,F,174,0.0,0.0,3.0,2.0,75,60.0,4.0,3.0,2.0,2.0,0,0,8.0,16.0,0.0,0.0,0.667,80.0,50.0,3.621,0.259
274300,Maghnes Akliouche,Monaco,M,450,2.0,1.0,5.0,2.0,228,186.0,8.0,3.0,4.0,4.0,1,0,12.0,47.0,0.4,0.2,0.4,81.579,25.532,2.2,0.4
274312,Mohamed-Ali Cho,Nice,F,224,0.0,2.0,0.0,0.0,43,34.0,1.0,0.0,2.0,5.0,0,0,9.0,33.0,0.0,0.804,,79.07,27.273,0.402,0.201
276184,Mamadou Sarr,Strasbourg,D,540,0.0,0.0,0.0,0.0,367,345.0,14.0,2.0,5.0,2.0,2,0,30.0,53.0,0.0,0.0,,94.005,56.604,2.667,0.542
276662,Pablo Pagis,Lorient,F,252,3.0,0.0,7.0,6.0,105,76.0,2.0,5.0,4.0,2.0,1,0,11.0,30.0,1.071,0.0,0.857,72.381,36.667,2.5,0.714
277191,Abdallah Sima,Lens,F,71,1.0,0.0,1.0,1.0,17,10.0,1.0,0.0,1.0,0.0,1,0,3.0,5.0,1.268,0.0,1.0,58.824,60.0,1.268,1.585
277306,Mamadou Sangare,Lens,M,568,0.0,0.0,3.0,1.0,296,245.0,22.0,6.0,5.0,9.0,0,0,48.0,85.0,0.0,0.0,0.333,82.77,56.471,4.437,0.198
278095,Jonathan Rowe,Marseille,F,63,0.0,0.0,4.0,0.0,24,19.0,0.0,1.0,2.0,2.0,0,0,2.0,7.0,0.0,0.0,0.0,79.167,28.571,1.429,0.714
278392,Charlie Cresswell,Toulouse,D,720,2.0,1.0,9.0,4.0,371,326.0,3.0,7.0,10.0,4.0,1,0,43.0,76.0,0.25,0.125,0.444,87.871,56.579,1.25,0.438
282549,Junior Mwanga,Nantes,D,90,0.0,0.0,0.0,0.0,54,49.0,1.0,1.0,0.0,0.0,0,0,2.0,3.0,0.0,0.0,,90.741,66.667,2.0,0.0
282549,Junior Mwanga,Nantes,M,347,1.0,0.0,1.0,1.0,131,115.0,9.0,3.0,4.0,6.0,0,0,22.0,40.0,0.259,0.0,1.0,87.786,55.0,3.112,0.259
282549,Junior Mwanga,Strasbourg,D,90,0.0,0.0,0.0,0.0,88,81.0,4.0,0.0,2.0,1.0,0,0,6.0,10.0,0.0,0.0,,92.045,60.0,4.0,0.5
282549,Junior Mwanga,Strasbourg,M,90,0.0,0.0,1.0,0.0,43,38.0,4.0,1.0,2.0,0.0,0,0,7.0,11.0,0.0,0.0,0.0,88.372,63.636,5.0,0.5
283026,Mika Biereth,Monaco,F,419,1.0,0.0,5.0,3.0,70,41.0,4.0,0.0,6.0,6.0,0,0,17.0,53.0,0.215,0.0,0.6,58.571,32.075,0.859,0.322
283026,Mika Biereth,Monaco,M,79,0.0,0.0,0.0,0.0,14,11.0,1.0,0.0,0.0,1.0,0,0,2.0,8.0,0.0,0.0,,78.571,25.0,1.139,0.0
283216,Bilal Nadir,Marseille,M,199,0.0,3.0,1.0,1.0,99,90.0,3.0,0.0,4.0,1.0,1,0,5.0,18.0,0.0,1.357,1.0,90.909,27.778,1.357,0.905
284072,Ahmadou Bamba Dieng,Lorient,F,28,0.0,1.0,4.0,3.0,1,0.0,0.0,0.0,3.0,0.0,0,0,1.0,6.0,0.0,3.214,0.75,0.0,16.667,0.0,2.411
289555,Louis Mouton,Angers,F,57,0.0,0.0,1.0,0.0,15,12.0,1.0,0.0,2.0,0.0,0,1,2.0,6.0,0.0,0.0,0.0,80.0,33.333,1.579,3.947
289555,Louis Mouton,Angers,M,318,0.0,0.0,4.0,1.0,103,73.0,3.0,0.0,3.0,2.0,0,0,7.0,28.0,0.0,0.0,0.25,70.874,25.0,0.849,0.212
291649,Vanderson,Monaco,D,135,0.0,1.0,1.0,0.0,86,70.0,5.0,5.0,3.0,0.0,0,0,11.0,21.0,0.0,0.667,0.0,81.395,52.381,6.667,0.5
291649,Vanderson,Monaco,M,45,0.0,0.0,0.0,0.0,29,27.0,0.0,0.0,1.0,1.0,1,0,2.0,4.0,0.0,0.0,,93.103,50.0,0.0,2.5
293643,Ibrahim Osman,Auxerre,F,107,0.0,1.0,3.0,2.0,36,30.0,1.0,0.0,2.0,0.0,0,0,3.0,15.0,0.0,0.841,0.667,83.333,20.0,0.841,0.421
293643,Ibrahim Osman,Auxerre,M,223,0.0,1.0,2.0,1.0,48,31.0,3.0,2.0,1.0,4.0,0,0,12.0,26.0,0.0,0.404,0.5,64.583,46.154,2.018,0.101
302868,Daouda Guindo,Stade Brestois 29,D,34,0.0,0.0,0.0,0.0,14,13.0,1.0,0.0,0.0,0.0,0,0,1.0,2.0,0.0,0.0,,92.857,50.0,2.647,0.0
304140,Mario Sauer,Toulouse,M,384,0.0,0.0,2.0,1.0,129,107.0,8.0,6.0,5.0,3.0,1,0,17.0,27.0,0.0,0.0,0.5,82.946,62.963,3.281,0.527
306979,Hamza Igamane,Lille,F,125,3.0,1.0,7.0,4.0,43,32.0,2.0,2.0,3.0,1.0,1,0,11.0,25.0,2.16,0.72,0.571,74.419,44.0,2.88,1.26
307835,Lucas Beraldo,Paris Saint Germain,D,491,1.0,0.0,2.0,1.0,533,511.0,10.0,4.0,4.0,2.0,0,0,27.0,43.0,0.183,0.0,0.5,95.872,62.791,2.566,0.183
312964,Nathan Ngoy,Lille,D,630,0.0,1.0,5.0,0.0,419,378.0,15.0,13.0,8.0,2.0,1,0,27.0,49.0,0.0,0.143,0.0,90.215,55.102,4.0,0.429
313937,Antoine Mendy,Nice,D,517,0.0,0.0,1.0,1.0,307,263.0,17.0,3.0,8.0,9.0,1,0,49.0,73.0,0.0,0.0,1.0,85.668,67.123,3.482,0.522
318416,Marius Sivertsen Broholm,Lille,M,90,0.0,0.0,0.0,0.0,43,32.0,2.0,0.0,1.0,1.0,0,0,5.0,11.0,0.0,0.0,,74.419,45.455,2.0,0.25
319572,Valentín Barco,Strasbourg,F,90,0.0,0.0,0.0,0.0,57,50.0,4.0,0.0,1.0,4.0,0,0,10.0,14.0,0.0,0.0,,87.719,71.429,4.0,0.25
319572,Valentín Barco,Strasbourg,M,567,0.0,2.0,4.0,2.0,351,300.0,17.0,4.0,4.0,18.0,2,0,46.0,73.0,0.0,0.317,0.5,85.47,63.014,3.333,0.476
319919,Oussama El Azzouzi,Auxerre,M,95,0.0,0.0,0.0,0.0,56,54.0,5.0,2.0,3.0,2.0,1,0,9.0,15.0,0.0,0.0,,96.429,60.0,6.632,1.658
321648,Emersonn,Toulouse,F,174,2.0,1.0,11.0,4.0,23,19.0,0.0,1.0,5.0,2.0,1,0,9.0,29.0,1.034,0.517,0.364,82.609,31.034,0.517,1.164
322595,Lasso Coulibaly,Auxerre,M,122,0.0,0.0,0.0,0.0,40,33.0,5.0,3.0,4.0,5.0,0,0,17.0,23.0,0.0,0.0,,82.5,73.913,5.902,0.738
322865,Karim Dermane,Lorient,F,370,0.0,1.0,2.0,0.0,129,107.0,7.0,2.0,6.0,12.0,3,0,22.0,49.0,0.0,0.243,0.0,82.946,44.898,2.189,1.095
322865,Karim Dermane,Lorient,M,25,0.0,0.0,1.0,0.0,13,12.0,1.0,0.0,1.0,0.0,0,0,2.0,7.0,0.0,0.0,0.0,92.308,28.571,3.6,0.9
322984,Samson Baidoo,Lens,D,585,1.0,0.0,5.0,3.0,246,230.0,6.0,8.0,9.0,1.0,2,0,20.0,49.0,0.154,0.0,0.6,93.496,40.816,2.154,0.654
323625,Kévin Danois,Auxerre,M,682,0.0,0.0,4.0,2.0,341,294.0,21.0,6.0,9.0,2.0,1,0,32.0,89.0,0.0,0.0,0.5,86.217,35.955,3.563,0.429
325346,Guillaume Restes,Toulouse,G,720,0.0,0.0,0.0,0.0,187,121.0,0.0,1.0,0.0,4.0,2,0,4.0,4.0,0.0,0.0,,64.706,100.0,0.125,0.25
325594,Félix Lemaréchal,Strasbourg,F,206,0.0,2.0,3.0,1.0,86,70.0,9.0,0.0,3.0,1.0,0,0,18.0,32.0,0.0,0.874,0.333,81.395,56.25,3.932,0.328
325594,Félix Lemaréchal,Strasbourg,M,264,0.0,0.0,3.0,1.0,112,88.0,7.0,2.0,4.0,5.0,0,0,18.0,40.0,0.0,0.0,0.333,78.571,45.0,3.068,0.341
326068,Kamory Doumbia,Stade Brestois 29,M,629,2.0,1.0,8.0,4.0,207,171.0,22.0,4.0,9.0,7.0,1,0,40.0,85.0,0.286,0.143,0.5,82.609,47.059,3.72,0.465
326073,Remy Labeau Lascary,Stade Brestois 29,F,67,1.0,0.0,1.0,1.0,13,11.0,0.0,0.0,6.0,2.0,1,0,5.0,16.0,1.343,0.0,1.0,84.615,31.25,0.0,3.358
326073,Remy Labeau Lascary,Stade Brestois 29,M,63,1.0,0.0,2.0,1.0,13,11.0,0.0,1.0,1.0,3.0,0,0,3.0,8.0,1.429,0.0,0.5,84.615,37.5,1.429,0.357
327548,Joseph N'Duquidi,Metz,M,14,0.0,0.0,0.0,0.0,3,2.0,0.0,0.0,0.0,0.0,0,0,0.0,0.0,0.0,0.0,,66.667,,0.0,0.0
327592,Lohann Doucet,Paris FC,M,83,0.0,0.0,1.0,0.0,40,38.0,0.0,0.0,4.0,1.0,1,0,2.0,10.0,0.0,0.0,0.0,95.0,20.0,0.0,2.169
329209,Axel Camblan,Stade Brestois 29,M,12,0.0,0.0,0.0,0.0,3,3.0,0.0,0.0,0.0,0.0,0,0,0.0,1.0,0.0,0.0,,100.0,0.0,0.0,0.0
333137,Kassoum Ouattara,Monaco,D,226,0.0,0.0,4.0,0.0,80,58.0,5.0,5.0,4.0,1.0,1,0,19.0,40.0,0.0,0.0,0.0,72.5,47.5,3.982,0.796
333137,Kassoum Ouattara,Monaco,M,70,0.0,0.0,0.0,0.0,25,15.0,0.0,0.0,1.0,3.0,0,0,3.0,11.0,0.0,0.0,,60.0,27.273,0.0,0.321
334035,Samuel Amo-Ameyaw,Strasbourg,D,80,0.0,0.0,0.0,0.0,27,25.0,3.0,0.0,3.0,2.0,0,0,10.0,19.0,0.0,0.0,,92.593,52.632,3.375,0.844
334035,Samuel Amo-Ameyaw,Strasbourg,F,126,0.0,1.0,1.0,0.0,53,49.0,3.0,1.0,1.0,3.0,1,0,10.0,19.0,0.0,0.714,0.0,92.453,52.632,2.857,0.893
334878,Ugo Raghouber,Lille,M,10,0.0,0.0,0.0,0.0,6,4.0,0.0,0.0,0.0,0.0,0,0,0.0,1.0,0.0,0.0,,66.667,0.0,0.0,0.0
334879,Badredine Bouanani,Nice,F,76,0.0,0.0,1.0,0.0,30,23.0,0.0,1.0,0.0,2.0,0,0,3.0,9.0,0.0,0.0,0.0,76.667,33.333,1.184,0.0
334879,Badredine Bouanani,Nice,M,18,0.0,0.0,0.0,0.0,17,14.0,0.0,0.0,0.0,0.0,0,0,0.0,0.0,0.0,0.0,,82.353,,0.0,0.0
334914,Saël Kumbedi,Lyon,D,66,0.0,0.0,1.0,0.0,13,7.0,1.0,1.0,4.0,2.0,1,0,4.0,11.0,0.0,0.0,0.0,53.846,36.364,2.727,2.727
334952,Rafik Messali,Toulouse,M,16,0.0,0.0,0.0,0.0,3,2.0,1.0,0.0,0.0,1.0,0,0,2.0,3.0,0.0,0.0,,66.667,66.667,5.625,0.0
335051,João Neves,Paris Saint Germain,M,176,3.0,0.0,6.0,3.0,184,175.0,2.0,1.0,2.0,2.0,0,0,6.0,12.0,1.534,0.0,0.5,95.109,50.0,1.534,0.256
335056,Diego Moreira,Strasbourg,F,100,1.0,1.0,1.0,1.0,37,28.0,5.0,1.0,0.0,0.0,0,0,6.0,12.0,0.9,0.9,1.0,75.676,50.0,5.4,0.0
335056,Diego Moreira,Strasbourg,M,418,0.0,1.0,2.0,1.0,165,135.0,9.0,1.0,2.0,4.0,1,0,22.0,51.0,0.0,0.215,0.5,81.818,43.137,2.153,0.323
336180,Morgan Bokele Mputu,Metz,F,57,0.0,0.0,0.0,0.0,27,22.0,1.0,0.0,1.0,2.0,0,0,3.0,8.0,0.0,0.0,,81.481,37.5,1.579,0.395
336180,Morgan Bokele Mputu,Metz,M,81,0.0,0.0,0.0,0.0,30,24.0,1.0,0.0,0.0,4.0,0,0,6.0,9.0,0.0,0.0,,80.0,66.667,1.111,0.0
336657,Warren Zaïre-Emery,Paris Saint Germain,D,270,0.0,0.0,1.0,1.0,231,215.0,4.0,4.0,4.0,1.0,0,0,8.0,18.0,0.0,0.0,1.0,93.074,44.444,2.667,0.333
336657,Warren Zaïre-Emery,Paris Saint Germain,M,303,0.0,0.0,1.0,0.0,282,267.0,6.0,1.0,9.0,3.0,0,0,16.0,38.0,0.0,0.0,0.0,94.681,42.105,2.079,0.668
340077,Matias Fernandez,Lille,F,161,2.0,1.0,4.0,3.0,36,29.0,0.0,0.0,1.0,2.0,1,0,4.0,8.0,1.118,0.559,0.75,80.556,50.0,0.0,0.699
340077,Matias Fernandez,Lille,M,260,0.0,0.0,2.0,1.0,75,68.0,3.0,0.0,1.0,6.0,1,0,13.0,20.0,0.0,0.0,0.5,90.667,65.0,1.038,0.433
340077,Matías Fernández,Lille,F,81,0.0,0.0,1.0,0.0,32,24.0,1.0,1.0,0.0,1.0,0,0,6.0,9.0,0.0,0.0,0.0,75.0,66.667,2.222,0.0
340077,Matías Fernández,Lille,M,89,0.0,0.0,3.0,3.0,34,28.0,1.0,1.0,1.0,2.0,0,0,3.0,7.0,0.0,0.0,1.0,82.353,42.857,2.022,0.253
340080,Vincent Burlet,Lille,D,19,0.0,0.0,0.0,0.0,14,13.0,0.0,0.0,0.0,0.0,0,0,0.0,3.0,0.0,0.0,,92.857,0.0,0.0,0.0
340151,Mike Penders,Strasbourg,G,630,0.0,0.0,0.0,0.0,275,228.0,0.0,0.0,1.0,0.0,2,0,0.0,1.0,0.0,0.0,,82.909,0.0,0.0,0.321
340152,Stanis Idumbo Muzambo,Monaco,M,76,0.0,1.0,3.0,1.0,34,32.0,1.0,0.0,2.0,2.0,0,0,4.0,9.0,0.0,1.184,0.333,94.118,44.444,1.184,0.592
340154,Arthur Vermeeren,Marseille,M,24,0.0,1.0,0.0,0.0,28,28.0,1.0,1.0,1.0,0.0,0,0,1.0,2.0,0.0,3.75,,100.0,50.0,7.5,0.938
343027,Désiré Doué,Paris Saint Germain,F,170,0.0,0.0,3.0,0.0,93,83.0,6.0,2.0,2.0,6.0,0,0,16.0,36.0,0.0,0.0,0.0,89.247,44.444,4.235,0.265
343027,Désiré Doué,Paris Saint Germain,M,61,0.0,1.0,1.0,1.0,49,40.0,3.0,0.0,0.0,2.0,0,0,5.0,16.0,0.0,1.475,1.0,81.633,31.25,4.426,0.0
343320,Eliesse Ben Seghir,Monaco,M,45,0.0,0.0,1.0,0.0,25,19.0,2.0,0.0,1.0,1.0,0,0,4.0,7.0,0.0,0.0,0.0,76.0,57.143,4.0,0.5
343609,Jacques Ekomie,Angers,D,403,0.0,0.0,3.0,2.0,123,105.0,10.0,6.0,8.0,8.0,1,0,23.0,37.0,0.0,0.0,0.667,85.366,62.162,3.573,0.67
343609,Jacques Ekomie,Angers,M,76,0.0,0.0,0.0,0.0,12,8.0,12.0,1.0,0.0,0.0,0,0,13.0,20.0,0.0,0.0,,66.667,65.0,15.395,0.0
343792,Djaoui Cissé,Rennes,M,246,0.0,0.0,5.0,1.0,117,98.0,8.0,0.0,6.0,3.0,1,0,15.0,32.0,0.0,0.0,0.2,83.761,46.875,2.927,0.915
344165,Damián Pizarro,Le Havre,F,26,0.0,0.0,0.0,0.0,3,2.0,0.0,0.0,1.0,1.0,0,0,1.0,4.0,0.0,0.0,,66.667,25.0,0.0,0.865
345388,Afonso Moreira,Lyon,F,70,0.0,0.0,2.0,0.0,13,13.0,2.0,1.0,3.0,2.0,2,0,5.0,16.0,0.0,0.0,0.0,100.0,31.25,3.857,3.536
345416,Rafael Luis,Strasbourg,M,193,0.0,0.0,1.0,1.0,119,107.0,7.0,1.0,2.0,0.0,0,0,9.0,14.0,0.0,0.0,1.0,89.916,64.286,3.731,0.233
347211,Robin Risser,Lens,G,720,0.0,0.0,0.0,0.0,229,165.0,0.0,0.0,0.0,0.0,1,0,1.0,1.0,0.0,0.0,,72.052,100.0,0.0,0.125
351888,Ousmane Touré,Lille,D,52,0.0,0.0,0.0,0.0,21,18.0,1.0,2.0,0.0,0.0,0,0,3.0,7.0,0.0,0.0,,85.714,42.857,5.192,0.0
358166,Abdoul Ouattara,Strasbourg,D,145,0.0,0.0,0.0,0.0,74,65.0,1.0,1.0,1.0,1.0,1,0,3.0,8.0,0.0,0.0,,87.838,37.5,1.241,0.776
358166,Abdoul Ouattara,Strasbourg,M,405,2.0,0.0,5.0,4.0,145,129.0,5.0,4.0,6.0,0.0,0,0,6.0,26.0,0.444,0.0,0.8,88.966,23.077,2.0,0.333
359386,Martial Godo,Strasbourg,F,98,2.0,0.0,4.0,3.0,43,39.0,0.0,3.0,0.0,3.0,0,0,5.0,9.0,1.837,0.0,0.75,90.698,55.556,2.755,0.0
359386,Martial Godo,Strasbourg,M,61,0.0,0.0,0.0,0.0,14,11.0,1.0,0.0,1.0,0.0,1,0,2.0,8.0,0.0,0.0,,78.571,25.0,1.475,1.844
361348,Malick Fofana,Lyon,F,89,0.0,0.0,1.0,1.0,22,18.0,2.0,1.0,5.0,4.0,1,0,7.0,13.0,0.0,0.0,1.0,81.818,53.846,3.034,2.275
361348,Malick Fofana,Lyon,M,569,2.0,1.0,10.0,8.0,166,133.0,6.0,2.0,6.0,15.0,0,0,27.0,52.0,0.316,0.158,0.8,80.12,51.923,1.265,0.237
362741,Santiago Hidalgo,Toulouse,F,132,0.0,2.0,1.0,0.0,37,26.0,4.0,0.0,4.0,2.0,1,0,12.0,30.0,0.0,1.364,0.0,70.27,40.0,2.727,1.364
363792,Terry Yegbe,Metz,D,482,0.0,0.0,1.0,1.0,316,276.0,7.0,6.0,3.0,1.0,0,0,10.0,18.0,0.0,0.0,1.0,87.342,55.556,2.427,0.14
364093,Simon Ebonog,Le Havre,M,263,0.0,0.0,1.0,0.0,60,50.0,7.0,2.0,5.0,2.0,1,0,16.0,32.0,0.0,0.0,0.0,83.333,50.0,3.08,0.77
365742,Michel Diaz,Stade Brestois 29,D,469,0.0,0.0,1.0,0.0,203,174.0,6.0,8.0,0.0,2.0,0,0,18.0,29.0,0.0,0.0,0.0,85.714,62.069,2.687,0.0
367636,Jérémy Jacquet,Rennes,D,725,0.0,0.0,2.0,1.0,493,453.0,13.0,6.0,14.0,10.0,2,0,43.0,70.0,0.0,0.0,0.5,91.886,61.429,2.359,0.683
369500,Ismaelo Ganiou,Lens,D,73,0.0,0.0,0.0,0.0,44,38.0,1.0,1.0,4.0,1.0,2,1,4.0,11.0,0.0,0.0,,86.364,36.364,2.466,6.164
369556,Justin Bourgault,Stade Brestois 29,D,15,0.0,0.0,1.0,0.0,4,4.0,0.0,1.0,0.0,0.0,0,0,2.0,4.0,0.0,0.0,0.0,100.0,50.0,6.0,0.0
371916,Christian Mawissa,Monaco,D,360,0.0,0.0,0.0,0.0,332,315.0,4.0,6.0,2.0,5.0,1,0,19.0,33.0,0.0,0.0,,94.88,57.576,2.5,0.375
374058,Lamine Camara,Monaco,M,333,0.0,3.0,3.0,0.0,224,193.0,6.0,7.0,4.0,10.0,1,0,25.0,45.0,0.0,0.811,0.0,86.161,55.556,3.514,0.541
375000,Ibrahim Salah,Rennes,F,41,0.0,0.0,0.0,0.0,22,22.0,1.0,0.0,0.0,2.0,0,0,4.0,7.0,0.0,0.0,,100.0,57.143,2.195,0.0
375598,Ngal'ayel Mukau,Lille,M,311,1.0,0.0,3.0,2.0,99,90.0,4.0,2.0,5.0,3.0,0,0,10.0,26.0,0.289,0.0,0.667,90.909,38.462,1.736,0.362
375990,Pathé Mboup,Stade Brestois 29,F,81,0.0,0.0,1.0,0.0,10,7.0,0.0,1.0,2.0,0.0,0,0,4.0,15.0,0.0,0.0,0.0,70.0,26.667,1.111,0.556
375990,Pathé Mboup,Stade Brestois 29,M,139,0.0,0.0,2.0,1.0,29,16.0,2.0,1.0,5.0,6.0,1,0,10.0,29.0,0.0,0.0,0.5,55.172,34.483,1.942,1.457
378353,Urie-Michel Mboula,Metz,D,131,0.0,0.0,0.0,0.0,70,57.0,2.0,1.0,1.0,4.0,0,0,8.0,11.0,0.0,0.0,,81.429,72.727,2.061,0.172
378353,Urie-Michel Mboula,Metz,M,45,0.0,0.0,0.0,0.0,22,20.0,1.0,1.0,1.0,1.0,0,0,2.0,3.0,0.0,0.0,,90.909,66.667,4.0,0.5
379329,Tiago Santos,Lille,D,103,0.0,0.0,0.0,0.0,32,24.0,2.0,0.0,3.0,6.0,0,0,8.0,15.0,0.0,0.0,,75.0,53.333,1.748,0.655
384112,Panos Katseris,Lorient,D,25,0.0,0.0,0.0,0.0,9,8.0,0.0,0.0,0.0,3.0,0,0,4.0,8.0,0.0,0.0,,88.889,50.0,0.0,0.0
384112,Panos Katseris,Lorient,M,105,0.0,0.0,2.0,1.0,48,39.0,1.0,5.0,2.0,2.0,1,0,4.0,12.0,0.0,0.0,0.5,81.25,33.333,5.143,1.286
384683,Ismaël Guerti,Metz,M,15,0.0,0.0,0.0,0.0,9,7.0,2.0,1.0,0.0,0.0,0,0,3.0,4.0,0.0,0.0,,77.778,75.0,18.0,0.0
385569,Emmanuel Biumla,Angers,D,71,0.0,0.0,0.0,0.0,44,37.0,4.0,1.0,0.0,1.0,0,0,6.0,8.0,0.0,0.0,,84.091,75.0,6.338,0.0
385569,Emmanuel Biumla,Angers,M,59,0.0,0.0,0.0,0.0,28,24.0,0.0,0.0,0.0,0.0,0,0,1.0,5.0,0.0,0.0,,85.714,20.0,0.0,0.0
386276,Paris Brunner,Monaco,F,82,0.0,0.0,0.0,0.0,16,9.0,1.0,1.0,6.0,1.0,1,0,5.0,16.0,0.0,0.0,,56.25,31.25,2.195,2.744
386287,Ethan Mbappé,Lille,M,32,2.0,0.0,2.0,2.0,25,21.0,0.0,0.0,0.0,1.0,0,0,1.0,7.0,5.625,0.0,1.0,84.0,14.286,0.0,0.0
387120,Rabby Nzingoula,Strasbourg,M,7,0.0,0.0,0.0,0.0,3,2.0,0.0,0.0,1.0,0.0,0,1,0.0,2.0,0.0,0.0,,66.667,0.0,0.0,28.929
388779,Dehmaine Tabibou,Nantes,M,281,0.0,0.0,4.0,0.0,94,72.0,5.0,3.0,4.0,6.0,0,0,16.0,29.0,0.0,0.0,0.0,76.596,55.172,2.562,0.32
389322,Nhoa Sangui,Paris FC,D,346,0.0,0.0,1.0,0.0,171,147.0,7.0,1.0,1.0,4.0,0,0,14.0,21.0,0.0,0.0,0.0,85.965,66.667,2.081,0.065
390742,Joaquin Panichelli,Strasbourg,F,622,7.0,0.0,21.0,13.0,142,111.0,7.0,5.0,12.0,13.0,1,0,38.0,95.0,1.013,0.0,0.619,78.169,40.0,1.736,0.579
394950,Andrija Bulatovic,Lens,M,10,0.0,0.0,0.0,0.0,3,1.0,2.0,0.0,1.0,0.0,0,0,2.0,4.0,0.0,0.0,,33.333,50.0,18.0,2.25
395040,George Ilenikhena,Monaco,F,153,2.0,0.0,6.0,3.0,24,20.0,0.0,0.0,1.0,2.0,0,0,9.0,21.0,1.176,0.0,0.5,83.333,42.857,0.0,0.147
395762,Mathis Amougou,Strasbourg,M,133,0.0,0.0,2.0,1.0,44,38.0,4.0,1.0,0.0,3.0,0,0,8.0,10.0,0.0,0.0,0.5,86.364,80.0,3.383,0.0
395811,Fode Sylla,Lens,M,69,0.0,0.0,0.0,0.0,41,33.0,6.0,1.0,2.0,0.0,0,0,8.0,11.0,0.0,0.0,,80.488,72.727,9.13,0.652
396193,Lucas Høgsberg,Strasbourg,D,527,0.0,0.0,0.0,0.0,392,361.0,4.0,6.0,10.0,5.0,2,1,14.0,28.0,0.0,0.0,,92.092,50.0,1.708,1.11
399890,Nordan Mukiele,Rennes,F,28,0.0,0.0,0.0,0.0,11,10.0,0.0,0.0,3.0,0.0,0,0,1.0,7.0,0.0,0.0,,90.909,14.286,0.0,2.411
402066,Anthony Bermont,Lens,M,39,0.0,0.0,1.0,0.0,33,25.0,0.0,0.0,0.0,0.0,0,0,4.0,6.0,0.0,0.0,0.0,75.758,66.667,0.0,0.0
402265,Arthur Avom Ebong,Lorient,M,643,0.0,1.0,6.0,1.0,315,276.0,14.0,13.0,8.0,15.0,2,0,44.0,73.0,0.0,0.14,0.167,87.619,60.274,3.779,0.56
402386,Arsène Kouassi,Lorient,D,76,0.0,0.0,0.0,0.0,19,15.0,2.0,1.0,0.0,1.0,0,0,4.0,6.0,0.0,0.0,,78.947,66.667,3.553,0.0
402386,Arsène Kouassi,Lorient,M,570,1.0,2.0,1.0,1.0,204,175.0,4.0,3.0,5.0,10.0,2,0,30.0,49.0,0.158,0.316,1.0,85.784,61.224,1.105,0.513
402542,Telli Siwe,Auxerre,D,225,0.0,0.0,1.0,0.0,66,56.0,4.0,4.0,2.0,0.0,0,0,6.0,16.0,0.0,0.0,0.0,84.848,37.5,3.2,0.2
403277,Lanroy Machine,Angers,F,117,0.0,0.0,6.0,1.0,21,16.0,3.0,0.0,3.0,2.0,0,0,6.0,24.0,0.0,0.0,0.167,76.19,25.0,2.308,0.577
404172,Kojo Peprah Oppong,Nice,D,680,1.0,0.0,2.0,2.0,400,365.0,16.0,9.0,10.0,9.0,1,0,44.0,73.0,0.132,0.0,1.0,91.25,60.274,3.309,0.463
405074,Justin-Noel Kalumba,Angers,F,135,0.0,0.0,0.0,0.0,36,26.0,6.0,1.0,1.0,1.0,0,0,10.0,26.0,0.0,0.0,,72.222,38.462,4.667,0.167
405074,Justin-Noel Kalumba,Angers,M,90,0.0,0.0,0.0,0.0,39,31.0,0.0,0.0,2.0,2.0,0,0,4.0,13.0,0.0,0.0,,79.487,30.769,0.0,0.5
406303,Kendry Páez,Strasbourg,F,125,1.0,0.0,2.0,1.0,39,30.0,0.0,0.0,2.0,2.0,0,0,3.0,17.0,0.72,0.0,0.5,76.923,17.647,0.0,0.36
406303,Kendry Páez,Strasbourg,M,157,0.0,0.0,3.0,2.0,60,43.0,4.0,2.0,4.0,1.0,0,0,9.0,28.0,0.0,0.0,0.667,71.667,32.143,3.439,0.573
407017,Moise Bombito,Nice,D,146,0.0,0.0,0.0,0.0,64,54.0,2.0,2.0,3.0,1.0,1,0,9.0,15.0,0.0,0.0,,84.375,60.0,2.466,1.079
408870,Ibou Sane,Metz,F,95,0.0,0.0,0.0,0.0,29,27.0,0.0,1.0,3.0,4.0,0,0,5.0,9.0,0.0,0.0,,93.103,55.556,0.947,0.711
408870,Ibou Sane,Metz,M,73,0.0,0.0,1.0,1.0,14,13.0,3.0,0.0,0.0,4.0,0,0,7.0,12.0,0.0,0.0,1.0,92.857,58.333,3.699,0.0
409216,Senny Mayulu,Paris Saint Germain,D,89,1.0,0.0,3.0,2.0,53,46.0,4.0,0.0,0.0,1.0,0,0,6.0,10.0,1.011,0.0,0.667,86.792,60.0,4.045,0.0
409216,Senny Mayulu,Paris Saint Germain,M,171,0.0,1.0,0.0,0.0,95,82.0,11.0,0.0,5.0,3.0,0,0,15.0,28.0,0.0,0.526,,86.316,53.571,5.789,0.658
412759,Jaydee Canvot,Toulouse,D,90,0.0,0.0,0.0,0.0,61,59.0,1.0,0.0,0.0,0.0,0,0,5.0,8.0,0.0,0.0,,96.721,62.5,1.0,0.0
412759,Jaydee Canvot,Toulouse,M,90,0.0,0.0,2.0,0.0,45,38.0,1.0,0.0,1.0,0.0,1,0,2.0,4.0,0.0,0.0,0.0,84.444,50.0,1.0,1.25
415431,Samir El Mourabet,Strasbourg,M,416,0.0,0.0,1.0,0.0,268,240.0,13.0,2.0,4.0,4.0,0,0,22.0,41.0,0.0,0.0,0.0,89.552,53.659,3.245,0.216
417830,Abdelhamid Ait Boudlal,Rennes,D,76,0.0,0.0,0.0,0.0,33,28.0,1.0,2.0,1.0,0.0,0,1,2.0,4.0,0.0,0.0,,84.848,50.0,3.553,2.664
419035,Mamadou Coulibaly,Monaco,M,216,0.0,0.0,0.0,0.0,146,139.0,11.0,3.0,6.0,4.0,0,0,18.0,31.0,0.0,0.0,,95.205,58.065,5.833,0.625
421875,Sidiki Cherif,Angers,F,278,1.0,0.0,6.0,3.0,40,23.0,3.0,3.0,5.0,2.0,1,0,8.0,26.0,0.324,0.0,0.5,57.5,30.769,1.942,0.728
421875,Sidiki Cherif,Angers,M,130,0.0,0.0,3.0,2.0,31,26.0,0.0,0.0,2.0,3.0,1,0,6.0,15.0,0.0,0.0,0.667,83.871,40.0,0.0,1.038
422595,Luc Zogbé,Stade Brestois 29,D,8,0.0,0.0,0.0,0.0,1,1.0,0.0,0.0,1.0,0.0,0,0,0.0,2.0,0.0,0.0,,100.0,0.0,0.0,2.812
425207,Marius Courcoul,Angers,D,52,0.0,0.0,0.0,0.0,24,16.0,2.0,1.0,0.0,1.0,0,0,4.0,9.0,0.0,0.0,,66.667,44.444,5.192,0.0
425207,Marius Courcoul,Angers,M,45,0.0,0.0,0.0,0.0,9,7.0,2.0,0.0,1.0,0.0,0,0,2.0,4.0,0.0,0.0,,77.778,50.0,4.0,0.5
428084,Sadibou Sané,Metz,D,397,1.0,0.0,1.0,1.0,311,282.0,12.0,8.0,8.0,1.0,1,2,17.0,32.0,0.227,0.0,1.0,90.675,53.125,4.534,1.587
428504,Amady Camara,Nantes,F,122,0.0,0.0,1.0,0.0,33,26.0,2.0,1.0,2.0,0.0,0,0,4.0,13.0,0.0,0.0,0.0,78.788,30.769,2.213,0.369
430816,Noah Edjouma,Toulouse,F,182,0.0,0.0,0.0,0.0,40,30.0,3.0,3.0,2.0,3.0,0,0,10.0,32.0,0.0,0.0,,75.0,31.25,2.967,0.247
434352,Alpha Touré,Metz,D,90,0.0,0.0,0.0,0.0,41,37.0,1.0,1.0,0.0,1.0,0,0,4.0,8.0,0.0,0.0,,90.244,50.0,2.0,0.0
434352,Alpha Touré,Metz,M,205,0.0,0.0,0.0,0.0,112,101.0,8.0,0.0,4.0,3.0,0,0,17.0,28.0,0.0,0.0,,90.179,60.714,3.512,0.439
434410,Idrissa Gueye,Metz,F,132,0.0,0.0,1.0,0.0,16,8.0,2.0,0.0,3.0,2.0,0,0,6.0,17.0,0.0,0.0,0.0,50.0,35.294,1.364,0.511
435482,Robinio Vaz,Marseille,F,139,2.0,2.0,4.0,4.0,16,13.0,3.0,1.0,4.0,3.0,1,0,7.0,13.0,1.295,1.295,1.0,81.25,53.846,2.59,1.295
437349,Enzo Koffi,Le Havre,F,12,0.0,0.0,0.0,0.0,6,5.0,0.0,0.0,0.0,0.0,0,0,0.0,0.0,0.0,0.0,,83.333,,0.0,0.0
437776,Abdoulaye Faye,Lorient,D,574,0.0,0.0,5.0,1.0,355,312.0,12.0,13.0,13.0,7.0,5,0,37.0,63.0,0.0,0.0,0.2,87.887,58.73,3.92,1.294
438281,Mahamadou Nagida,Rennes,D,80,0.0,0.0,3.0,1.0,31,25.0,1.0,1.0,2.0,1.0,0,0,6.0,10.0,0.0,0.0,0.333,80.645,60.0,2.25,0.562
438688,Ayyoub Bouaddi,Lille,M,622,0.0,0.0,3.0,1.0,208,176.0,10.0,9.0,14.0,8.0,2,0,37.0,70.0,0.0,0.0,0.333,84.615,52.857,2.749,0.796
438692,Mathys de Carvalho,Lyon,M,9,0.0,0.0,1.0,0.0,12,12.0,1.0,0.0,0.0,0.0,0,0,1.0,1.0,0.0,0.0,0.0,100.0,100.0,10.0,0.0
443579,Rayan Fofana,Lens,F,376,2.0,0.0,14.0,5.0,64,46.0,4.0,2.0,4.0,17.0,0,0,33.0,61.0,0.479,0.0,0.357,71.875,54.098,1.436,0.239
443674,Louis Leroux,Nantes,D,270,1.0,0.0,1.0,1.0,94,72.0,3.0,1.0,1.0,0.0,1,0,6.0,16.0,0.333,0.0,1.0,76.596,37.5,1.333,0.417
443674,Louis Leroux,Nantes,M,296,0.0,0.0,0.0,0.0,85,60.0,8.0,2.0,2.0,3.0,0,0,14.0,24.0,0.0,0.0,,70.588,58.333,3.041,0.152
443676,Bahereba Guirassy,Nantes,F,179,0.0,1.0,1.0,0.0,45,25.0,2.0,1.0,5.0,0.0,0,0,8.0,30.0,0.0,0.503,0.0,55.556,26.667,1.508,0.628
443676,Bahereba Guirassy,Nantes,M,115,0.0,0.0,3.0,2.0,30,17.0,8.0,2.0,0.0,0.0,0,0,12.0,19.0,0.0,0.0,0.667,56.667,63.158,7.826,0.0
443755,Bahmed Deuff,Nantes,M,30,0.0,0.0,0.0,0.0,8,6.0,0.0,1.0,1.0,1.0,0,0,1.0,3.0,0.0,0.0,,75.0,33.333,3.0,0.75
446249,Ibrahim Mbaye,Paris Saint Germain,F,389,0.0,0.0,3.0,1.0,242,211.0,6.0,3.0,7.0,5.0,0,0,22.0,50.0,0.0,0.0,0.333,87.19,44.0,2.082,0.405
449153,Hamidou Makalou,Stade Brestois 29,M,134,0.0,0.0,2.0,0.0,45,31.0,1.0,1.0,1.0,1.0,0,0,2.0,8.0,0.0,0.0,0.0,68.889,25.0,1.343,0.168
449509,Abdulay Juma Bah,Nice,D,473,0.0,0.0,1.0,0.0,342,320.0,7.0,3.0,8.0,1.0,2,0,26.0,48.0,0.0,0.0,0.0,93.567,54.167,1.903,0.761
449662,Mohamed Kader Meite,Rennes,F,160,1.0,1.0,5.0,3.0,31,21.0,0.0,1.0,3.0,2.0,0,0,13.0,23.0,0.562,0.562,0.6,67.742,56.522,0.562,0.422
452697,Dayann Methalie,Toulouse,D,138,0.0,0.0,3.0,2.0,30,21.0,5.0,3.0,4.0,3.0,0,0,9.0,17.0,0.0,0.0,0.667,70.0,52.941,5.217,0.652
452697,Dayann Methalie,Toulouse,M,386,0.0,0.0,1.0,1.0,85,69.0,13.0,5.0,15.0,2.0,2,0,24.0,56.0,0.0,0.0,1.0,81.176,42.857,4.197,1.341
453792,Aladji Bamba,Monaco,M,145,0.0,0.0,0.0,0.0,123,113.0,8.0,2.0,4.0,4.0,1,0,19.0,29.0,0.0,0.0,,91.87,65.517,6.207,1.241
455245,Darryl Bakola,Marseille,M,33,0.0,0.0,0.0,0.0,22,21.0,0.0,0.0,1.0,2.0,0,0,2.0,5.0,0.0,0.0,,95.455,40.0,0.0,0.682
456831,Marius Louer,Angers,D,11,0.0,0.0,0.0,0.0,10,9.0,0.0,0.0,0.0,0.0,0,0,0.0,0.0,0.0,0.0,,90.0,,0.0,0.0
457025,Julian Vignolo,Toulouse,F,10,0.0,0.0,0.0,0.0,1,1.0,0.0,0.0,1.0,0.0,0,0,0.0,1.0,0.0,0.0,,100.0,0.0,0.0,2.25
457541,Prosper Peter,Angers,F,503,1.0,0.0,9.0,6.0,71,54.0,3.0,1.0,8.0,14.0,0,0,28.0,63.0,0.179,0.0,0.667,76.056,44.444,0.716,0.358
460805,Daren Nbenbege Mosengo,Le Havre,M,12,0.0,0.0,0.0,0.0,7,6.0,1.0,0.0,0.0,0.0,0,0,1.0,2.0,0.0,0.0,,85.714,50.0,7.5,0.0
461463,Mathis Saka,Toulouse,M,8,0.0,0.0,0.0,0.0,5,2.0,0.0,0.0,1.0,0.0,0,0,0.0,1.0,0.0,0.0,,40.0,0.0,0.0,2.812
471106,Enzo Molebe,Lyon,F,9,0.0,0.0,0.0,0.0,5,3.0,0.0,0.0,0.0,0.0,0,0,0.0,1.0,0.0,0.0,,60.0,0.0,0.0,0.0
471107,Quentin Ndjantou,Paris Saint Germain,F,57,0.0,0.0,3.0,1.0,44,35.0,1.0,0.0,2.0,1.0,0,0,3.0,9.0,0.0,0.0,0.333,79.545,33.333,1.579,0.789
471107,Quentin Ndjantou,Paris Saint Germain,M,90,0.0,0.0,0.0,0.0,44,38.0,0.0,1.0,2.0,0.0,0,0,3.0,10.0,0.0,0.0,,86.364,30.0,1.0,0.5
485957,Serigne Diop,Stade Brestois 29,F,26,0.0,0.0,0.0,0.0,2,1.0,0.0,0.0,0.0,0.0,0,0,3.0,4.0,0.0,0.0,,50.0,75.0,0.0,0.0
489905,Seny Koumbassa,Toulouse,D,11,0.0,0.0,0.0,0.0,2,2.0,1.0,0.0,0.0,0.0,0,0,1.0,1.0,0.0,0.0,,100.0,100.0,8.182,0.0
490745,Maxima Goffi,Lille,D,39,0.0,0.0,0.0,0.0,22,19.0,1.0,0.0,1.0,0.0,0,0,4.0,6.0,0.0,0.0,,86.364,66.667,2.308,0.577
496896,Rudy Matondo,Auxerre,M,53,0.0,0.0,0.0,0.0,37,32.0,2.0,2.0,1.0,1.0,1,0,4.0,7.0,0.0,0.0,,86.486,57.143,6.792,2.123
498791,Raphaël Le Guen,Stade Brestois 29,D,11,0.0,0.0,0.0,0.0,2,1.0,0.0,0.0,0.0,0.0,0,0,0.0,0.0,0.0,0.0,,50.0,,0.0,0.0
503702,Bernard Nguene,Nice,F,38,0.0,0.0,0.0,0.0,10,7.0,0.0,2.0,2.0,0.0,1,0,2.0,6.0,0.0,0.0,,70.0,33.333,4.737,3.553
514464,Alexis Vossah,Toulouse,M,70,1.0,1.0,2.0,1.0,24,19.0,1.0,1.0,1.0,0.0,0,1,3.0,7.0,1.286,1.286,0.5,79.167,42.857,2.571,2.893
514519,Brian Madjo,Metz,F,150,0.0,0.0,2.0,1.0,14,8.0,0.0,0.0,2.0,3.0,0,0,6.0,13.0,0.0,0.0,0.5,57.143,46.154,0.0,0.3
519664,Khalis Merah,Lyon,F,150,0.0,0.0,2.0,2.0,54,49.0,1.0,0.0,2.0,2.0,0,0,4.0,10.0,0.0,0.0,1.0,90.741,40.0,0.6,0.3
519664,Khalis Merah,Lyon,M,176,0.0,0.0,0.0,0.0,80,71.0,1.0,1.0,6.0,5.0,1,0,7.0,20.0,0.0,0.0,,88.75,35.0,1.023,1.278
522609,Tylel Tati,Nantes,D,606,0.0,0.0,0.0,0.0,356,312.0,7.0,6.0,9.0,3.0,1,0,16.0,32.0,0.0,0.0,,87.64,50.0,1.931,0.483
579375,Djibirin Harouna,Angers,F,11,0.0,0.0,0.0,0.0,5,5.0,1.0,1.0,1.0,0.0,0,0,2.0,3.0,0.0,0.0,,100.0,66.667,16.364,2.045
