entity_type,league,season,team,matches_played,goals,assists,goals_for_pm,assists_pm,shots_for_pm,sot_for_pm,shots_against_pm,sot_against_pm,expected_goals,goals_prevented,possession,pass_accuracy_pct,_sot_ratio_for,_conv_rate_for,dominance_index,control_index,aggression_index_norm,corners_pm,fouls_committed,fouls_pm,yellows_pm,reds_pm,cards_pm,fouls_per_90_team,cards_per_90_team,cards_per_foul_team,fouls_per_duel_team,avg_goals_last_5,avg_cards_last_5,form_index_team,archetype,archetype_id,style_tags,summary_nl,sum_minutes,yellow_cards,red_cards,corners,_shots_for,_sot_for,_shots_against,_sot_against,passes_total,accurate_passes,_pass_acc_for,cards_total_sum,fouls_per_90_calc,cards_per_90_calc
team,EPL,2025/26,Arsenal,24,41,30,1.7083333333333333,1.25,14.875,5.041666666666667,0.0,0.0,1.7770833333333333,-0.20833333333333334,0.5775,84.96485513457912,0.3469598348291667,0.11222618612083334,0.4584212837833334,0.6956996510458334,0.43658819790416664,6.166666666666667,241,10.041666666666666,1.375,0.0,1.375,10.041666666666666,1.375,0.13382372987083332,0.4639454749666667,1.7437500000000001,1.4895833333333333,0.447445237225,possession-aggressive,3,"['possession-heavy', 'aggressive', 'control-high']","Arsenal: 24 matches | 1.71 goals/match | xG 1.78/match | possession 58% | SOT ratio 0.35 | control 0.70 | dominance 0.46 | cards 1.38/match | fouls 10.0/match | tags: possession-heavy, aggressive, control-high",0,33,0,148,357,121,0.0,0.0,11666,9912,84.52140199375,33,,
team,EPL,2025/26,Aston Villa,24,34,26,1.4166666666666667,1.0833333333333333,12.666666666666666,4.5,0.0,0.0,1.2854166666666667,-0.08333333333333333,0.53625,85.07601038190582,0.38481953549166664,0.12192535473333334,0.43661252731250005,0.6691002248166668,0.4305779551125,5.333333333333333,235,9.791666666666666,1.5,0.041666666666666664,1.5416666666666667,9.791666666666666,1.5416666666666667,0.16346159626666668,0.4792213132625,1.3666666666666665,1.6104166666666666,0.22459340428333333,possession-aggressive,1,"['aggressive', 'control-high']","Aston Villa: 24 matches | 1.42 goals/match | xG 1.29/match | possession 54% | SOT ratio 0.38 | control 0.67 | dominance 0.44 | cards 1.54/match | fouls 9.8/match | tags: aggressive, control-high",0,36,1,128,304,108,0.0,0.0,10788,9178,84.29677562416667,37,,
team,EPL,2025/26,Bournemouth,24,40,22,1.6666666666666667,0.9166666666666666,13.375,4.791666666666667,0.0,0.0,1.58125,-0.16666666666666666,0.49041666666666667,79.8902918650383,0.36866378787083337,0.13483782352083334,0.4184324696875,0.6256270513000001,0.563276152925,5.583333333333333,298,12.416666666666666,2.4166666666666665,0.041666666666666664,2.4583333333333335,12.416666666666666,2.4583333333333335,0.20726286311666667,0.48395419028750003,1.6222222222208333,2.4444444444458333,0.10474534248333334,possession-aggressive,1,"['aggressive', 'control-high']","Bournemouth: 24 matches | 1.67 goals/match | xG 1.58/match | possession 49% | SOT ratio 0.37 | control 0.63 | dominance 0.42 | cards 2.46/match | fouls 12.4/match | tags: aggressive, control-high",0,58,1,134,321,115,0.0,0.0,9662,7719,78.62002922250001,59,,
team,EPL,2025/26,Brentford,24,35,21,1.4583333333333333,0.875,10.291666666666666,4.041666666666667,0.0,0.0,1.6025,-0.125,0.46666666666666673,79.7200555614916,0.3887291153791667,0.13216204411250002,0.4024520679458334,0.613759720425,0.49082784829166665,4.958333333333333,263,10.958333333333334,1.9583333333333333,0.041666666666666664,2.0,10.958333333333334,2.0,0.19233898649166667,0.4811223271916667,1.4854166666666666,1.9402777777791667,0.18705740881666666,possession-aggressive,2,"['aggressive', 'control-high']","Brentford: 24 matches | 1.46 goals/match | xG 1.60/match | possession 47% | SOT ratio 0.39 | control 0.61 | dominance 0.40 | cards 2.00/match | fouls 11.0/match | tags: aggressive, control-high",0,47,1,119,247,97,0.0,0.0,9359,7461,78.90472186375,48,,
team,EPL,2025/26,Brighton,24,33,20,1.375,0.8333333333333334,13.25,4.375,0.0,0.0,1.5525,0.041666666666666664,0.5258333333333334,84.19563102502875,0.34149944214166666,0.10842570420000001,0.4127831659666667,0.6701203632833334,0.5384585236291667,5.0,284,11.833333333333334,2.4583333333333335,0.0,2.4583333333333335,11.833333333333334,2.4583333333333335,0.20213721463333334,0.45690645204999997,1.3625,2.5611111111125,-0.06539819248749999,possession-aggressive,1,"['aggressive', 'control-high']","Brighton: 24 matches | 1.38 goals/match | xG 1.55/match | possession 53% | SOT ratio 0.34 | control 0.67 | dominance 0.41 | cards 2.46/match | fouls 11.8/match | tags: aggressive, control-high",0,59,0,120,318,105,0.0,0.0,11307,9520,83.69139377583333,59,,
team,EPL,2025/26,Burnley,24,24,16,1.0,0.6666666666666666,8.666666666666666,2.8333333333333335,0.0,0.0,0.8341666666666666,-0.16666666666666666,0.41125000000000006,78.13292185605643,0.31505456349166666,0.130775012025,0.32651636905,0.575889741025,0.4422962745291667,3.375,239,9.958333333333334,1.7083333333333333,0.08333333333333333,1.7916666666666667,9.958333333333334,1.7916666666666667,0.18142674318333332,0.3889177638666667,0.9805555555541666,1.6277777777791667,0.02809944684166667,possession-aggressive,2,"['counter-oriented', 'aggressive']","Burnley: 24 matches | 1.00 goals/match | xG 0.83/match | possession 41% | SOT ratio 0.32 | control 0.58 | dominance 0.33 | cards 1.79/match | fouls 10.0/match | tags: counter-oriented, aggressive",0,41,2,81,208,68,0.0,0.0,9073,7089,76.48881208166667,43,,
team,EPL,2025/26,Chelsea,24,42,28,1.75,1.1666666666666667,13.416666666666666,4.791666666666667,0.0,0.0,1.8220833333333335,0.08333333333333333,0.5775,86.20826709062003,0.3608534412541667,0.14145946985,0.45675603238333334,0.713080661775,0.5156790289375001,5.875,269,11.208333333333334,2.375,0.20833333333333334,2.5833333333333335,11.208333333333334,2.5833333333333335,0.24078768453750002,0.46851150914166667,1.6534722222208333,2.496527777779167,0.10606967175416666,possession-aggressive,1,"['possession-heavy', 'aggressive', 'control-high']","Chelsea: 24 matches | 1.75 goals/match | xG 1.82/match | possession 58% | SOT ratio 0.36 | control 0.71 | dominance 0.46 | cards 2.58/match | fouls 11.2/match | tags: possession-heavy, aggressive, control-high",0,57,5,141,322,115,0.0,0.0,12580,10845,85.78454422291667,62,,
team,EPL,2025/26,Crystal Palace,24,24,13,1.0,0.5416666666666666,11.625,3.875,0.0,0.0,1.5808333333333333,0.125,0.4404166666666667,77.66442370306056,0.3620034479375,0.10339151588750001,0.3656010343875,0.5894406033166667,0.4571571709666667,4.041666666666667,244,10.166666666666666,2.0,0.041666666666666664,2.0416666666666665,10.166666666666666,2.0416666666666665,0.20218629749583336,0.3825366031375,0.9680555555541667,1.9958333333333333,-0.09404391904166669,possession-aggressive,0,"['counter-oriented', 'aggressive']","Crystal Palace: 24 matches | 1.00 goals/match | xG 1.58/match | possession 44% | SOT ratio 0.36 | control 0.59 | dominance 0.37 | cards 2.04/match | fouls 10.2/match | tags: counter-oriented, aggressive",0,48,1,97,279,93,0.0,0.0,9214,7156,76.95981932333333,49,,
team,EPL,2025/26,Everton,24,25,20,1.0416666666666667,0.8333333333333334,10.583333333333334,3.1666666666666665,0.0,0.0,1.08375,0.041666666666666664,0.4345833333333333,79.40301795351911,0.29883288007500003,0.10560908998333333,0.345149864025,0.597295264225,0.4695750441291667,4.083333333333333,252,10.5,1.8333333333333333,0.125,1.9583333333333333,10.5,1.9583333333333333,0.1952454408291667,0.41743597479583333,1.0215277777791667,2.0180555555541666,-0.07353095977083333,possession-aggressive,2,"['counter-oriented', 'aggressive']","Everton: 24 matches | 1.04 goals/match | xG 1.08/match | possession 43% | SOT ratio 0.30 | control 0.60 | dominance 0.35 | cards 1.96/match | fouls 10.5/match | tags: counter-oriented, aggressive",0,44,3,98,254,76,0.0,0.0,9079,7209,78.86139432291667,47,,
team,EPL,2025/26,Fulham,24,31,21,1.2916666666666667,0.875,11.875,3.75,0.0,0.0,1.1529166666666668,-0.25,0.5154166666666667,84.00313834887979,0.3298735830541667,0.11927516068333334,0.39762874158333333,0.667254394675,0.4948662552333334,4.625,263,10.958333333333334,2.1666666666666665,0.0,2.1666666666666665,10.958333333333334,2.1666666666666665,0.23305031705,0.47282846137083334,1.2319444444458334,2.1979166666666665,-0.019547745633333325,possession-aggressive,0,"['aggressive', 'control-high']","Fulham: 24 matches | 1.29 goals/match | xG 1.15/match | possession 52% | SOT ratio 0.33 | control 0.67 | dominance 0.40 | cards 2.17/match | fouls 11.0/match | tags: aggressive, control-high",0,52,0,111,285,90,0.0,0.0,11471,9636,83.5815508375,52,,
team,EPL,2025/26,Leeds,24,31,15,1.2916666666666667,0.625,12.458333333333334,4.0,0.0,0.0,1.3966666666666667,-0.08333333333333333,0.4566666666666667,79.98549673676577,0.34058648609583336,0.10215753225416667,0.375675945825,0.6149106631041666,0.44000471374166666,4.541666666666667,242,10.083333333333334,1.5,0.0,1.5,10.083333333333334,1.5,0.1395817145875,0.3767636077541667,1.2784722222208333,1.4104166666666667,0.2365426175666667,possession-aggressive,1,"['aggressive', 'control-high']","Leeds: 24 matches | 1.29 goals/match | xG 1.40/match | possession 46% | SOT ratio 0.34 | control 0.61 | dominance 0.38 | cards 1.50/match | fouls 10.1/match | tags: aggressive, control-high",0,36,0,109,299,96,0.0,0.0,9653,7721,79.283979625,36,,
team,EPL,2025/26,Liverpool,24,38,27,1.5833333333333333,1.125,15.5,4.416666666666667,0.0,0.0,1.6116666666666666,0.041666666666666664,0.6141666666666666,86.29117160475259,0.30211467540000003,0.12856918357083333,0.4488010692791667,0.7229075371250001,0.4141033546333333,5.625,224,9.333333333333334,1.625,0.0,1.625,9.333333333333334,1.625,0.21792570855,0.5140193000916667,1.6673611111125,1.6666666666666667,0.35939439227500003,possession-aggressive,3,"['possession-heavy', 'aggressive', 'control-high']","Liverpool: 24 matches | 1.58 goals/match | xG 1.61/match | possession 61% | SOT ratio 0.30 | control 0.72 | dominance 0.45 | cards 1.62/match | fouls 9.3/match | tags: possession-heavy, aggressive, control-high",0,39,0,135,372,106,0.0,0.0,13298,11475,86.06710951791666,39,,
team,EPL,2025/26,Manchester City,24,46,37,1.9166666666666667,1.5416666666666667,14.125,5.0,0.0,0.0,1.8104166666666668,-0.20833333333333334,0.5941666666666666,88.25957847468675,0.369309218,0.14421021337916667,0.45929276540833336,0.7383861017291666,0.44307316039166666,5.541666666666667,239,9.958333333333334,1.75,0.0,1.75,9.958333333333334,1.75,0.17912753777083334,0.49791582187083333,2.0194444444458335,1.7090277777791665,0.5258559315666667,possession-aggressive,1,"['possession-heavy', 'aggressive', 'control-high']","Manchester City: 24 matches | 1.92 goals/match | xG 1.81/match | possession 59% | SOT ratio 0.37 | control 0.74 | dominance 0.46 | cards 1.75/match | fouls 10.0/match | tags: possession-heavy, aggressive, control-high",0,42,0,133,339,120,0.0,0.0,13807,12186,87.71946874541668,42,,
team,EPL,2025/26,Manchester United,24,42,30,1.75,1.25,16.041666666666668,5.625,0.0,0.0,1.7966666666666666,0.041666666666666664,0.5216666666666667,82.16156603253377,0.3633816709791667,0.1265856728625,0.4060145013,0.64468728735,0.41183922034583337,4.416666666666667,227,9.458333333333334,1.375,0.041666666666666664,1.4166666666666667,9.458333333333334,1.4166666666666667,0.17473417785833334,0.3785066695708334,1.5402777777791667,1.3979166666666665,0.37608102345833333,possession-aggressive,3,"['aggressive', 'disciplined', 'control-high']","Manchester United: 24 matches | 1.75 goals/match | xG 1.80/match | possession 52% | SOT ratio 0.36 | control 0.64 | dominance 0.41 | cards 1.42/match | fouls 9.5/match | tags: aggressive, disciplined, control-high",0,33,1,106,385,135,0.0,0.0,10881,8940,81.55431320083333,34,,
team,EPL,2025/26,Newcastle,24,33,17,1.375,0.7083333333333334,12.791666666666666,4.541666666666667,0.0,0.0,1.4654166666666668,0.0,0.5354166666666667,83.83352978511198,0.34624325210833334,0.10642030720000001,0.4505396423041667,0.6823012243541666,0.4032190514791667,6.625,219,9.125,1.5,0.08333333333333333,1.5833333333333333,9.125,1.5833333333333333,0.16052338184583334,0.44590693297083334,1.3506944444458335,1.5236111111125001,0.239547950325,possession-aggressive,1,"['aggressive', 'control-high']","Newcastle: 24 matches | 1.38 goals/match | xG 1.47/match | possession 54% | SOT ratio 0.35 | control 0.68 | dominance 0.45 | cards 1.58/match | fouls 9.1/match | tags: aggressive, control-high",0,36,2,159,307,109,0.0,0.0,11029,9246,82.70391851875,38,,
team,EPL,2025/26,Nottingham Forest,24,24,14,1.0,0.5833333333333334,11.75,3.6666666666666665,0.0,0.0,1.1116666666666666,-0.041666666666666664,0.4804166666666667,82.44495367141576,0.3177532033916667,0.08617180749166668,0.3941592943541667,0.6403329456125001,0.4681908047875,5.333333333333333,257,10.708333333333334,1.5,0.041666666666666664,1.5416666666666667,10.708333333333334,1.5416666666666667,0.15568813675,0.4387533530166667,1.0805555555541666,1.5743055555541667,0.0852204726125,possession-aggressive,0,"['aggressive', 'control-high']","Nottingham Forest: 24 matches | 1.00 goals/match | xG 1.11/match | possession 48% | SOT ratio 0.32 | control 0.64 | dominance 0.39 | cards 1.54/match | fouls 10.7/match | tags: aggressive, control-high",0,36,1,128,282,88,0.0,0.0,10037,8275,81.00078051333334,37,,
team,EPL,2025/26,Sunderland,24,24,17,1.0,0.7083333333333334,9.833333333333334,3.2916666666666665,0.0,0.0,0.9175,-0.16666666666666666,0.4370833333333333,79.23102566951883,0.3293183600125,0.09882636426666667,0.342795508,0.5860096702916667,0.45848255603750004,3.4583333333333335,243,10.125,2.0416666666666665,0.08333333333333333,2.125,10.125,2.125,0.2112466237375,0.44103002060833335,1.0506944444458333,1.978472222220833,-0.048429171583333326,possession-aggressive,2,"['counter-oriented', 'aggressive']","Sunderland: 24 matches | 1.00 goals/match | xG 0.92/match | possession 44% | SOT ratio 0.33 | control 0.59 | dominance 0.34 | cards 2.12/match | fouls 10.1/match | tags: counter-oriented, aggressive",0,49,2,83,236,79,0.0,0.0,8999,7130,78.53272230916667,51,,
team,EPL,2025/26,Tottenham,24,34,27,1.4166666666666667,1.125,11.041666666666666,3.9583333333333335,0.0,0.0,1.05125,0.0,0.5154166666666667,81.82890855457227,0.3618304149541667,0.1340515387375,0.41971579115,0.64271938985,0.5094539301458333,5.25,264,11.0,2.625,0.08333333333333333,2.7083333333333335,11.0,2.7083333333333335,0.264321360825,0.42926115217500005,1.4736111111124999,2.597916666666667,-0.015759136699999995,possession-aggressive,0,"['aggressive', 'control-high']","Tottenham: 24 matches | 1.42 goals/match | xG 1.05/match | possession 52% | SOT ratio 0.36 | control 0.64 | dominance 0.42 | cards 2.71/match | fouls 11.0/match | tags: aggressive, control-high",0,63,2,126,265,95,0.0,0.0,10170,8322,81.26508215916667,65,,
team,EPL,2025/26,West Ham,24,27,15,1.125,0.625,10.458333333333334,3.5416666666666665,0.0,0.0,1.1166666666666667,-0.08333333333333333,0.42625,79.31534344335415,0.3204228165583334,0.10278243678333333,0.3691268449666667,0.6055495169375,0.4942229481,5.125,267,11.125,1.75,0.125,1.875,11.125,1.875,0.16300909057916668,0.45515867154583334,0.9930555555541667,1.7055555555541666,0.005417598479166668,possession-aggressive,2,"['counter-oriented', 'aggressive', 'control-high']","West Ham: 24 matches | 1.12 goals/match | xG 1.12/match | possession 43% | SOT ratio 0.32 | control 0.61 | dominance 0.37 | cards 1.88/match | fouls 11.1/match | tags: counter-oriented, aggressive, control-high",0,42,3,123,251,85,0.0,0.0,8968,7113,78.09768698208335,45,,
team,EPL,2025/26,Wolves,24,14,9,0.5833333333333334,0.375,9.333333333333334,3.2083333333333335,0.0,0.0,0.9145833333333333,-0.125,0.4429166666666666,80.12652705061082,0.3368275277208333,0.06208438551666667,0.3473815916541667,0.5935780639791667,0.6250419988875,3.4583333333333335,336,14.0,2.1666666666666665,0.08333333333333333,2.25,14.0,2.25,0.15726890712916666,0.5349211189291666,0.5902777777791667,2.1791666666666667,-0.34619423400416666,possession-aggressive,2,"['counter-oriented', 'aggressive']","Wolves: 24 matches | 0.58 goals/match | xG 0.91/match | possession 44% | SOT ratio 0.34 | control 0.59 | dominance 0.35 | cards 2.25/match | fouls 14.0/match | tags: counter-oriented, aggressive",0,52,2,83,224,77,0.0,0.0,9168,7346,79.49339057375,54,,
