fixture,team,goals,assists,passes_total,accurate_passes,fouls_committed,yellow_cards,red_cards,minutes,tackles,interceptions,shots_accuracy_for,pass_accuracy_team,fixture_id,fixture_date,fixture_date_utc,final_score,final_score_string,home_team,away_team,home_goals,away_goals,corners,goal_conversion_rate,shot_on_target_ratio,control_index,cards_total,fouls_per_90_team,cards_per_90_team,cards_per_foul_team,fouls_per_duel_team,aggression_index_raw,aggression_index_norm,avg_goals_last_5,avg_cards_last_5,form_index_team
Manchester United vs Arsenal,Arsenal,1.0,0,294,219.0,19.0,4,0,995,18.0,4.0,0.5,0.7448979591836735,1378977,2025-08-17,2025-08-17T15:30:00+00:00,0-1,Manchester United 0 - 1 Arsenal,Manchester United,Arsenal,0,1,0,0.16666666666666666,0.5,0.0,4,19.0,4,0.21052631578947367,0.8636363636363636,10.872727272727271,1.0,1.0,4.0,-0.6666666666666666
Arsenal vs Leeds,Arsenal,5.0,4,599,549.0,8.0,0,0,995,13.0,5.0,0.35714285714285715,0.9165275459098498,1378979,2025-08-23,2025-08-23T16:30:00+00:00,5-0,Arsenal 5 - 0 Leeds,Arsenal,Leeds,5,0,0,0.35714285714285715,0.35714285714285715,0.0,0,8.0,0,0.0,0.4444444444444444,4.088888888888889,0.22847164782648655,3.0,2.0,0.9714285714285714
Liverpool vs Arsenal,Arsenal,0.0,0,371,303.0,10.0,2,0,999,14.0,9.0,0.25,0.816711590296496,1378993,2025-08-31,2025-08-31T15:30:00+00:00,1-0,Liverpool 1 - 0 Arsenal,Liverpool,Arsenal,1,0,0,0.0,0.25,0.0,2,10.0,2,0.2,0.43478260869565216,5.6869565217391305,0.41022044808861086,2.0,2.0,0.4
Arsenal vs Nottingham Forest,Arsenal,3.0,2,478,415.0,8.0,1,0,990,13.0,7.0,0.45454545454545453,0.8682008368200836,1378999,2025-09-13,2025-09-13T11:30:00+00:00,3-0,Arsenal 3 - 0 Nottingham Forest,Arsenal,Nottingham Forest,3,0,0,0.2727272727272727,0.45454545454545453,0.0,1,8.0,1,0.125,0.4,4.38,0.261579818031431,2.25,1.75,0.6545454545454545
Arsenal vs Manchester City,Arsenal,1.0,1,581,516.0,11.0,1,0,999,20.0,5.0,0.3333333333333333,0.8881239242685026,1379009,2025-09-21,2025-09-21T15:30:00+00:00,1-1,Arsenal 1 - 1 Manchester City,Arsenal,Manchester City,1,1,0,0.1111111111111111,0.3333333333333333,0.0,1,11.0,1,0.09090909090909091,0.44,5.888,0.433085194375517,2.0,1.6,0.5422222222222223
Newcastle vs Arsenal,Arsenal,2.0,2,495,405.0,9.0,1,0,1000,13.0,10.0,0.5,0.8181818181818182,1379026,2025-09-28,2025-09-28T15:30:00+00:00,1-2,Newcastle 1 - 2 Arsenal,Newcastle,Arsenal,1,2,0,0.14285714285714285,0.5,0.0,1,9.0,1,0.1111111111111111,0.391304347826087,4.878260869565217,0.3182472039414536,2.2,1.0,0.8285714285714286
Arsenal vs West Ham,Arsenal,2.0,0,566,498.0,14.0,0,0,990,23.0,7.0,0.4166666666666667,0.8798586572438163,1379029,2025-10-04,2025-10-04T14:00:00+00:00,2-0,Arsenal 2 - 0 West Ham,Arsenal,West Ham,2,0,0,0.16666666666666666,0.4166666666666667,0.0,0,14.0,0,0.0,0.4666666666666667,7.093333333333334,0.570168183071409,1.6,1.0,0.5333333333333333
Fulham vs Arsenal,Arsenal,1.0,1,544,473.0,4.0,0,0,989,9.0,1.0,0.4166666666666667,0.8694852941176471,1379042,2025-10-18,2025-10-18T16:30:00+00:00,0-1,Fulham 0 - 1 Arsenal,Fulham,Arsenal,0,1,0,0.08333333333333333,0.4166666666666667,0.0,0,4.0,0,0.0,0.4,2.08,0.0,1.8,0.6,0.7366666666666667
Aston Villa vs Newcastle,Aston Villa,0.0,0,310,227.0,13.0,1,1,973,11.0,10.0,1.0,0.7322580645161291,1378970,2025-08-16,2025-08-16T11:30:00+00:00,0-0,Aston Villa 0 - 0 Newcastle,Aston Villa,Newcastle,0,0,0,0.0,1.0,0.0,2,13.0,2,0.15384615384615385,0.6190476190476191,7.223809523809523,0.5850072866201899,0.0,2.0,-0.6
Brentford vs Aston Villa,Aston Villa,0.0,0,577,506.0,9.0,2,0,994,14.0,5.0,0.2222222222222222,0.8769497400346621,1378981,2025-08-23,2025-08-23T14:00:00+00:00,1-0,Brentford 1 - 0 Aston Villa,Brentford,Aston Villa,1,0,0,0.0,0.2222222222222222,0.0,2,9.0,2,0.2222222222222222,0.47368421052631576,5.194736842105263,0.35424012885812545,0.0,2.0,-0.6
Aston Villa vs Crystal Palace,Aston Villa,0.0,0,531,475.0,7.0,2,0,1006,11.0,6.0,0.3333333333333333,0.8945386064030132,1378989,2025-08-31,2025-08-31T18:00:00+00:00,0-3,Aston Villa 0 - 3 Crystal Palace,Aston Villa,Crystal Palace,0,3,0,0.0,0.3333333333333333,0.0,2,7.0,2,0.2857142857142857,0.4117647058823529,4.18235294117647,0.2391013477351238,0.0,2.0,-0.6
Everton vs Aston Villa,Aston Villa,0.0,0,384,313.0,15.0,3,0,1002,16.0,4.0,0.5,0.8151041666666666,1379004,2025-09-13,2025-09-13T14:00:00+00:00,0-0,Everton 0 - 0 Aston Villa,Everton,Aston Villa,0,0,0,0.0,0.5,0.0,3,15.0,3,0.2,0.75,8.55,0.735835401157982,0.0,2.25,-0.6749999999999999
Sunderland vs Aston Villa,Aston Villa,1.0,1,547,488.0,8.0,1,0,990,11.0,3.0,0.3333333333333333,0.8921389396709324,1379016,2025-09-21,2025-09-21T13:00:00+00:00,1-1,Sunderland 1 - 1 Aston Villa,Sunderland,Aston Villa,1,1,0,0.16666666666666666,0.3333333333333333,0.0,1,8.0,1,0.125,0.5714285714285714,4.414285714285714,0.26547914451140253,0.2,2.0,-0.4666666666666667
Aston Villa vs Fulham,Aston Villa,3.0,3,403,340.0,10.0,1,0,997,10.0,7.0,0.5714285714285714,0.8436724565756824,1379019,2025-09-28,2025-09-28T13:00:00+00:00,3-1,Aston Villa 3 - 1 Fulham,Aston Villa,Fulham,3,1,0,0.42857142857142855,0.5714285714285714,0.0,1,10.0,1,0.1,0.5882352941176471,5.417647058823529,0.3795917870870432,0.8,1.8,-0.0542857142857143
Aston Villa vs Burnley,Aston Villa,2.0,2,496,434.0,9.0,3,0,1027,14.0,5.0,0.5833333333333334,0.875,1379030,2025-10-05,2025-10-05T13:00:00+00:00,2-1,Aston Villa 2 - 1 Burnley,Aston Villa,Burnley,2,1,0,0.16666666666666666,0.5833333333333334,0.0,3,9.0,3,0.3333333333333333,0.47368421052631576,5.494736842105263,0.3883592355578774,1.2,2.0,0.03333333333333333
Tottenham vs Aston Villa,Aston Villa,2.0,1,343,287.0,7.0,0,0,990,23.0,3.0,0.3333333333333333,0.8367346938775511,1379047,2025-10-19,2025-10-19T13:00:00+00:00,1-2,Tottenham 1 - 2 Aston Villa,Tottenham,Aston Villa,1,2,0,0.3333333333333333,0.3333333333333333,0.0,0,7.0,0,0.0,0.2692307692307692,3.5538461538461537,0.16762104727365273,1.6,1.6,0.3866666666666667
Liverpool vs Bournemouth,Bournemouth,2.0,2,296,207.0,10.0,2,0,997,20.0,10.0,0.42857142857142855,0.6993243243243243,1378969,2025-08-15,2025-08-15T19:00:00+00:00,4-2,Liverpool 4 - 2 Bournemouth,Liverpool,Bournemouth,4,2,0,0.2857142857142857,0.42857142857142855,0.0,2,10.0,2,0.2,0.3333333333333333,5.666666666666666,0.40791287565481116,2.0,2.0,0.4571428571428572
Bournemouth vs Wolves,Bournemouth,1.0,1,447,387.0,13.0,2,0,1006,12.0,6.0,0.4444444444444444,0.8657718120805369,1378980,2025-08-23,2025-08-23T14:00:00+00:00,1-0,Bournemouth 1 - 0 Wolves,Bournemouth,Wolves,1,0,0,0.1111111111111111,0.4444444444444444,0.0,2,13.0,2,0.15384615384615385,0.7222222222222222,7.2444444444444445,0.5873541034831359,1.5,2.0,0.17222222222222225
Tottenham vs Bournemouth,Bournemouth,1.0,1,296,208.0,13.0,4,0,990,28.0,9.0,0.4,0.7027027027027027,1378997,2025-08-30,2025-08-30T14:00:00+00:00,0-1,Tottenham 0 - 1 Bournemouth,Tottenham,Bournemouth,0,1,0,0.06666666666666667,0.4,0.0,4,13.0,4,0.3076923076923077,0.35135135135135137,7.77027027027027,0.6471564616725908,1.3333333333333333,2.6666666666666665,-0.11999999999999997
Bournemouth vs Brighton,Bournemouth,2.0,1,393,309.0,15.0,4,0,1003,18.0,3.0,0.5555555555555556,0.7862595419847328,1379000,2025-09-13,2025-09-13T14:00:00+00:00,2-1,Bournemouth 2 - 1 Brighton,Bournemouth,Brighton,2,1,0,0.2222222222222222,0.5555555555555556,0.0,4,15.0,4,0.26666666666666666,0.7142857142857143,8.842857142857142,0.7691421481744062,1.5,3.0,-0.10555555555555546
Bournemouth vs Newcastle,Bournemouth,0.0,0,498,409.0,7.0,2,0,990,15.0,16.0,0.4,0.821285140562249,1379010,2025-09-21,2025-09-21T13:00:00+00:00,0-0,Bournemouth 0 - 0 Newcastle,Bournemouth,Newcastle,0,0,0,0.0,0.4,0.0,2,7.0,2,0.2857142857142857,0.22580645161290322,4.14516129032258,0.23487152805571115,1.2,2.8,-0.24
Leeds vs Bournemouth,Bournemouth,2.0,1,509,436.0,13.0,2,0,990,23.0,7.0,0.5555555555555556,0.8565815324165029,1379024,2025-09-27,2025-09-27T14:00:00+00:00,2-2,Leeds 2 - 2 Bournemouth,Leeds,Bournemouth,2,2,0,0.2222222222222222,0.5555555555555556,0.0,2,13.0,2,0.15384615384615385,0.43333333333333335,7.1866666666666665,0.5807830162668873,1.2,2.8,-0.19555555555555554
Bournemouth vs Fulham,Bournemouth,3.0,3,536,460.0,8.0,0,0,998,10.0,8.0,0.75,0.8582089552238806,1379031,2025-10-03,2025-10-03T19:00:00+00:00,3-1,Bournemouth 3 - 1 Fulham,Bournemouth,Fulham,3,1,0,0.375,0.75,0.0,0,8.0,0,0.0,0.4444444444444444,4.088888888888889,0.22847164782648655,1.6,2.4,0.15500000000000008
Crystal Palace vs Bournemouth,Bournemouth,3.0,1,364,280.0,16.0,4,0,999,18.0,12.0,0.625,0.7692307692307693,1379041,2025-10-18,2025-10-18T14:00:00+00:00,3-3,Crystal Palace 3 - 3 Bournemouth,Crystal Palace,Bournemouth,3,3,0,0.375,0.625,0.0,4,16.0,4,0.25,0.5333333333333333,9.306666666666667,0.8218913702784671,2.0,2.4,0.35500000000000004
Nottingham Forest vs Brentford,Brentford,1.0,0,330,257.0,15.0,2,0,998,18.0,5.0,0.42857142857142855,0.7787878787878788,1378972,2025-08-17,2025-08-17T13:00:00+00:00,3-1,Nottingham Forest 3 - 1 Brentford,Nottingham Forest,Brentford,3,1,0,0.14285714285714285,0.42857142857142855,0.0,2,15.0,2,0.13333333333333333,0.6521739130434783,8.230434782608695,0.6994911353256374,1.0,2.0,-0.07142857142857141
Brentford vs Aston Villa,Brentford,1.0,0,178,126.0,11.0,1,0,1005,29.0,9.0,0.3333333333333333,0.7078651685393258,1378981,2025-08-23,2025-08-23T14:00:00+00:00,1-0,Brentford 1 - 0 Aston Villa,Brentford,Aston Villa,1,0,0,0.16666666666666666,0.3333333333333333,0.0,1,11.0,1,0.09090909090909091,0.2894736842105263,5.8578947368421055,0.429661312089156,1.0,1.5,0.08333333333333337
Sunderland vs Brentford,Brentford,1.0,1,354,283.0,12.0,2,0,999,9.0,4.0,0.6666666666666666,0.7994350282485876,1378996,2025-08-30,2025-08-30T14:00:00+00:00,2-1,Sunderland 2 - 1 Brentford,Sunderland,Brentford,2,1,0,0.16666666666666666,0.6666666666666666,0.0,2,12.0,2,0.16666666666666666,0.9230769230769231,6.7846153846153845,0.5350575809632883,1.0,1.6666666666666667,0.03333333333333333
Brentford vs Chelsea,Brentford,2.0,2,284,215.0,13.0,3,0,1010,17.0,6.0,0.6666666666666666,0.7570422535211268,1379001,2025-09-13,2025-09-13T19:00:00+00:00,2-2,Brentford 2 - 2 Chelsea,Brentford,Chelsea,2,2,0,0.3333333333333333,0.6666666666666666,0.0,3,13.0,3,0.23076923076923078,0.5652173913043478,7.51304347826087,0.6179019671305788,1.25,2.0,0.09166666666666669
Fulham vs Brentford,Brentford,1.0,0,398,324.0,13.0,1,0,998,13.0,5.0,0.6,0.8140703517587939,1379013,2025-09-20,2025-09-20T19:00:00+00:00,3-1,Fulham 3 - 1 Brentford,Fulham,Brentford,3,1,0,0.2,0.6,0.0,1,13.0,1,0.07692307692307693,0.7222222222222222,6.944444444444445,0.553234996783384,1.2,1.8,0.09999999999999995
Brentford vs Manchester United,Brentford,3.0,2,351,268.0,14.0,2,0,998,14.0,7.0,0.8888888888888888,0.7635327635327636,1379020,2025-09-27,2025-09-27T11:30:00+00:00,3-1,Brentford 3 - 1 Manchester United,Brentford,Manchester United,3,1,0,0.3333333333333333,0.8888888888888888,0.0,2,14.0,2,0.14285714285714285,0.6666666666666666,7.733333333333333,0.6429556106975463,1.6,1.8,0.32666666666666666
Brentford vs Manchester City,Brentford,0.0,0,309,249.0,10.0,3,0,989,16.0,11.0,0.25,0.8058252427184466,1379032,2025-10-05,2025-10-05T15:30:00+00:00,0-1,Brentford 0 - 1 Manchester City,Brentford,Manchester City,0,1,0,0.0,0.25,0.0,3,10.0,3,0.3,0.37037037037037035,5.974074074074075,0.44287442943356936,1.4,2.2,0.039999999999999925
Brighton vs Fulham,Brighton,1.0,0,427,374.0,16.0,3,0,1002,19.0,9.0,0.4444444444444444,0.8758782201405152,1378971,2025-08-16,2025-08-16T14:00:00+00:00,1-1,Brighton 1 - 1 Fulham,Brighton,Fulham,1,1,0,0.1111111111111111,0.4444444444444444,0.0,3,16.0,3,0.1875,0.5714285714285714,9.014285714285714,0.7886387805742646,1.0,3.0,-0.3777777777777777
Everton vs Brighton,Brighton,0.0,0,490,411.0,15.0,3,0,1000,17.0,5.0,0.4444444444444444,0.8387755102040816,1378984,2025-08-24,2025-08-24T13:00:00+00:00,2-0,Everton 2 - 0 Brighton,Everton,Brighton,2,0,0,0.0,0.4444444444444444,0.0,3,15.0,3,0.2,0.6818181818181818,8.536363636363637,0.7342845326716296,0.5,3.0,-0.6499999999999999
Brighton vs Manchester City,Brighton,2.0,1,315,235.0,16.0,2,0,989,17.0,8.0,0.7777777777777778,0.746031746031746,1378990,2025-08-31,2025-08-31T13:00:00+00:00,2-1,Brighton 2 - 1 Manchester City,Brighton,Manchester City,2,1,0,0.2222222222222222,0.7777777777777778,0.0,2,16.0,2,0.125,0.64,8.728,0.7560794044665013,1.0,2.6666666666666665,-0.2555555555555555
Bournemouth vs Brighton,Brighton,1.0,1,374,293.0,10.0,4,0,990,20.0,6.0,0.5,0.7834224598930482,1379000,2025-09-13,2025-09-13T14:00:00+00:00,2-1,Bournemouth 2 - 1 Brighton,Bournemouth,Brighton,2,1,0,0.25,0.5,0.0,4,10.0,4,0.4,0.38461538461538464,6.276923076923077,0.4773175542406312,1.0,3.0,-0.3499999999999999
Brighton vs Tottenham,Brighton,2.0,1,307,236.0,10.0,1,0,996,25.0,5.0,0.36363636363636365,0.7687296416938111,1379011,2025-09-20,2025-09-20T14:00:00+00:00,2-2,Brighton 2 - 2 Tottenham,Brighton,Tottenham,2,2,0,0.18181818181818182,0.36363636363636365,0.0,1,10.0,1,0.1,0.3333333333333333,5.366666666666666,0.3737937689550593,1.2,2.6,-0.14363636363636367
Chelsea vs Brighton,Brighton,3.0,3,316,266.0,16.0,5,0,1018,21.0,12.0,0.3,0.8417721518987342,1379021,2025-09-27,2025-09-27T14:00:00+00:00,1-3,Chelsea 1 - 3 Brighton,Chelsea,Brighton,1,3,0,0.3,0.3,0.0,5,16.0,5,0.3125,0.48484848484848486,9.596969696969698,0.854907637165702,1.6,3.0,-0.03999999999999987
Wolves vs Brighton,Brighton,1.0,1,492,427.0,9.0,4,0,990,19.0,9.0,0.5,0.8678861788617886,1379038,2025-10-05,2025-10-05T13:00:00+00:00,1-1,Wolves 1 - 1 Brighton,Wolves,Brighton,1,1,0,0.08333333333333333,0.5,0.0,4,9.0,4,0.4444444444444444,0.32142857142857145,5.764285714285714,0.419015124660286,1.8,3.2,-0.04333333333333328
Brighton vs Newcastle,Brighton,2.0,1,421,341.0,9.0,0,0,1004,21.0,5.0,0.625,0.8099762470308789,1379039,2025-10-18,2025-10-18T14:00:00+00:00,2-1,Brighton 2 - 1 Newcastle,Brighton,Newcastle,2,1,0,0.25,0.625,0.0,0,9.0,0,0.0,0.34615384615384615,4.569230769230769,0.2831011007189667,1.8,2.8,0.11000000000000006
Tottenham vs Burnley,Burnley,0.0,0,246,181.0,8.0,0,0,998,6.0,7.0,0.36363636363636365,0.7357723577235772,1378974,2025-08-16,2025-08-16T14:00:00+00:00,3-0,Tottenham 3 - 0 Burnley,Tottenham,Burnley,3,0,0,0.0,0.36363636363636365,0.0,0,8.0,0,0.0,0.6153846153846154,4.123076923076923,0.23235986511420753,0.0,0.0,0.0
Burnley vs Sunderland,Burnley,2.0,2,442,356.0,9.0,0,0,1005,22.0,7.0,0.3333333333333333,0.8054298642533937,1378982,2025-08-23,2025-08-23T14:00:00+00:00,2-0,Burnley 2 - 0 Sunderland,Burnley,Sunderland,2,0,0,0.3333333333333333,0.3333333333333333,0.0,0,9.0,0,0.0,0.3103448275862069,4.562068965517241,0.2822865862354183,1.0,0.0,0.5666666666666667
Manchester United vs Burnley,Burnley,2.0,1,309,219.0,9.0,5,0,1002,20.0,9.0,0.75,0.7087378640776699,1378994,2025-08-30,2025-08-30T14:00:00+00:00,3-2,Manchester United 3 - 2 Burnley,Manchester United,Burnley,3,2,0,0.5,0.75,0.0,5,9.0,5,0.5555555555555556,0.3103448275862069,6.062068965517241,0.45288211973417764,1.3333333333333333,1.6666666666666667,0.2666666666666666
Burnley vs Liverpool,Burnley,0.0,0,168,80.0,9.0,2,1,998,16.0,17.0,0.0,0.47619047619047616,1379002,2025-09-14,2025-09-14T13:00:00+00:00,0-1,Burnley 0 - 1 Liverpool,Burnley,Liverpool,0,1,0,0.0,0.0,0.0,3,9.0,3,0.3333333333333333,0.2727272727272727,5.454545454545455,0.3837882547559968,1.0,2.0,-0.09999999999999998
Burnley vs Nottingham Forest,Burnley,1.0,1,348,269.0,12.0,1,0,996,11.0,10.0,0.5555555555555556,0.7729885057471264,1379012,2025-09-20,2025-09-20T14:00:00+00:00,1-1,Burnley 1 - 1 Nottingham Forest,Burnley,Nottingham Forest,1,1,0,0.1111111111111111,0.5555555555555556,0.0,1,12.0,1,0.08333333333333333,0.5714285714285714,6.414285714285714,0.49293985584308164,1.0,1.8,-0.017777777777777812
Manchester City vs Burnley,Burnley,1.0,1,295,242.0,7.0,3,0,990,20.0,10.0,0.5,0.8203389830508474,1379025,2025-09-27,2025-09-27T14:00:00+00:00,5-1,Manchester City 5 - 1 Burnley,Manchester City,Burnley,5,1,0,0.25,0.5,0.0,3,7.0,3,0.42857142857142855,0.23333333333333334,4.446666666666667,0.26916184174248703,1.2,2.4,-0.06999999999999999
Aston Villa vs Burnley,Burnley,1.0,1,408,330.0,15.0,1,0,989,27.0,13.0,0.6666666666666666,0.8088235294117647,1379030,2025-10-05,2025-10-05T13:00:00+00:00,2-1,Aston Villa 2 - 1 Burnley,Aston Villa,Burnley,2,1,0,0.3333333333333333,0.6666666666666666,0.0,1,15.0,1,0.06666666666666667,0.375,7.875,0.6590674110835403,1.0,2.6,-0.21333333333333337
Burnley vs Leeds,Burnley,2.0,2,292,221.0,10.0,2,0,1006,14.0,17.0,0.75,0.7568493150684932,1379040,2025-10-18,2025-10-18T14:00:00+00:00,2-0,Burnley 2 - 0 Leeds,Burnley,Leeds,2,0,0,0.5,0.75,0.0,2,10.0,2,0.2,0.3225806451612903,5.664516129032258,0.4076682942447771,1.0,2.0,2.7755575615628914e-17
Chelsea vs Crystal Palace,Chelsea,0.0,0,568,510.0,10.0,2,0,994,13.0,11.0,0.3,0.897887323943662,1378976,2025-08-17,2025-08-17T13:00:00+00:00,0-0,Chelsea 0 - 0 Crystal Palace,Chelsea,Crystal Palace,0,0,0,0.0,0.3,0.0,2,10.0,2,0.2,0.4166666666666667,5.683333333333333,0.4098083815825751,0.0,2.0,-0.6
West Ham vs Chelsea,Chelsea,5.0,4,577,505.0,10.0,1,0,995,19.0,4.0,0.6363636363636364,0.8752166377816292,1378988,2025-08-22,2025-08-22T19:00:00+00:00,1-5,West Ham 1 - 5 Chelsea,West Ham,Chelsea,1,5,0,0.45454545454545453,0.6363636363636364,0.0,1,10.0,1,0.1,0.43478260869565216,5.386956521739131,0.376101341388859,2.5,1.5,0.890909090909091
Chelsea vs Fulham,Chelsea,2.0,1,494,429.0,11.0,2,0,990,19.0,18.0,0.8571428571428571,0.868421052631579,1378991,2025-08-30,2025-08-30T11:30:00+00:00,2-0,Chelsea 2 - 0 Fulham,Chelsea,Fulham,2,0,0,0.2857142857142857,0.8571428571428571,0.0,2,11.0,2,0.18181818181818182,0.2972972972972973,6.159459459459459,0.4639583752486978,2.3333333333333335,1.6666666666666667,0.7238095238095239
Brentford vs Chelsea,Chelsea,2.0,1,570,516.0,9.0,2,0,990,15.0,13.0,0.6666666666666666,0.9052631578947369,1379001,2025-09-13,2025-09-13T19:00:00+00:00,2-2,Brentford 2 - 2 Chelsea,Brentford,Chelsea,2,2,0,0.2222222222222222,0.6666666666666666,0.0,2,9.0,2,0.2222222222222222,0.32142857142857145,5.164285714285714,0.3507769112607822,2.25,1.75,0.6444444444444444
Manchester United vs Chelsea,Chelsea,1.0,1,550,466.0,14.0,5,1,905,16.0,8.0,0.3333333333333333,0.8472727272727273,1379015,2025-09-20,2025-09-20T16:30:00+00:00,2-1,Manchester United 2 - 1 Chelsea,Manchester United,Chelsea,2,1,0,0.3333333333333333,0.3333333333333333,0.0,6,14.0,6,0.42857142857142855,0.5833333333333334,8.916666666666668,0.7775365315687899,2.0,2.6,0.2866666666666666
Chelsea vs Brighton,Chelsea,1.0,0,470,396.0,9.0,3,1,953,21.0,10.0,0.42857142857142855,0.8425531914893617,1379021,2025-09-27,2025-09-27T14:00:00+00:00,1-3,Chelsea 1 - 3 Brighton,Chelsea,Brighton,1,3,0,0.14285714285714285,0.42857142857142855,0.0,4,9.0,4,0.4444444444444444,0.2903225806451613,5.758064516129032,0.41830758558125886,2.2,3.0,0.22857142857142876
Chelsea vs Liverpool,Chelsea,2.0,2,508,422.0,9.0,0,0,990,21.0,13.0,0.6,0.8307086614173228,1379033,2025-10-04,2025-10-04T16:30:00+00:00,2-1,Chelsea 2 - 1 Liverpool,Chelsea,Liverpool,2,1,0,0.2,0.6,0.0,0,9.0,0,0.0,0.2647058823529412,4.552941176470588,0.28124847954069965,1.6,2.8,8.326672684688674e-17
Nottingham Forest vs Chelsea,Chelsea,3.0,2,463,397.0,16.0,4,1,987,15.0,13.0,0.5,0.857451403887689,1379045,2025-10-18,2025-10-18T11:30:00+00:00,0-3,Nottingham Forest 0 - 3 Chelsea,Nottingham Forest,Chelsea,0,3,0,0.25,0.5,0.0,5,16.0,5,0.3125,0.5714285714285714,9.614285714285714,0.8568769939737683,1.8,3.4,-0.06999999999999999
Chelsea vs Crystal Palace,Crystal Palace,0.0,0,226,168.0,12.0,3,0,998,16.0,7.0,0.5714285714285714,0.7433628318584071,1378976,2025-08-17,2025-08-17T13:00:00+00:00,0-0,Chelsea 0 - 0 Crystal Palace,Chelsea,Crystal Palace,0,0,0,0.0,0.5714285714285714,0.0,3,12.0,3,0.25,0.5217391304347826,7.004347826086957,0.5600478296831735,0.0,3.0,-0.8999999999999999
Crystal Palace vs Nottingham Forest,Crystal Palace,1.0,1,377,287.0,11.0,3,0,998,20.0,7.0,0.5,0.7612732095490716,1378983,2025-08-24,2025-08-24T13:00:00+00:00,1-1,Crystal Palace 1 - 1 Nottingham Forest,Crystal Palace,Nottingham Forest,1,1,0,0.125,0.5,0.0,3,11.0,3,0.2727272727272727,0.4074074074074074,6.481481481481482,0.5005820543454953,0.5,3.0,-0.6249999999999999
Aston Villa vs Crystal Palace,Crystal Palace,3.0,1,386,328.0,14.0,3,0,1006,26.0,10.0,0.8,0.8497409326424871,1378989,2025-08-31,2025-08-31T18:00:00+00:00,0-3,Aston Villa 0 - 3 Crystal Palace,Aston Villa,Crystal Palace,0,3,0,0.6,0.8,0.0,3,14.0,3,0.21428571428571427,0.3888888888888889,7.977777777777778,0.6707563643047515,1.3333333333333333,3.0,-0.11333333333333329
Crystal Palace vs Sunderland,Crystal Palace,0.0,0,491,410.0,10.0,1,0,995,10.0,6.0,0.6,0.835030549898167,1379003,2025-09-13,2025-09-13T14:00:00+00:00,0-0,Crystal Palace 0 - 0 Sunderland,Crystal Palace,Sunderland,0,0,0,0.0,0.6,0.0,1,10.0,1,0.1,0.625,5.425,0.38042803970223327,1.0,2.5,-0.25
West Ham vs Crystal Palace,Crystal Palace,2.0,0,345,284.0,5.0,3,0,990,22.0,10.0,0.25,0.8231884057971014,1379017,2025-09-20,2025-09-20T14:00:00+00:00,1-2,West Ham 1 - 2 Crystal Palace,West Ham,Crystal Palace,1,2,0,0.16666666666666666,0.25,0.0,3,5.0,3,0.6,0.15625,3.43125,0.1536781430934657,1.2,2.6,-0.14666666666666672
Crystal Palace vs Liverpool,Crystal Palace,2.0,1,270,175.0,10.0,1,0,998,24.0,9.0,0.5,0.6481481481481481,1379022,2025-09-27,2025-09-27T14:00:00+00:00,2-1,Crystal Palace 2 - 1 Liverpool,Crystal Palace,Liverpool,2,1,0,0.14285714285714285,0.5,0.0,1,10.0,1,0.1,0.30303030303030304,5.36060606060606,0.37310449407223606,1.6,2.2,0.1685714285714286
Everton vs Crystal Palace,Crystal Palace,1.0,1,432,349.0,16.0,3,0,1016,31.0,14.0,0.6666666666666666,0.8078703703703703,1379034,2025-10-05,2025-10-05T13:00:00+00:00,2-1,Everton 2 - 1 Crystal Palace,Everton,Crystal Palace,2,1,0,0.08333333333333333,0.6666666666666666,0.0,3,16.0,3,0.1875,0.35555555555555557,8.971111111111112,0.7837285175994856,1.6,2.2,0.15666666666666668
Crystal Palace vs Bournemouth,Crystal Palace,3.0,1,404,308.0,8.0,1,0,990,23.0,6.0,0.5384615384615384,0.7623762376237624,1379041,2025-10-18,2025-10-18T14:00:00+00:00,3-3,Crystal Palace 3 - 3 Bournemouth,Crystal Palace,Bournemouth,3,3,0,0.23076923076923078,0.5384615384615384,0.0,1,8.0,1,0.125,0.27586206896551724,4.355172413793103,0.25875616782179633,1.6,1.8,0.30615384615384617
Leeds vs Everton,Everton,0.0,0,411,324.0,8.0,2,0,999,16.0,2.0,0.25,0.7883211678832117,1378978,2025-08-18,2025-08-18T19:00:00+00:00,1-0,Leeds 1 - 0 Everton,Leeds,Everton,1,0,0,0.0,0.25,0.0,2,8.0,2,0.25,0.4444444444444444,4.688888888888888,0.29670986122599025,0.0,2.0,-0.6
Everton vs Brighton,Everton,2.0,2,362,272.0,7.0,4,0,992,15.0,8.0,0.3,0.7513812154696132,1378984,2025-08-24,2025-08-24T13:00:00+00:00,2-0,Everton 2 - 0 Brighton,Everton,Brighton,2,0,0,0.2,0.3,0.0,4,7.0,4,0.5714285714285714,0.30434782608695654,4.760869565217392,0.3048962491458986,1.0,3.0,-0.3599999999999999
Wolves vs Everton,Everton,3.0,3,371,275.0,10.0,1,0,996,16.0,16.0,0.6666666666666666,0.7412398921832885,1378998,2025-08-30,2025-08-30T14:00:00+00:00,2-3,Wolves 2 - 3 Everton,Wolves,Everton,2,3,0,0.5,0.6666666666666666,0.0,1,10.0,1,0.1,0.3125,5.3625,0.3733198924731183,1.6666666666666667,2.3333333333333335,0.2333333333333333
Everton vs Aston Villa,Everton,0.0,0,343,281.0,17.0,3,0,990,23.0,5.0,0.18181818181818182,0.8192419825072886,1379004,2025-09-13,2025-09-13T14:00:00+00:00,0-0,Everton 0 - 0 Aston Villa,Everton,Aston Villa,0,0,0,0.0,0.18181818181818182,0.0,3,17.0,3,0.17647058823529413,0.6071428571428571,9.521428571428572,0.8463163180905119,1.25,2.5,-0.125
Liverpool vs Everton,Everton,1.0,1,345,263.0,10.0,3,0,998,18.0,10.0,0.3333333333333333,0.7623188405797101,1379014,2025-09-20,2025-09-20T11:30:00+00:00,2-1,Liverpool 2 - 1 Everton,Liverpool,Everton,2,1,0,0.16666666666666666,0.3333333333333333,0.0,3,10.0,3,0.3,0.35714285714285715,5.9714285714285715,0.44257355547678134,1.2,2.6,-0.14666666666666672
Everton vs West Ham,Everton,1.0,1,447,380.0,7.0,3,0,990,11.0,5.0,0.6666666666666666,0.8501118568232662,1379023,2025-09-29,2025-09-29T19:00:00+00:00,1-1,Everton 1 - 1 West Ham,Everton,West Ham,1,1,0,0.1111111111111111,0.6666666666666666,0.0,3,7.0,3,0.42857142857142855,0.4375,4.487500000000001,0.2738058312655088,1.4,2.8,-0.11777777777777779
Everton vs Crystal Palace,Everton,2.0,0,433,351.0,13.0,2,0,989,19.0,11.0,0.5833333333333334,0.8106235565819861,1379034,2025-10-05,2025-10-05T13:00:00+00:00,2-1,Everton 2 - 1 Crystal Palace,Everton,Crystal Palace,2,1,0,0.16666666666666666,0.5833333333333334,0.0,2,13.0,2,0.15384615384615385,0.43333333333333335,7.1866666666666665,0.5807830162668873,1.4,2.4,0.013333333333333315
Manchester City vs Everton,Everton,0.0,0,300,237.0,14.0,2,0,1006,18.0,7.0,0.3333333333333333,0.79,1379044,2025-10-18,2025-10-18T14:00:00+00:00,2-0,Manchester City 2 - 0 Everton,Manchester City,Everton,2,0,0,0.0,0.3333333333333333,0.0,2,14.0,2,0.14285714285714285,0.56,7.712,0.6405293631100083,0.8,2.6,-0.38
Brighton vs Fulham,Fulham,1.0,0,423,349.0,15.0,3,0,1002,15.0,2.0,0.3333333333333333,0.8250591016548463,1378971,2025-08-16,2025-08-16T14:00:00+00:00,1-1,Brighton 1 - 1 Fulham,Brighton,Fulham,1,1,0,0.16666666666666666,0.3333333333333333,0.0,3,15.0,3,0.2,0.8823529411764706,8.576470588235294,0.7388459105726659,1.0,3.0,-0.3666666666666666
Fulham vs Manchester United,Fulham,1.0,1,419,353.0,12.0,1,0,994,10.0,8.0,0.5,0.8424821002386634,1378985,2025-08-24,2025-08-24T15:30:00+00:00,1-1,Fulham 1 - 1 Manchester United,Fulham,Manchester United,1,1,0,0.125,0.5,0.0,1,12.0,1,0.08333333333333333,0.6666666666666666,6.433333333333334,0.4951061483319549,1.0,2.0,-0.07499999999999998
Chelsea vs Fulham,Fulham,0.0,0,415,337.0,17.0,2,0,999,29.0,6.0,0.3333333333333333,0.8120481927710843,1378991,2025-08-30,2025-08-30T11:30:00+00:00,2-0,Chelsea 2 - 0 Fulham,Chelsea,Fulham,2,0,0,0.0,0.3333333333333333,0.0,2,17.0,2,0.11764705882352941,0.4857142857142857,9.197142857142858,0.8094351884674467,0.6666666666666666,2.0,-0.26666666666666666
Fulham vs Leeds,Fulham,0.0,0,451,382.0,20.0,1,0,1004,24.0,6.0,0.6,0.8470066518847007,1379005,2025-09-13,2025-09-13T14:00:00+00:00,1-0,Fulham 1 - 0 Leeds,Fulham,Leeds,1,0,0,0.0,0.6,0.0,1,20.0,1,0.05,0.6666666666666666,10.433333333333334,0.9500275709953131,0.5,1.75,-0.275
Fulham vs Brentford,Fulham,2.0,2,456,382.0,11.0,4,0,1006,19.0,6.0,0.375,0.8377192982456141,1379013,2025-09-20,2025-09-20T19:00:00+00:00,3-1,Fulham 3 - 1 Brentford,Fulham,Brentford,3,1,0,0.25,0.375,0.0,4,11.0,4,0.36363636363636365,0.44,6.788,0.5354425144747726,0.8,2.2,-0.21000000000000002
Aston Villa vs Fulham,Fulham,1.0,1,414,357.0,13.0,4,0,990,16.0,9.0,0.5,0.8623188405797102,1379019,2025-09-28,2025-09-28T13:00:00+00:00,3-1,Aston Villa 3 - 1 Fulham,Aston Villa,Fulham,3,1,0,0.125,0.5,0.0,4,13.0,4,0.3076923076923077,0.52,7.804,0.6509925558312657,0.8,2.4,-0.29499999999999993
Bournemouth vs Fulham,Fulham,1.0,1,473,383.0,10.0,1,0,1006,11.0,7.0,0.5,0.8097251585623678,1379031,2025-10-03,2025-10-03T19:00:00+00:00,3-1,Bournemouth 3 - 1 Fulham,Bournemouth,Fulham,3,1,0,0.125,0.5,0.0,1,10.0,1,0.1,0.5555555555555556,5.4111111111111105,0.37884845142909657,0.8,2.4,-0.29499999999999993
Fulham vs Arsenal,Fulham,0.0,0,313,248.0,11.0,0,0,990,20.0,7.0,0.0,0.792332268370607,1379042,2025-10-18,2025-10-18T16:30:00+00:00,0-1,Fulham 0 - 1 Arsenal,Fulham,Arsenal,0,1,0,0.0,0.0,0.0,0,11.0,0,0.0,0.4074074074074074,5.5814814814814815,0.39822473424623966,0.8,2.0,-0.19999999999999996
Leeds vs Everton,Leeds,1.0,0,480,400.0,6.0,0,0,993,15.0,9.0,0.3,0.8333333333333334,1378978,2025-08-18,2025-08-18T19:00:00+00:00,1-0,Leeds 1 - 0 Everton,Leeds,Everton,1,0,0,0.1,0.3,0.0,0,6.0,0,0.0,0.25,3.05,0.11031844499586434,1.0,0.0,0.52
Arsenal vs Leeds,Leeds,0.0,0,290,219.0,11.0,2,0,995,17.0,6.0,1.0,0.7551724137931034,1378979,2025-08-23,2025-08-23T16:30:00+00:00,5-0,Arsenal 5 - 0 Leeds,Arsenal,Leeds,5,0,0,0.0,1.0,0.0,2,11.0,2,0.18181818181818182,0.4782608695652174,6.195652173913043,0.4680745855360161,0.5,1.0,-0.04999999999999999
Leeds vs Newcastle,Leeds,0.0,0,414,328.0,10.0,1,0,990,18.0,13.0,0.14285714285714285,0.7922705314009661,1378992,2025-08-30,2025-08-30T16:30:00+00:00,0-0,Leeds 0 - 0 Newcastle,Leeds,Newcastle,0,0,0,0.0,0.14285714285714285,0.0,1,10.0,1,0.1,0.3225806451612903,5.364516129032258,0.37354918754502525,0.3333333333333333,1.0,-0.13333333333333333
Fulham vs Leeds,Leeds,0.0,0,388,313.0,15.0,2,0,997,18.0,7.0,0.5,0.8067010309278351,1379005,2025-09-13,2025-09-13T14:00:00+00:00,1-0,Fulham 1 - 0 Leeds,Fulham,Leeds,1,0,0,0.0,0.5,0.0,2,15.0,2,0.13333333333333333,0.6,8.219999999999999,0.6983043837882548,0.25,1.25,-0.25
Wolves vs Leeds,Leeds,3.0,1,415,350.0,9.0,1,0,998,20.0,7.0,0.6666666666666666,0.8433734939759037,1379018,2025-09-20,2025-09-20T14:00:00+00:00,1-3,Wolves 1 - 3 Leeds,Wolves,Leeds,1,3,0,0.5,0.6666666666666666,0.0,1,9.0,1,0.1111111111111111,0.3333333333333333,4.866666666666666,0.3169285911221395,0.8,1.2,0.14000000000000004
Leeds vs Bournemouth,Leeds,2.0,1,356,279.0,12.0,2,0,996,27.0,9.0,0.6153846153846154,0.7837078651685393,1379024,2025-09-27,2025-09-27T14:00:00+00:00,2-2,Leeds 2 - 2 Bournemouth,Leeds,Bournemouth,2,2,0,0.15384615384615385,0.6153846153846154,0.0,2,12.0,2,0.16666666666666666,0.3333333333333333,6.666666666666666,0.5216432313206507,1.0,1.6,0.05076923076923079
Leeds vs Tottenham,Leeds,1.0,0,478,401.0,10.0,2,0,998,19.0,6.0,0.2857142857142857,0.8389121338912134,1379035,2025-10-04,2025-10-04T11:30:00+00:00,1-2,Leeds 1 - 2 Tottenham,Leeds,Tottenham,1,2,0,0.07142857142857142,0.2857142857142857,0.0,2,10.0,2,0.2,0.4,5.68,0.40942928039702237,1.2,1.6,0.13428571428571429
Burnley vs Leeds,Leeds,0.0,0,615,526.0,7.0,1,0,990,13.0,12.0,0.25,0.8552845528455284,1379040,2025-10-18,2025-10-18T14:00:00+00:00,2-0,Burnley 2 - 0 Leeds,Burnley,Leeds,2,0,0,0.0,0.25,0.0,1,7.0,1,0.14285714285714285,0.28,3.856,0.20198511166253103,1.2,1.6,0.12
Liverpool vs Bournemouth,Liverpool,4.0,3,489,401.0,7.0,1,0,995,16.0,4.0,0.5882352941176471,0.820040899795501,1378969,2025-08-15,2025-08-15T19:00:00+00:00,4-2,Liverpool 4 - 2 Bournemouth,Liverpool,Bournemouth,4,2,0,0.23529411764705882,0.5882352941176471,0.0,1,7.0,1,0.14285714285714285,0.35,3.8699999999999997,0.20357733664185276,4.0,1.0,1.7470588235294118
Newcastle vs Liverpool,Liverpool,3.0,3,446,370.0,15.0,3,0,1003,13.0,0.0,1.0,0.8295964125560538,1378987,2025-08-25,2025-08-25T19:00:00+00:00,2-3,Newcastle 2 - 3 Liverpool,Newcastle,Liverpool,2,3,0,0.75,1.0,0.0,3,15.0,3,0.2,1.1538461538461537,8.63076923076923,0.7450213145002228,3.5,2.0,1.2999999999999998
Liverpool vs Arsenal,Liverpool,1.0,0,435,368.0,7.0,2,0,999,11.0,7.0,0.6,0.8459770114942529,1378993,2025-08-31,2025-08-31T15:30:00+00:00,1-0,Liverpool 1 - 0 Arsenal,Liverpool,Arsenal,1,0,0,0.2,0.6,0.0,2,7.0,2,0.2857142857142857,0.3888888888888889,4.177777777777777,0.23858101277456112,2.6666666666666665,2.0,0.7733333333333333
Burnley vs Liverpool,Liverpool,1.0,0,697,610.0,9.0,2,0,1004,10.0,7.0,0.26666666666666666,0.8751793400286944,1379002,2025-09-14,2025-09-14T13:00:00+00:00,0-1,Burnley 0 - 1 Liverpool,Burnley,Liverpool,0,1,0,0.06666666666666667,0.26666666666666666,0.0,2,9.0,2,0.2222222222222222,0.5294117647058824,5.205882352941176,0.3555077117695713,2.25,2.0,0.5383333333333333
Liverpool vs Everton,Liverpool,2.0,2,475,404.0,11.0,2,0,990,18.0,12.0,0.5,0.8505263157894737,1379014,2025-09-20,2025-09-20T11:30:00+00:00,2-1,Liverpool 2 - 1 Everton,Liverpool,Everton,2,1,0,0.3333333333333333,0.5,0.0,2,11.0,2,0.18181818181818182,0.36666666666666664,6.173333333333333,0.4655362558588365,2.2,2.0,0.5666666666666668
Crystal Palace vs Liverpool,Liverpool,1.0,0,688,609.0,8.0,3,0,1000,7.0,10.0,0.26666666666666666,0.8851744186046512,1379022,2025-09-27,2025-09-27T14:00:00+00:00,2-1,Crystal Palace 2 - 1 Liverpool,Crystal Palace,Liverpool,2,1,0,0.06666666666666667,0.26666666666666666,0.0,3,8.0,3,0.375,0.47058823529411764,4.9941176470588236,0.3314236364520995,1.6,2.4,0.09333333333333341
Chelsea vs Liverpool,Liverpool,1.0,1,450,370.0,8.0,2,0,999,16.0,9.0,0.2857142857142857,0.8222222222222222,1379033,2025-10-04,2025-10-04T16:30:00+00:00,2-1,Chelsea 2 - 1 Liverpool,Chelsea,Liverpool,2,1,0,0.14285714285714285,0.2857142857142857,0.0,2,8.0,2,0.25,0.32,4.664,0.29387923904052937,1.2,2.2,-0.031428571428571486
Liverpool vs Manchester United,Liverpool,1.0,1,475,409.0,8.0,0,0,999,13.0,6.0,0.35294117647058826,0.8610526315789474,1379043,2025-10-19,2025-10-19T15:30:00+00:00,1-2,Liverpool 1 - 2 Manchester United,Liverpool,Manchester United,1,2,0,0.058823529411764705,0.35294117647058826,0.0,0,8.0,0,0.0,0.42105263157894735,4.08421052631579,0.22793957598711426,1.2,1.8,0.07176470588235288
Wolves vs Manchester City,Manchester City,4.0,3,563,510.0,7.0,2,0,995,18.0,7.0,0.36363636363636365,0.9058614564831261,1378975,2025-08-16,2025-08-16T16:30:00+00:00,0-4,Wolves 0 - 4 Manchester City,Wolves,Manchester City,0,4,0,0.36363636363636365,0.36363636363636365,0.0,2,7.0,2,0.2857142857142857,0.28,4.156,0.23610421836228287,4.0,2.0,1.4727272727272727
Manchester City vs Tottenham,Manchester City,0.0,0,525,456.0,7.0,1,0,995,20.0,6.0,0.5714285714285714,0.8685714285714285,1378986,2025-08-23,2025-08-23T11:30:00+00:00,0-2,Manchester City 0 - 2 Tottenham,Manchester City,Tottenham,0,2,0,0.0,0.5714285714285714,0.0,1,7.0,1,0.14285714285714285,0.2692307692307692,3.8538461538461535,0.20174015397340458,2.0,1.5,0.55
Brighton vs Manchester City,Manchester City,1.0,1,565,493.0,14.0,2,0,1008,15.0,9.0,0.2727272727272727,0.8725663716814159,1378990,2025-08-31,2025-08-31T13:00:00+00:00,2-1,Brighton 2 - 1 Manchester City,Brighton,Manchester City,2,1,0,0.09090909090909091,0.2727272727272727,0.0,2,14.0,2,0.14285714285714285,0.5833333333333334,7.716666666666666,0.6410601047697823,1.6666666666666667,1.6666666666666667,0.35151515151515156
Manchester City vs Manchester United,Manchester City,3.0,3,430,352.0,8.0,0,0,995,13.0,10.0,0.46153846153846156,0.8186046511627907,1379006,2025-09-14,2025-09-14T15:30:00+00:00,3-0,Manchester City 3 - 0 Manchester United,Manchester City,Manchester United,3,0,0,0.23076923076923078,0.46153846153846156,0.0,0,8.0,0,0.0,0.34782608695652173,4.069565217391304,0.22627395979429638,2.0,1.25,0.6711538461538462
Arsenal vs Manchester City,Manchester City,1.0,1,300,229.0,10.0,2,0,1010,13.0,5.0,0.6,0.7633333333333333,1379009,2025-09-21,2025-09-21T15:30:00+00:00,1-1,Arsenal 1 - 1 Manchester City,Arsenal,Manchester City,1,1,0,0.2,0.6,0.0,2,10.0,2,0.2,0.5555555555555556,5.71111111111111,0.41296755812884844,1.8,1.4,0.52
Manchester City vs Burnley,Manchester City,3.0,2,638,566.0,5.0,1,0,998,8.0,4.0,0.5333333333333333,0.8871473354231975,1379025,2025-09-27,2025-09-27T14:00:00+00:00,5-1,Manchester City 5 - 1 Burnley,Manchester City,Burnley,5,1,0,0.2,0.5333333333333333,0.0,1,5.0,1,0.2,0.4166666666666667,2.8833333333333333,0.09136338571822443,1.6,1.2,0.4800000000000001
Brentford vs Manchester City,Manchester City,1.0,1,764,698.0,6.0,2,0,990,14.0,6.0,0.6666666666666666,0.9136125654450262,1379032,2025-10-05,2025-10-05T15:30:00+00:00,0-1,Brentford 0 - 1 Manchester City,Brentford,Manchester City,0,1,0,0.16666666666666666,0.6666666666666666,0.0,2,6.0,2,0.3333333333333333,0.3,3.66,0.1796939619520265,1.8,1.4,0.5133333333333334
Manchester City vs Everton,Manchester City,2.0,2,749,685.0,8.0,0,0,1014,15.0,5.0,0.5833333333333334,0.9145527369826435,1379044,2025-10-18,2025-10-18T14:00:00+00:00,2-0,Manchester City 2 - 0 Everton,Manchester City,Everton,2,0,0,0.16666666666666666,0.5833333333333334,0.0,0,8.0,0,0.0,0.4,4.08,0.2274607113316791,2.0,1.0,0.7333333333333333
Manchester United vs Arsenal,Manchester United,0.0,0,475,393.0,10.0,1,0,994,22.0,4.0,0.5,0.8273684210526315,1378977,2025-08-17,2025-08-17T15:30:00+00:00,0-1,Manchester United 0 - 1 Arsenal,Manchester United,Arsenal,0,1,0,0.0,0.5,0.0,1,10.0,1,0.1,0.38461538461538464,5.3769230769230765,0.3749602341413756,0.0,1.0,-0.3
Fulham vs Manchester United,Manchester United,0.0,0,397,328.0,10.0,1,0,1005,17.0,5.0,0.3333333333333333,0.8261964735516373,1378985,2025-08-24,2025-08-24T15:30:00+00:00,1-1,Fulham 1 - 1 Manchester United,Fulham,Manchester United,1,1,0,0.0,0.3333333333333333,0.0,1,10.0,1,0.1,0.45454545454545453,5.390909090909091,0.3765508684863524,0.0,1.0,-0.3
Manchester United vs Burnley,Manchester United,2.0,1,500,410.0,9.0,1,0,1002,16.0,1.0,0.3157894736842105,0.82,1378994,2025-08-30,2025-08-30T14:00:00+00:00,3-2,Manchester United 3 - 2 Burnley,Manchester United,Burnley,3,2,0,0.10526315789473684,0.3157894736842105,0.0,1,9.0,1,0.1111111111111111,0.5294117647058824,4.905882352941176,0.3213886050698195,0.6666666666666666,1.0,0.05438596491228069
Manchester City vs Manchester United,Manchester United,0.0,0,501,420.0,8.0,0,0,990,23.0,13.0,0.2,0.8383233532934131,1379006,2025-09-14,2025-09-14T15:30:00+00:00,3-0,Manchester City 3 - 0 Manchester United,Manchester City,Manchester United,3,0,0,0.0,0.2,0.0,0,8.0,0,0.0,0.2222222222222222,4.044444444444444,0.22341696535244923,0.5,0.75,0.025000000000000022
Manchester United vs Chelsea,Manchester United,2.0,2,371,292.0,13.0,2,1,958,21.0,10.0,0.5714285714285714,0.7870619946091644,1379015,2025-09-20,2025-09-20T16:30:00+00:00,2-1,Manchester United 2 - 1 Chelsea,Manchester United,Chelsea,2,1,0,0.2857142857142857,0.5714285714285714,0.0,3,13.0,3,0.23076923076923078,0.41935483870967744,7.483870967741936,0.614584167133595,0.8,1.2,0.09714285714285717
Brentford vs Manchester United,Manchester United,1.0,0,455,369.0,10.0,2,0,999,16.0,4.0,0.6,0.810989010989011,1379020,2025-09-27,2025-09-27T11:30:00+00:00,3-1,Brentford 3 - 1 Manchester United,Brentford,Manchester United,3,1,0,0.1,0.6,0.0,2,10.0,2,0.2,0.5,5.699999999999999,0.4117038875103391,1.0,1.4,0.10000000000000002
Manchester United vs Sunderland,Manchester United,2.0,1,445,350.0,10.0,1,0,1002,16.0,10.0,0.46153846153846156,0.7865168539325843,1379036,2025-10-04,2025-10-04T14:00:00+00:00,2-0,Manchester United 2 - 0 Sunderland,Manchester United,Sunderland,2,0,0,0.15384615384615385,0.46153846153846156,0.0,1,10.0,1,0.1,0.38461538461538464,5.3769230769230765,0.3749602341413756,1.4,1.4,0.31076923076923074
Liverpool vs Manchester United,Manchester United,2.0,2,292,200.0,14.0,2,0,1008,12.0,5.0,0.4444444444444444,0.684931506849315,1379043,2025-10-19,2025-10-19T15:30:00+00:00,1-2,Liverpool 1 - 2 Manchester United,Liverpool,Manchester United,1,2,0,0.2222222222222222,0.4444444444444444,0.0,2,14.0,2,0.14285714285714285,0.8235294117647058,7.764705882352941,0.6465236218556902,1.4,1.6,0.2644444444444444
Aston Villa vs Newcastle,Newcastle,0.0,0,450,375.0,11.0,1,0,992,10.0,12.0,0.3333333333333333,0.8333333333333334,1378970,2025-08-16,2025-08-16T11:30:00+00:00,0-0,Aston Villa 0 - 0 Newcastle,Aston Villa,Newcastle,0,0,0,0.0,0.3333333333333333,0.0,1,11.0,1,0.09090909090909091,0.5,5.8999999999999995,0.43444995864350705,0.0,1.0,-0.3
Newcastle vs Liverpool,Newcastle,2.0,1,248,170.0,17.0,2,1,948,12.0,8.0,0.42857142857142855,0.6854838709677419,1378987,2025-08-25,2025-08-25T19:00:00+00:00,2-3,Newcastle 2 - 3 Liverpool,Newcastle,Liverpool,2,3,0,0.2857142857142857,0.42857142857142855,0.0,3,17.0,3,0.17647058823529413,0.85,9.57,0.8518403639371384,1.0,2.0,-0.04285714285714284
Leeds vs Newcastle,Newcastle,0.0,0,547,463.0,15.0,1,0,990,10.0,8.0,0.4,0.8464351005484461,1378992,2025-08-30,2025-08-30T16:30:00+00:00,0-0,Leeds 0 - 0 Newcastle,Leeds,Newcastle,0,0,0,0.0,0.4,0.0,1,15.0,1,0.06666666666666667,0.8333333333333334,7.966666666666667,0.6694926936862422,0.6666666666666666,1.6666666666666667,-0.16666666666666669
Newcastle vs Wolves,Newcastle,1.0,1,449,361.0,10.0,1,0,989,10.0,6.0,0.36363636363636365,0.8040089086859689,1379007,2025-09-13,2025-09-13T14:00:00+00:00,1-0,Newcastle 1 - 0 Wolves,Newcastle,Wolves,1,0,0,0.09090909090909091,0.36363636363636365,0.0,1,10.0,1,0.1,0.625,5.425,0.38042803970223327,0.75,1.5,-0.05681818181818177
Bournemouth vs Newcastle,Newcastle,0.0,0,390,298.0,10.0,1,0,1002,19.0,8.0,0.3333333333333333,0.764102564102564,1379010,2025-09-21,2025-09-21T13:00:00+00:00,0-0,Bournemouth 0 - 0 Newcastle,Bournemouth,Newcastle,0,0,0,0.0,0.3333333333333333,0.0,1,10.0,1,0.1,0.37037037037037035,5.374074074074074,0.37463621603406555,0.6,1.4,-0.12
Newcastle vs Arsenal,Newcastle,1.0,1,279,194.0,8.0,2,0,989,12.0,8.0,0.75,0.6953405017921147,1379026,2025-09-28,2025-09-28T15:30:00+00:00,1-2,Newcastle 1 - 2 Arsenal,Newcastle,Arsenal,1,2,0,0.25,0.75,0.0,2,8.0,2,0.25,0.4,4.68,0.2956989247311828,0.8,1.6,-0.029999999999999957
Newcastle vs Nottingham Forest,Newcastle,2.0,1,455,379.0,16.0,0,0,988,14.0,8.0,0.6923076923076923,0.832967032967033,1379037,2025-10-05,2025-10-05T13:00:00+00:00,2-0,Newcastle 2 - 0 Nottingham Forest,Newcastle,Nottingham Forest,2,0,0,0.15384615384615385,0.6923076923076923,0.0,0,16.0,0,0.0,0.7272727272727273,8.145454545454545,0.6898263027295286,0.8,1.0,0.1307692307692308
Brighton vs Newcastle,Newcastle,1.0,1,491,419.0,9.0,1,0,998,17.0,7.0,0.2727272727272727,0.8533604887983707,1379039,2025-10-18,2025-10-18T14:00:00+00:00,2-1,Brighton 2 - 1 Newcastle,Brighton,Newcastle,2,1,0,0.09090909090909091,0.2727272727272727,0.0,1,9.0,1,0.1111111111111111,0.375,4.875,0.31787634408602156,1.0,1.0,0.2181818181818182
Nottingham Forest vs Brentford,Nottingham Forest,3.0,2,404,334.0,7.0,1,0,998,12.0,9.0,0.5555555555555556,0.8267326732673267,1378972,2025-08-17,2025-08-17T13:00:00+00:00,3-1,Nottingham Forest 3 - 1 Brentford,Nottingham Forest,Brentford,3,1,0,0.3333333333333333,0.5555555555555556,0.0,1,7.0,1,0.14285714285714285,0.3333333333333333,3.8666666666666667,0.2031982354563,3.0,1.0,1.2666666666666666
Crystal Palace vs Nottingham Forest,Nottingham Forest,1.0,1,514,442.0,11.0,3,0,1005,12.0,10.0,0.125,0.8599221789883269,1378983,2025-08-24,2025-08-24T13:00:00+00:00,1-1,Crystal Palace 1 - 1 Nottingham Forest,Crystal Palace,Nottingham Forest,1,1,0,0.125,0.125,0.0,3,11.0,3,0.2727272727272727,0.5,6.5,0.5026881720430109,2.0,2.0,0.42500000000000004
Nottingham Forest vs West Ham,Nottingham Forest,0.0,0,541,470.0,14.0,0,0,1010,19.0,6.0,0.5,0.8687615526802218,1378995,2025-08-31,2025-08-31T13:00:00+00:00,0-3,Nottingham Forest 0 - 3 West Ham,Nottingham Forest,West Ham,0,3,0,0.0,0.5,0.0,0,14.0,0,0.0,0.56,7.112,0.5722911497105047,1.3333333333333333,1.3333333333333333,0.26666666666666666
Arsenal vs Nottingham Forest,Nottingham Forest,0.0,0,409,350.0,11.0,1,0,990,12.0,11.0,0.5,0.8557457212713936,1378999,2025-09-13,2025-09-13T11:30:00+00:00,3-0,Arsenal 3 - 0 Nottingham Forest,Arsenal,Nottingham Forest,3,0,0,0.0,0.5,0.0,1,11.0,1,0.09090909090909091,0.4782608695652174,5.895652173913043,0.4339554788362643,1.0,1.25,0.125
Burnley vs Nottingham Forest,Nottingham Forest,1.0,0,628,564.0,11.0,1,0,990,11.0,7.0,0.8,0.8980891719745223,1379012,2025-09-20,2025-09-20T14:00:00+00:00,1-1,Burnley 1 - 1 Nottingham Forest,Burnley,Nottingham Forest,1,1,0,0.1,0.8,0.0,1,11.0,1,0.09090909090909091,0.6111111111111112,5.9222222222222225,0.4369772998805258,1.0,1.2,0.16000000000000003
Nottingham Forest vs Sunderland,Nottingham Forest,0.0,0,565,509.0,11.0,4,0,989,16.0,1.0,0.375,0.9008849557522124,1379027,2025-09-27,2025-09-27T16:30:00+00:00,0-1,Nottingham Forest 0 - 1 Sunderland,Nottingham Forest,Sunderland,0,1,0,0.0,0.375,0.0,4,11.0,4,0.36363636363636365,0.6470588235294118,6.829411764705883,0.5401522892035228,0.4,1.8,-0.34
Newcastle vs Nottingham Forest,Nottingham Forest,0.0,0,432,353.0,15.0,4,0,990,12.0,10.0,0.8,0.8171296296296297,1379037,2025-10-05,2025-10-05T13:00:00+00:00,2-0,Newcastle 2 - 0 Nottingham Forest,Newcastle,Nottingham Forest,2,0,0,0.0,0.8,0.0,4,15.0,4,0.26666666666666666,0.6818181818181818,8.836363636363636,0.7684036393713813,0.2,2.0,-0.5
Nottingham Forest vs Chelsea,Nottingham Forest,0.0,0,445,367.0,13.0,2,0,990,19.0,9.0,0.2,0.8247191011235955,1379045,2025-10-18,2025-10-18T11:30:00+00:00,0-3,Nottingham Forest 0 - 3 Chelsea,Nottingham Forest,Chelsea,0,3,0,0.0,0.2,0.0,2,13.0,2,0.15384615384615385,0.4642857142857143,7.192857142857142,0.581487061325771,0.2,2.4,-0.62
Sunderland vs West Ham,Sunderland,3.0,2,323,250.0,8.0,0,0,992,14.0,9.0,0.5555555555555556,0.7739938080495357,1378973,2025-08-16,2025-08-16T14:00:00+00:00,3-0,Sunderland 3 - 0 West Ham,Sunderland,West Ham,3,0,0,0.3333333333333333,0.5555555555555556,0.0,0,8.0,0,0.0,0.34782608695652173,4.069565217391304,0.22627395979429638,3.0,0.0,1.5666666666666667
Burnley vs Sunderland,Sunderland,0.0,0,616,530.0,5.0,1,0,995,18.0,7.0,0.25,0.8603896103896104,1378982,2025-08-23,2025-08-23T14:00:00+00:00,2-0,Burnley 2 - 0 Sunderland,Burnley,Sunderland,2,0,0,0.0,0.25,0.0,1,5.0,1,0.2,0.2,2.84,0.08643507030603804,1.5,0.5,0.6
Sunderland vs Brentford,Sunderland,2.0,1,419,340.0,11.0,3,0,1000,28.0,7.0,0.3333333333333333,0.8114558472553699,1378996,2025-08-30,2025-08-30T14:00:00+00:00,2-1,Sunderland 2 - 1 Brentford,Sunderland,Brentford,2,1,0,0.2222222222222222,0.3333333333333333,0.0,3,11.0,3,0.2727272727272727,0.3142857142857143,6.4628571428571435,0.4984639016897083,1.6666666666666667,1.3333333333333333,0.47777777777777786
Crystal Palace vs Sunderland,Sunderland,0.0,0,386,310.0,8.0,1,0,994,13.0,10.0,0.0,0.8031088082901554,1379003,2025-09-13,2025-09-13T14:00:00+00:00,0-0,Crystal Palace 0 - 0 Sunderland,Crystal Palace,Sunderland,0,0,0,0.0,0.0,0.0,1,8.0,1,0.125,0.34782608695652173,4.369565217391304,0.26039306649404825,1.25,1.25,0.25
Sunderland vs Aston Villa,Sunderland,1.0,1,218,151.0,14.0,2,1,932,20.0,7.0,0.4,0.6926605504587156,1379016,2025-09-21,2025-09-21T13:00:00+00:00,1-1,Sunderland 1 - 1 Aston Villa,Sunderland,Aston Villa,1,1,0,0.1,0.4,0.0,3,14.0,3,0.21428571428571427,0.5185185185185185,8.003703703703705,0.6737049290812734,1.2,1.6,0.14
Nottingham Forest vs Sunderland,Sunderland,1.0,1,306,246.0,6.0,2,0,1004,10.0,6.0,0.375,0.803921568627451,1379027,2025-09-27,2025-09-27T16:30:00+00:00,0-1,Nottingham Forest 0 - 1 Sunderland,Nottingham Forest,Sunderland,0,1,0,0.125,0.375,0.0,2,6.0,2,0.3333333333333333,0.375,3.6750000000000003,0.18139991728701413,0.8,2.0,-0.17499999999999996
Manchester United vs Sunderland,Sunderland,0.0,0,416,332.0,12.0,4,0,990,21.0,9.0,0.42857142857142855,0.7980769230769231,1379036,2025-10-04,2025-10-04T14:00:00+00:00,2-0,Manchester United 2 - 0 Sunderland,Manchester United,Sunderland,2,0,0,0.0,0.42857142857142855,0.0,4,12.0,4,0.3333333333333333,0.4,7.28,0.5913978494623657,0.8,2.6,-0.38
Sunderland vs Wolves,Sunderland,1.0,1,341,248.0,5.0,0,0,989,14.0,7.0,0.4,0.7272727272727273,1379046,2025-10-18,2025-10-18T14:00:00+00:00,2-0,Sunderland 2 - 0 Wolves,Sunderland,Wolves,2,0,0,0.2,0.4,0.0,0,5.0,0,0.0,0.23809523809523808,2.5476190476190474,0.053182480601835426,0.6,2.0,-0.26
Tottenham vs Burnley,Tottenham,3.0,3,511,451.0,14.0,0,0,997,12.0,1.0,0.4,0.8825831702544031,1378974,2025-08-16,2025-08-16T14:00:00+00:00,3-0,Tottenham 3 - 0 Burnley,Tottenham,Burnley,3,0,0,0.2,0.4,0.0,0,14.0,0,0.0,1.0769230769230769,7.2153846153846155,0.584049118788573,3.0,0.0,1.54
Manchester City vs Tottenham,Tottenham,2.0,1,329,257.0,12.0,4,0,996,24.0,7.0,0.5,0.7811550151975684,1378986,2025-08-23,2025-08-23T11:30:00+00:00,0-2,Manchester City 0 - 2 Tottenham,Manchester City,Tottenham,0,2,0,0.2,0.5,0.0,4,12.0,4,0.3333333333333333,0.3870967741935484,7.27741935483871,0.5911043517703248,2.5,2.0,0.6900000000000001
Tottenham vs Bournemouth,Tottenham,0.0,0,477,394.0,17.0,2,0,990,16.0,4.0,0.25,0.8259958071278826,1378997,2025-08-30,2025-08-30T14:00:00+00:00,0-1,Tottenham 0 - 1 Bournemouth,Tottenham,Bournemouth,0,1,0,0.0,0.25,0.0,2,17.0,2,0.11764705882352941,0.85,9.27,0.8177212572373863,1.6666666666666667,2.0,0.2333333333333334
West Ham vs Tottenham,Tottenham,3.0,3,534,465.0,7.0,1,0,990,16.0,3.0,0.5555555555555556,0.8707865168539326,1379008,2025-09-13,2025-09-13T16:30:00+00:00,0-3,West Ham 0 - 3 Tottenham,West Ham,Tottenham,0,3,0,0.3333333333333333,0.5555555555555556,0.0,1,7.0,1,0.14285714285714285,0.3684210526315789,3.8736842105263154,0.20399634321535848,2.0,1.75,0.5416666666666666
Brighton vs Tottenham,Tottenham,1.0,1,519,460.0,13.0,2,0,988,25.0,9.0,0.3333333333333333,0.8863198458574181,1379011,2025-09-20,2025-09-20T14:00:00+00:00,2-2,Brighton 2 - 2 Tottenham,Brighton,Tottenham,2,2,0,0.1111111111111111,0.3333333333333333,0.0,2,13.0,2,0.15384615384615385,0.38235294117647056,7.1764705882352935,0.5796234126404904,1.8,1.8,0.3822222222222222
Tottenham vs Wolves,Tottenham,1.0,1,398,325.0,9.0,3,0,997,17.0,10.0,0.375,0.8165829145728644,1379028,2025-09-27,2025-09-27T19:00:00+00:00,1-1,Tottenham 1 - 1 Wolves,Tottenham,Wolves,1,1,0,0.125,0.375,0.0,3,9.0,3,0.3333333333333333,0.3333333333333333,5.466666666666667,0.3851668045216433,1.4,2.4,0.004999999999999984
Leeds vs Tottenham,Tottenham,2.0,1,374,298.0,12.0,3,0,1005,15.0,6.0,0.42857142857142855,0.7967914438502673,1379035,2025-10-04,2025-10-04T11:30:00+00:00,1-2,Leeds 1 - 2 Tottenham,Leeds,Tottenham,1,2,0,0.2857142857142857,0.42857142857142855,0.0,3,12.0,3,0.25,0.5714285714285714,7.014285714285714,0.5611780692425855,1.4,2.2,0.09714285714285706
Tottenham vs Aston Villa,Tottenham,1.0,1,383,336.0,11.0,2,0,1006,25.0,6.0,0.42857142857142855,0.8772845953002611,1379047,2025-10-19,2025-10-19T13:00:00+00:00,1-2,Tottenham 1 - 2 Aston Villa,Tottenham,Aston Villa,1,2,0,0.14285714285714285,0.42857142857142855,0.0,2,11.0,2,0.18181818181818182,0.3548387096774194,6.170967741935484,0.4652672163077991,1.6,2.2,0.1685714285714286
Sunderland vs West Ham,West Ham,0.0,0,550,468.0,10.0,1,0,993,12.0,4.0,0.6666666666666666,0.850909090909091,1378973,2025-08-16,2025-08-16T14:00:00+00:00,3-0,Sunderland 3 - 0 West Ham,Sunderland,West Ham,3,0,0,0.0,0.6666666666666666,0.0,1,10.0,1,0.1,0.625,5.425,0.38042803970223327,0.0,1.0,-0.3
West Ham vs Chelsea,West Ham,1.0,1,392,339.0,7.0,0,0,991,11.0,7.0,0.4444444444444444,0.8647959183673469,1378988,2025-08-22,2025-08-22T19:00:00+00:00,1-5,West Ham 1 - 5 Chelsea,West Ham,Chelsea,1,5,0,0.1111111111111111,0.4444444444444444,0.0,0,7.0,0,0.0,0.3888888888888889,3.577777777777778,0.17034279937505747,0.5,0.5,0.12222222222222223
Nottingham Forest vs West Ham,West Ham,3.0,2,385,316.0,6.0,0,0,990,16.0,6.0,0.6666666666666666,0.8207792207792208,1378995,2025-08-31,2025-08-31T13:00:00+00:00,0-3,Nottingham Forest 0 - 3 West Ham,Nottingham Forest,West Ham,0,3,0,0.25,0.6666666666666666,0.0,0,6.0,0,0.0,0.2727272727272727,3.0545454545454547,0.11083540115798184,1.3333333333333333,0.3333333333333333,0.6166666666666667
West Ham vs Tottenham,West Ham,0.0,0,310,239.0,8.0,0,1,953,13.0,5.0,0.5714285714285714,0.7709677419354839,1379008,2025-09-13,2025-09-13T16:30:00+00:00,0-3,West Ham 0 - 3 Tottenham,West Ham,Tottenham,0,3,0,0.0,0.5714285714285714,0.0,1,8.0,1,0.125,0.4444444444444444,4.388888888888888,0.26259075452623837,1.0,0.5,0.35
West Ham vs Crystal Palace,West Ham,1.0,1,450,375.0,15.0,3,0,990,9.0,7.0,0.42857142857142855,0.8333333333333334,1379017,2025-09-20,2025-09-20T14:00:00+00:00,1-2,West Ham 1 - 2 Crystal Palace,West Ham,Crystal Palace,1,2,0,0.14285714285714285,0.42857142857142855,0.0,3,15.0,3,0.2,0.9375,8.5875,0.7401002894954509,1.0,1.0,0.2285714285714286
Everton vs West Ham,West Ham,1.0,0,415,332.0,16.0,4,0,988,16.0,6.0,0.375,0.8,1379023,2025-09-29,2025-09-29T19:00:00+00:00,1-1,Everton 1 - 1 West Ham,Everton,West Ham,1,1,0,0.125,0.375,0.0,4,16.0,4,0.25,0.7272727272727273,9.345454545454544,0.8263027295285359,1.2,1.6,0.145
Arsenal vs West Ham,West Ham,0.0,0,268,210.0,14.0,2,0,990,17.0,12.0,0.0,0.7835820895522388,1379029,2025-10-04,2025-10-04T14:00:00+00:00,2-0,Arsenal 2 - 0 West Ham,Arsenal,West Ham,2,0,0,0.0,0.0,0.0,2,14.0,2,0.14285714285714285,0.4827586206896552,7.69655172413793,0.6387724252017912,1.0,2.0,-0.09999999999999998
Wolves vs Manchester City,Wolves,0.0,0,394,326.0,13.0,1,0,995,25.0,6.0,0.5,0.8274111675126904,1378975,2025-08-16,2025-08-16T16:30:00+00:00,0-4,Wolves 0 - 4 Manchester City,Wolves,Manchester City,0,4,0,0.0,0.5,0.0,1,13.0,1,0.07692307692307693,0.41935483870967744,6.883870967741935,0.5463459537340911,0.0,1.0,-0.3
Bournemouth vs Wolves,Wolves,0.0,0,307,225.0,16.0,4,1,952,21.0,9.0,0.25,0.7328990228013029,1378980,2025-08-23,2025-08-23T14:00:00+00:00,1-0,Bournemouth 1 - 0 Wolves,Bournemouth,Wolves,1,0,0,0.0,0.25,0.0,5,16.0,5,0.3125,0.5333333333333333,9.606666666666667,0.8560104769782191,0.0,3.0,-0.8999999999999999
Wolves vs Everton,Wolves,2.0,2,524,421.0,15.0,0,0,990,23.0,10.0,0.5714285714285714,0.8034351145038168,1378998,2025-08-30,2025-08-30T14:00:00+00:00,2-3,Wolves 2 - 3 Everton,Wolves,Everton,2,3,0,0.2857142857142857,0.5714285714285714,0.0,0,15.0,0,0.0,0.45454545454545453,7.590909090909091,0.6267576509511994,0.6666666666666666,2.0,-0.20952380952380953
Newcastle vs Wolves,Wolves,0.0,0,343,259.0,17.0,4,0,990,16.0,14.0,0.5,0.7551020408163265,1379007,2025-09-13,2025-09-13T14:00:00+00:00,1-0,Newcastle 1 - 0 Wolves,Newcastle,Wolves,1,0,0,0.0,0.5,0.0,4,17.0,4,0.23529411764705882,0.5666666666666667,9.813333333333333,0.8795147504824925,0.5,2.5,-0.5
Wolves vs Leeds,Wolves,1.0,1,507,425.0,11.0,1,0,990,28.0,3.0,0.5,0.8382642998027613,1379018,2025-09-20,2025-09-20T14:00:00+00:00,1-3,Wolves 1 - 3 Leeds,Wolves,Leeds,1,3,0,0.08333333333333333,0.5,0.0,1,11.0,1,0.09090909090909091,0.3548387096774194,5.870967741935484,0.4311481096080473,0.6,2.2,-0.3433333333333334
Tottenham vs Wolves,Wolves,1.0,0,394,321.0,11.0,2,0,996,31.0,10.0,0.375,0.8147208121827412,1379028,2025-09-27,2025-09-27T19:00:00+00:00,1-1,Tottenham 1 - 1 Wolves,Tottenham,Wolves,1,1,0,0.125,0.375,0.0,2,11.0,2,0.18181818181818182,0.2682926829268293,6.1536585365853655,0.4632986342270371,0.8,2.4,-0.29499999999999993
Wolves vs Brighton,Wolves,0.0,0,352,269.0,13.0,2,0,988,26.0,9.0,0.5,0.7642045454545454,1379038,2025-10-05,2025-10-05T13:00:00+00:00,1-1,Wolves 1 - 1 Brighton,Wolves,Brighton,1,1,0,0.0,0.5,0.0,2,13.0,2,0.15384615384615385,0.37142857142857144,7.174285714285714,0.5793749261491198,0.8,1.8,-0.14
Sunderland vs Wolves,Wolves,0.0,0,466,393.0,12.0,0,0,990,15.0,8.0,0.2727272727272727,0.8433476394849786,1379046,2025-10-18,2025-10-18T14:00:00+00:00,2-0,Sunderland 2 - 0 Wolves,Sunderland,Wolves,2,0,0,0.0,0.2727272727272727,0.0,0,12.0,0,0.0,0.5217391304347826,6.104347826086957,0.4576905095839178,0.4,1.8,-0.34
